value	films	example_films	example_detail	extra
dog	58	The Invisible Man (1933); The Uninvited (1944); The Haunting (1963)	radio report: a police dog killed by Sadie during the escape	clue, omen, symbol, threat, trigger, turn
mirror	42	The Student of Prague (1913); The Phantom of the Opera (1925); Dracula (1931)	the father took his wife's mirror into the washing machine; the town's mirrors l	clue, mirror, omen, setting, symbol, threat, trigger, turn, weapon
fire	38	The Golem (1920); Island of Lost Souls (1932); The Old Dark House (1932)	how the painter supposedly died; his body was never found	setting, symbol, threat, trigger, turn, weapon
blood	35	Nosferatu (1922); Black Sunday (1960); Valerie and Her Week of Wonders (1970)		clue, omen, symbol, threat, trigger, turn
axe	28	Witchfinder General (1968); A Bay of Blood (1971); The Amityville Horror (1979)		weapon
cat	25	The Uninvited (1944); Night of the Demon (1957); The Fly (1958)	a snarling cat in the hotel, and the sisters' wild cats John is called to see	clue, omen, symbol, threat
knife	24	The Cabinet of Dr. Caligari (1920); The Hands of Orlac (1924); White Zombie (1932)		omen, threat, weapon
coffin	17	Nosferatu (1922); Dracula (1931); Dracula (Horror of Dracula) (1958)		clue, setting, threat, trigger, turn
rats	15	Nosferatu (1922); The Housemaid (1960); The Other (1972)	lost in the canals at night, just before a body is pulled from the water	mirror, omen, symbol, threat
camera	14	Peeping Tom (1960); Cannibal Holocaust (1980); Thesis (1996)		clue, mirror, symbol, turn, weapon
gun	14	Dr. Jekyll and Mr. Hyde (1931); Matango (1963); Who Can Kill a Child? (1976)		turn, weapon
severed head	14	Ugetsu (1953); Kuroneko (1968); Jaws (1975)		clue, omen, symbol, threat, turn, weapon
bathtub	13	Les Diaboliques (1955); At Midnight I'll Take Your Soul (1964); Repulsion (1965)		mirror, omen, setting, threat, turn
doll	13	Kill, Baby, Kill (1966); Don't Look Now (1973); Child's Play (1988)	a doll the girls say Mama made	clue, mirror, omen, symbol, threat, trigger
well	13	The Other (1972); House (Hausu) (1977); The Amityville Horror (1979)	the boy's body lies in a well under a later house	clue, omen, setting, threat
grave	12	Ugetsu (1953); Night of the Living Dead (1968); Let's Scare Jessica to Death (1971)		clue, omen, setting, symbol, turn
lake	12	Dead of Night (1945); Blood on Satan's Claw (1971); The Last House on the Left (1972)	where the cheated golfer drowns himself	clue, setting
corpse	11	The Picture of Dorian Gray (1945); Black Sabbath (1963); Suspiria (1977)		clue, omen, threat
door	11	Nosferatu (1922); Night of the Eagle (1962); The Haunting (1963)		omen, setting, symbol, threat, turn
mask	11	The Phantom of the Opera (1925); Eyes Without a Face (1960); Onibaba (1964)		mirror, symbol, threat, trigger, turn
shotgun	11	A Bay of Blood (1971); The Fly (1986); The Day of the Beast (1995)		clue, turn, weapon
water	11	Mahal (1949); Let's Scare Jessica to Death (1971); Don't Look Now (1973)		clue, omen, setting, symbol, threat, trigger, turn, weapon
basement	10	Invasion of the Body Snatchers (1956); It's Alive (1974); Braindead (1992)		setting
deer	10	Picnic at Hanging Rock (1975); Slither (2006); Antichrist (2009)	Irma compares Sara to a fragile pet deer	mirror, omen, symbol
hair	10	The Golem (1920); Veerana (1988); Society (1989)	Clarissa's mother, who eats hair, is used as a weapon	clue, omen, symbol, threat, trigger
noose	10	The Phantom of the Opera (1925); The Seventh Victim (1943); The Cremator (1969)		clue, omen, threat, trigger, weapon
photograph	10	Mahal (1949); Lisa and the Devil (1973); The Wicker Man (1973)		clue, omen, symbol, turn, weapon
train	10	The Invisible Man (1933); Night of the Demon (1957); Jigoku (1960)	the newlyweds' night train	setting, threat, turn, weapon
chainsaw	9	The Last House on the Left (1972); The Texas Chain Saw Massacre (1974); The Evil Dead (1981)		weapon
diary	9	Dracula (Horror of Dracula) (1958); Blood and Black Lace (1964); Hour of the Wolf (1968)		clue, trigger
dogs	9	Eyes Without a Face (1960); Village of the Damned (1960); Night of the Living Dead (1968)	police dogs run down Santini in the Alps	mirror, omen, setting, threat, turn, weapon
sunlight	9	Nosferatu (1922); Daughters of Darkness (1971); From Dusk till Dawn (1996)		symbol, turn, weapon
cliff	8	White Zombie (1932); The Uninvited (1944); Don't Torture a Duckling (1972)		setting, threat
fog	8	Dr. Jekyll and Mr. Hyde (1931); King Kong (1933); The Fog (1980)	the fog that cuts the house off and will not let anyone get far	omen, setting, symbol, threat
hammer	8	Hellraiser (1987); Child's Play (1988); Paperhouse (1988)	Julia kills the men she lures with a hammer	weapon
music box	8	The Innocents (1961); Night of the Living Dead (1968); Lisa and the Devil (1973)	plays the willow song; found hidden in the attic	clue, omen, symbol, weapon
rain	8	Matango (1963); Onibaba (1964); The Return of the Living Dead (1985)	the first death message begins "it's started raining"	omen, setting, symbol, threat
swimming pool	8	Cat People (1942); Les Diaboliques (1955); The Last House on the Left (1972)		setting, threat, turn
window	8	The Cabinet of Dr. Caligari (1920); Blood and Black Lace (1964); The Other (1972)		omen, symbol, threat, trigger, turn
attic	7	Blood on Satan's Claw (1971); Black Christmas (1974); Hellraiser (1987)		setting, trigger
car	7	Jigoku (1960); Carnival of Souls (1962); The Entity (1982)		clue, omen, setting, threat, trigger
cross	7	Dracula (Horror of Dracula) (1958); Ganja & Hess (1973); Alucarda (1977)		clue, omen, threat, weapon
crucifix	7	Bride of Frankenstein (1935); Black Sunday (1960); The Exorcist (1973)	the figure in the prayer closet	symbol, weapon
flies	7	Repulsion (1965); The Amityville Horror (1979); Evil Dead (2013)	flies open the film, fill the cellar and buzz again in the closing sting	omen, symbol
key	7	Cat People (1942); The Picture of Dorian Gray (1945); Prince of Darkness (1987)		clue, symbol, trigger, turn, weapon
lullaby	7	Valerie and Her Week of Wonders (1970); Jacob's Ladder (1990); Goodnight Mommy (2014)	sung at the start, middle and close of the film	omen, symbol
phone	7	Dead of Night (1945); Funny Games (1997); The Host (2006)		clue, omen, threat, turn
piano	7	The Hands of Orlac (1924); The Housemaid (1960); House (Hausu) (1977)		clue, omen, setting, symbol, threat
scissors	7	Eraserhead (1977); Carved (2007); Inside (2007)		weapon
storm	7	Freaks (1932); The Old Dark House (1932); Black Sunday (1960)		omen, setting, trigger
television	7	Videodrome (1983); Fright Night (1985); Thesis (1996)		omen, setting, symbol, threat
videotape	7	Videodrome (1983); Thesis (1996); Cure (1997)		clue, threat
amulet	6	The Golem (1920); Kill, Baby, Kill (1966); Alucarda (1977)		omen, symbol, weapon
bat	6	Dracula (1931); Black Sunday (1960); Cujo (1983)		omen, threat, trigger
chains	6	King Kong (1933); Oculus (2013); The Eyes of My Mother (2016)		clue, setting, symbol
church	6	The Devil Rides Out (1968); The House with Laughing Windows (1976); Pumpkinhead (1988)		setting, symbol
closet	6	The Old Dark House (1932); Hour of the Wolf (1968); Poltergeist (1982)		setting, symbol, threat
crow	6	Antichrist (2009); It Comes at Night (2017); Pyewacket (2017)	caws right after the summoning and again when Leah returns to the ritual site	omen
dagger	6	Ganja & Hess (1973); Mystics in Bali (1981); The Evil Dead (1981)		trigger, weapon
drill	6	City of the Living Dead (1980); My Bloody Valentine (1981); Tetsuo: The Iron Man (1989)		weapon
fly	6	Psycho (1960); Black Sabbath (1963); Possession (1981)	Norman, as Mother, lets a fly crawl on his hand to prove 'she wouldn't even harm	clue, omen, symbol, trigger
goat	6	The Devil Rides Out (1968); The Day of the Beast (1995); Drag Me to Hell (2009)		omen, threat, weapon
locked door	6	Burnt Offerings (1976); Ghostwatch (1992); Bhool Bhulaiyaa (2007)		clue, omen, threat, trigger
maggots	6	Suspiria (1977); City of the Living Dead (1980); Phenomena (1985)		clue, omen
phone call	6	Prom Night (1980); Wes Craven's New Nightmare (1994); Ringu (1998)		omen
photographs	6	The Omen (1976); Ju-on: The Grudge (2002); Trick 'r Treat (2007)		clue, omen
portrait	6	Nosferatu (1922); The Picture of Dorian Gray (1945); Dracula (Horror of Dracula) (1958)		clue, threat, trigger
rope	6	Poltergeist (1982); The Innkeepers (2011); A Field in England (2013)		omen, symbol, threat, trigger, weapon
snake	6	Friday the 13th (1980); The Craft (1996); Feng Shui (2004)	king snake	omen, threat, weapon
spider	6	At Midnight I'll Take Your Soul (1964); Sleepy Hollow (1999); Paranormal Activity (2007)	a spider sits on the chalked evil eye under Ichabod's bed	clue, omen, symbol, weapon
stake	6	Häxan (1922); Martin (1977); Nosferatu the Vampyre (1979)		clue, symbol, weapon
telephone	6	Invasion of the Body Snatchers (1956); Eyes Without a Face (1960); Black Sabbath (1963)		clue, omen, threat
tree	6	Bees Saal Baad (1962); The Haunting (1963); Poltergeist (1982)		clue, omen, setting, threat
wedding ring	6	Razorback (1984); The Sixth Sense (1999); The Ritual (2017)	the robbers demand Robert's ring	clue, omen, symbol
arrow	5	I Walked with a Zombie (1943); Friday the 13th (1980); Sleepaway Camp (1983)		clue, weapon
barn	5	The Invisible Man (1933); The Eyes of My Mother (2016); The Untamed (2016)		setting
black cat	5	The Black Cat (1934); At Midnight I'll Take Your Soul (1964); Kuroneko (1968)		omen, threat
book	5	The Ninth Gate (1999); Pan's Labyrinth (2006); Evil Dead (2013)		clue, symbol, threat, trigger
bruises	5	The Brood (1979); A Tale of Two Sisters (2003); Lake Mungo (2008)		clue, omen
candle	5	28 Days Later (2002); Thelma (2017); Host (2020)		omen, setting, symbol, trigger
cave	5	The Hills Have Eyes (1977); Ravenous (1999); Dabbe (2006)	the Seven Sleepers Cave	setting, trigger
chair	5	The Wolf Man (1941); Hostel (2005); The Conjuring (2013)		omen, setting, symbol
clock	5	Dead of Night (1945); Mahal (1949); The Evil Dead (1981)		omen, trigger
eyes	5	Rosemary's Baby (1968); The Stepford Wives (1975); Jeepers Creepers (2001)		symbol, trigger, turn, weapon
full moon	5	An American Werewolf in London (1981); Dog Soldiers (2002); Trick 'r Treat (2007)		omen, threat, trigger, turn
helicopter	5	Dawn of the Dead (1978); Day of the Dead (1985); Demons (1985)		clue, setting, symbol, turn
horses	5	Witchfinder General (1968); 28 Days Later (2002); The Ring (2002)	seen on the drive north; the survivors read them as a family	omen, setting, symbol, turn
lighthouse	5	The Fog (1980); Paperhouse (1988); The Ring (2002)	identified on the tape, leading to Moesko Island	clue, setting, symbol
lightning	5	Frankenstein (1931); Bride of Frankenstein (1935); Child's Play (1988)		omen, trigger, turn, weapon
old photograph	5	Ghost Story (1981); Carved (2007); Coraline (2009)		clue, mirror
pentagram	5	The Wolf Man (1941); The Devil Rides Out (1968); Sleepy Hollow (1999)		clue, omen, setting
pigs	5	Carrie (1976); Mystics in Bali (1981); Raw (2016)		mirror, omen, symbol
radio	5	Martin (1977); Night of the Demons (1988); R-Point (2004)		mirror, omen, symbol, threat
ring	5	The Pit and the Pendulum (1961); Black Sabbath (1963); Pee Mak (2013)	Elizabeth's ring, planted as a haunting sign	clue, symbol, trigger
ship	5	Nosferatu (1922); Invasion of the Body Snatchers (1978); Nosferatu the Vampyre (1979)		omen, setting, threat
skeleton	5	House on Haunted Hill (1959); Lisa and the Devil (1973); House (Hausu) (1977)		omen, trigger, turn, weapon
snow	5	The Invisible Man (1933); I Walked with a Zombie (1943); Kuroneko (1968)		omen, setting, symbol
sword	5	I Walked with a Zombie (1943); Blood on Satan's Claw (1971); Manichitrathazhu (1993)		weapon
tape recording	5	Night of the Eagle (1962); The House with Laughing Windows (1976); Evil Dead II (1987)	Tansy's farewell tape; later Norman's lecture tape used to hypnotise him	clue, omen, trigger
tarot cards	5	Night of the Eagle (1962); The Masque of the Red Death (1964); A Bay of Blood (1971)	Flora burns cards that stand for Norman's home	omen, weapon
thunderstorm	5	Night of the Eagle (1962); Don't Torture a Duckling (1972); Friday the 13th (1980)		omen, setting
video camera	5	Art of the Devil (2004); Noroi: The Curse (2005); Wolf Creek (2005)		clue, setting, symbol
wolf	5	Dracula (1931); The Wolf Man (1941); Bram Stoker's Dracula (1992)	the priest's image for the devil	omen, symbol, threat
birds	4	Tombs of the Blind Dead (1972); The Conjuring (2013); A Quiet Place (2018)	birds caw just before Beau's toy goes off, and scatter when the creature lands o	omen
burning house	4	The Queen of Black Magic (1981); Nang Nak (1999); Corazon: The First Aswang (2012)		symbol, turn, weapon
camera flash	4	Insidious (2010); The Hallow (2015); Get Out (2017)		clue, setting, weapon
cassette tape	4	Saw (2004); Bones and All (2022); Skinamarink (2022)	a tape of Babar that whirs without sound before it plays	clue, omen, setting, trigger
cats	4	Inferno (1980); Ghostwatch (1992); Jeepers Creepers (2001)	a houseful of cats turns on Virginia after she is bitten	clue, omen, threat
cemetery	4	Deathdream (1974); Phantasm (1979); Satan's Slave (1982)		setting
cinema	4	The Blob (1958); Messiah of Evil (1973); An American Werewolf in London (1981)		setting
cow	4	Rabid (1977); Nosferatu the Vampyre (1979); Slither (2006)	the farm cow Francisca greets as she would a person	clue, mirror, omen
crows	4	Ganja & Hess (1973); Jeepers Creepers (2001); The Wind (2018)		omen
crying baby	4	Candyman (1992); 1408 (2007); The Void (2016)	Helen follows the cry into the bonfire	omen, threat, trigger
dummy	4	The Cabinet of Dr. Caligari (1920); Lisa and the Devil (1973); Magic (1978)		clue, symbol, threat, turn
elevator	4	Shivers (1975); Day of the Dead (1985); Dark Water (2002)		setting, turn
forest	4	Freaks (1932); Corazon: The First Aswang (2012); The Witch (2015)		setting
freezer	4	The Blob (1958); Ginger Snaps (2000); Terrified (2017)		clue, setting
frog	4	A Field in England (2013); Baskin (2015); Mother! (2017)	O'Neil's threat; Friend later asks if he will turn into one	omen, threat
graveyard	4	The Student of Prague (1913); Zombi 2 (1979); Mystics in Bali (1981)		setting
hearse	4	Dead of Night (1945); Dracula (Horror of Dracula) (1958); Let's Scare Jessica to Death (1971)		clue, omen, threat
kitchen knife	4	Psycho (1960); The Stepford Wives (1975); The Dark and the Wicked (2020)		omen, weapon
lantern	4	Creature from the Black Lagoon (1954); Bees Saal Baad (1962); Detention (2019)		clue, symbol, threat, weapon
letter	4	Tenebrae (1982); The Exorcism of Emily Rose (2005); Ezra (2017)		clue, turn
locked room	4	The Old Dark House (1932); The Seventh Victim (1943); The Picture of Dorian Gray (1945)	Jacqueline's rented room holding only a noose and a chair; a second locked room 	clue, setting
locket	4	The Student of Prague (1913); Silent Hill (2006); In a Violent Nature (2024)	with a lock of Ellen's hair	clue, symbol, trigger
mannequin	4	Opera (1987); Santa Sangre (1989); Ezra (2017)		clue, symbol, turn
mushrooms	4	A Field in England (2013); Midsommar (2019); Gretel & Hansel (2020)	the starving siblings eat wild mushrooms and hallucinate	symbol, trigger, turn
necklace	4	The Evil Dead (1981); Evil Dead II (1987); Pumpkinhead (1988)	Ash's gift to Linda	symbol, weapon
nursery rhyme	4	The Seventh Victim (1943); Ghostwatch (1992); The Blackcoat's Daughter (2015)	'Oranges and Lemons' ending 'here comes a chopper to chop off your head' plays d	omen
ocean	4	Messiah of Evil (1973); Phone (2002); Atlantics (2019)		setting, symbol, turn
owl	4	At Midnight I'll Take Your Soul (1964); Next of Kin (1982); Scream (1996)	heard as Sidney waits alone for Tatum, just before the attack	omen
painting	4	Sumpah Orang Minyak (1958); Black Sunday (1960); The Beyond (1981)		clue, omen, symbol
rifle	4	The Dead Zone (1983); The Company of Wolves (1984); Shaun of the Dead (2004)		weapon
sheep	4	Bride of Frankenstein (1935); Cat People (1942); Tremors (1990)	the shepherdess the Monster saves from drowning	clue, omen, setting
shovel	4	Re-Animator (1985); Evil Dead II (1987); We Are What We Are (2010)		weapon
snakes	4	The Queen of Black Magic (1981); The Taking of Deborah Logan (2014); Hagazussa (2017)		omen
snowstorm	4	Kwaidan (1964); Ghost Story (1981); Pontypool (2008)		setting, threat
stairs	4	The Old Dark House (1932); The Housemaid (1960); Phone (2002)		mirror, omen, setting
swamp	4	House of Usher (1960); Psycho (1960); Bees Saal Baad (1962)		setting
tentacles	4	Slither (2006); The Untamed (2016); The Void (2016)	Wake's curse pictures the sea king; Winslow later sees Wake with tentacles	threat
ticking clock	4	Repulsion (1965); Picnic at Hanging Rock (1975); The Entity (1982)	the clock ticks through every night alone and every hallucination	omen, symbol
truck	4	Night of the Living Dead (1968); Pet Sematary (1989); High Tension (2003)		setting, threat, turn, weapon
tunnel	4	The Cabin in the Woods (2011); Train to Busan (2016); Barbarian (2022)		setting
wheelchair	4	The Changeling (1980); It Follows (2014); Gonjiam: Haunted Asylum (2018)		setting, threat, turn
woods	4	The Village (2004); Jennifer's Body (2009); Censor (2021)		setting
abandoned house	3	The Blair Witch Project (1999); The Wolf House (2018); Impetigore (2019)		setting
acid	3	Shivers (1975); Santa Sangre (1989); Let the Right One In (2008)		turn, weapon
antlers	3	Salem's Lot (1979); The Lost Boys (1987); Antlers (2021)		threat, weapon
bandages	3	The Hands of Orlac (1924); Bride of Frankenstein (1935); Goodnight Mommy (2014)		clue, symbol, threat
baseball bat	3	The Shining (1980); Cujo (1983); Child's Play (1988)		weapon
bats	3	From Dusk till Dawn (1996); The Descent (2005); What We Do in the Shadows (2014)		omen, symbol, threat
beach	3	Cure (1997); Art of the Devil (2004); The Lure (2015)	Shirasato Beach, where Mamiya is found wandering	setting
bear	3	Annihilation (2018); Midsommar (2019); Antlers (2021)		setting, symbol, threat
bed	3	Lady Terminator (1988); Terrified (2017); The Wolf House (2018)		threat, trigger, turn
bird	3	The Innkeepers (2011); Hereditary (2018); The Wolf House (2018)		omen, symbol
blood trail	3	Inferno (1980); The Tag-Along (2015); Men (2022)		clue, omen
bonfire	3	Night of the Living Dead (1968); The Witch (2015); The Dark and the Wicked (2020)		setting, symbol
box	3	Let the Right One In (2008); Ezra (2017); Vivarium (2019)		symbol, threat, trigger
bridge	3	Ghost Story (1981); Cat People (1982); Thelma (2017)		clue, setting
burn scars	3	The Craft (1996); Audition (1999); Tigers Are Not Afraid (2017)		clue, symbol
bus	3	Dead of Night (1945); Final Destination (2000); His House (2020)		clue, turn, weapon
butterfly	3	The Picture of Dorian Gray (1945); Possessor (2020); Heretic (2024)	Lord Henry catches a butterfly as he wins Dorian over; an earlier one is named L	symbol
car crash	3	The Descent (2005); Titane (2021); M3GAN (2022)		trigger, turn
chandelier	3	The Phantom of the Opera (1925); The Legend of Hell House (1973); Satan's Slave (1982)		weapon
church bells	3	Black Sunday (1960); At Midnight I'll Take Your Soul (1964); Possession (1981)		omen, symbol
claws	3	Island of Lost Souls (1932); Wes Craven's New Nightmare (1994); Tiger Stripes (2023)		clue, threat
cornfield	3	Children of the Corn (1984); High Tension (2003); Goodnight Mommy (2014)		setting
crossbow	3	You're Next (2011); Hush (2016); Mandy (2018)		weapon
crypt	3	House of Usher (1960); Valerie and Her Week of Wonders (1970); Alucarda (1977)		setting, trigger
dripping water	3	Black Sabbath (1963); Repulsion (1965); Session 9 (2001)	opens the film and returns before the closing confession	omen, setting
ectoplasm	3	The Legend of Hell House (1973); Poltergeist (1982); Personal Shopper (2016)		clue, symbol, threat
eggs	3	Alien (1979); Aliens (1986); Funny Games (1997)		threat, trigger
face at the window	3	Kill, Baby, Kill (1966); Paperhouse (1988); You're Next (2011)		omen, threat
feet	3	Stree (2018); Bulbbul (2020); Talk to Me (2022)		clue, threat
film reels	3	Cannibal Holocaust (1980); Coming Soon (2008); Sinister (2012)		clue, threat, trigger
glass	3	Don't Look Now (1973); Shake, Rattle & Roll (1984); Personal Shopper (2016)		omen, trigger
glass shard	3	Them (Ils) (2006); Black Swan (2010); The Wind (2018)		weapon
grenade	3	R-Point (2004); Slither (2006); The Sadness (2021)		turn, weapon
hanging corpse	3	Satan's Slave (1982); Host (2020); X (2022)		clue, omen, threat
hanging tree	3	House of 1000 Corpses (2003); Sinister (2012); The Conjuring (2013)	the backyard tree from the first reel; Trevor draws it at school	clue, omen, setting
hare	3	The Wicker Man (1973); The Witch (2015); Starve Acre (2023)		clue, omen, threat
hole	3	The Gate (1987); A Field in England (2013); Vivarium (2019)		clue, setting, threat
horse	3	Near Dark (1987); Nope (2022); Nosferatu (2024)		omen, setting
insects	3	Messiah of Evil (1973); The Craft (1996); Eden Lake (2008)		omen, threat
island	3	Island of Lost Souls (1932); Byzantium (2012); Apostle (2018)		setting
kiss	3	Invasion of the Body Snatchers (1956); The Innocents (1961); Corazon: The First Aswang (2012)		symbol, turn
love song	3	Slither (2006); The Loved Ones (2009); Men (2022)	"Every Woman in the World", the Grants' song, returns when the monster courts St	symbol
mannequins	3	Tombs of the Blind Dead (1972); Tourist Trap (1979); We Are What We Are (2010)	the father collapses after staring at mannequins in a mall window	omen, setting, threat
mansion	3	The Stepford Wives (1975); Burnt Offerings (1976); The House of the Devil (2009)		setting, threat
manuscript	3	The Shining (1980); Misery (1990); In the Mouth of Madness (1994)		symbol, threat, turn
meat cleaver	3	Don't Look Now (1973); Deep Red (1975); Possessor (2020)		weapon
menstrual blood	3	Carrie (1976); A Tale of Two Sisters (2003); Siccin (2014)	both sisters bleed on the same day; the line returns when Su-mi's delusion break	clue, trigger
meteorite	3	The Blob (1958); Slither (2006); Color Out of Space (2019)		trigger
mine	3	Invasion of the Body Snatchers (1956); My Bloody Valentine (1981); Antlers (2021)		setting
moths	3	Prince of Darkness (1987); The Gate (1987); Mama (2013)		omen, symbol
nail	3	The Serpent and the Rainbow (1988); A Quiet Place (2018); X (2022)		omen, threat, weapon
nursery	3	Dead of Night (1945); The Haunting (1963); The Woman in Black (2012)		setting
pendant	3	Rosemary's Baby (1968); Braindead (1992); The Descent (2005)		clue, omen, weapon
pickaxe	3	My Bloody Valentine (1981); The Descent (2005); Vivarium (2019)		weapon
pistol	3	The Student of Prague (1913); Hour of the Wolf (1968); Day of the Dead (1985)		weapon
poison	3	Freaks (1932); Mahal (1949); The Awakening (2011)		turn, weapon
pond	3	Raat (1992); Hagazussa (2017); The Innocents (2021)		setting
puzzle box	3	Village of the Damned (1960); Hellraiser (1987); Ready or Not (2019)	Zellaby's test: one child opens it and all the others then can	clue, trigger
pyre	3	Purana Mandir (1984); Hellraiser (1987); Candyman (1992)		symbol, threat, weapon
rabbit	3	Repulsion (1965); Cujo (1983); Splice (2009)		omen, symbol
rash	3	Dumplings (2004); Raw (2016); In Fabric (2018)		omen
rat poison	3	The Housemaid (1960); Bhool Bhulaiyaa (2007); Cobweb (2023)		weapon
raven	3	The Student of Prague (1913); The Other (1972); The Witch (2015)	Niles's first projection in the game is into a bird	omen, symbol, threat
razor	3	Repulsion (1965); Daughters of Darkness (1971); Tenebrae (1982)		weapon
red dress	3	Videodrome (1983); The Tag-Along (2015); In Fabric (2018)		symbol, threat
red eyes	3	Demons (1985); Raat (1992); The Wailing (2016)		threat
refrigerator	3	Shake, Rattle & Roll (1984); The Eyes of My Mother (2016); Border (2018)		clue, symbol, threat
revolver	3	The Mist (2007); Saloum (2021); Barbarian (2022)		weapon
river	3	Carnival of Souls (1962); The Host (2006); Nanny (2022)		setting
rooster	3	Viy (1967); Nosferatu the Vampyre (1979); The Wailing (2016)		symbol, turn
scar	3	The Blackcoat's Daughter (2015); Border (2018); You Are Not My Mother (2021)		clue
sea	3	I Walked with a Zombie (1943); Lady Terminator (1988); Ezra (2017)	the Queen's resting place	setting
severed arm	3	My Bloody Valentine (1981); Mystics in Bali (1981); Day of the Dead (1985)		omen, turn
severed fingers	3	Phantasm (1979); Ginger Snaps (2000); The Dark and the Wicked (2020)		clue, omen
severed hand	3	Blood on Satan's Claw (1971); Evil Dead II (1987); One Missed Call (2003)		omen, threat, turn
severed heads	3	House on Haunted Hill (1959); Sleepy Hollow (1999); The Blackcoat's Daughter (2015)	the never-found heads of past victims	symbol, threat
skull	3	Sleepy Hollow (1999); A Field in England (2013); Hagazussa (2017)		clue, symbol
skylight	3	It's Alive (1974); Gremlins (1984); Hush (2016)		setting, threat, weapon
sledgehammer	3	Next of Kin (1982); Misery (1990); 13B (2009)		weapon
slime	3	Cat People (1982); From Beyond (1986); The Blair Witch Project (1999)		omen, threat
spear	3	Onibaba (1964); A Bay of Blood (1971); Roh (2019)		weapon
statue	3	The Haunting (1963); Stree (2018); The Night House (2020)		clue, mirror, symbol
syringe	3	Deathdream (1974); Martin (1977); Ginger Snaps (2000)		weapon
talisman	3	Manichitrathazhu (1993); Siccin (2014); Munafik (2016)		clue, symbol, threat
tape recorder	3	Cannibal Holocaust (1980); The Changeling (1980); The Evil Dead (1981)	traded to the chief for the crew's film cans	clue, trigger
thunder	3	Night of the Living Dead (1968); The Omen (1976); Qodrat (2022)	over the funeral as Damien leaves with the President	omen
trees	3	Night of the Demon (1957); The Evil Dead (1981); Evil Dead II (1987)	the demon comes through the trees, in smoke and fire	omen, threat
washing machine	3	Uzumaki (2000); Don't Breathe (2016); In Fabric (2018)		omen, setting, turn
white eyes	3	The Beyond (1981); The Evil Dead (1981); Purana Mandir (1984)		omen, threat
windmill	3	Frankenstein (1931); Razorback (1984); Sleepy Hollow (1999)		setting
abandoned mine	2	Trollhunter (2010); The Taking of Deborah Logan (2014)		setting
abandoned pavilion	2	Carnival of Souls (1962); KKN di Desa Penari (2022)		setting
altar	2	King Kong (1933); Incantation (2022)		setting
ancient book	2	Inferno (1980); The Beyond (1981)	the Eibon	clue, trigger
animal masks	2	The Wicker Man (1973); You're Next (2011)		symbol, threat
animals	2	The Wicker Man (1973); The Omen (1976)		omen, symbol
apple	2	The Witch (2015); The Platform (2019)		omen, symbol
baby	2	The Day of the Beast (1995); Under the Skin (2013)		symbol, threat
baby mobile	2	Dawn of the Dead (2004); Malignant (2021)	Madison prepares a nursery after three miscarriages	omen, symbol
balcony	2	The Hunger (1983); Bhoot (2003)		clue, setting
ball of fire	2	Mystics in Bali (1981); Exhuma (2024)		threat
barking dog	2	Cat People (1982); Them (Ils) (2006)	police dog finds the remains in Paul's basement	clue, omen
bars	2	Seklusyon (2016); Malignant (2021)	the monastery's barred doors	setting, symbol
bath	2	Shivers (1975); Possession (1981)		setting, turn
bathroom	2	Eerie (2018); Tiger Stripes (2023)		setting
bear trap	2	Ravenous (1999); Errementari (2017)		weapon
bee	2	Phenomena (1985); Candyman (2021)	a bee lands on Jennifer on her first day; she lets it walk on her	omen
bible	2	Children of the Corn (1984); Orphan (2009)	Esther is mocked as a 'Jesus Freak' before she pushes Brenda off the slide	clue, symbol
birdsong	2	Dead of Night (1945); Carnival of Souls (1962)	the hospital night falls silent and turns to day as the hearse appears	omen, turn
birthmark	2	The Omen (1976); The First Omen (2024)		clue
bite	2	The Killing of a Sacred Deer (2017); Sinners (2025)		symbol, threat
bite wound	2	Shaun of the Dead (2004); The Untamed (2016)		omen
black box	2	Phantasm (1979); The Village (2004)	the fortune teller's granddaughter tests Mike's fear	clue
black panther	2	Cat People (1942); Cat People (1982)		mirror, threat
bleeding eyes	2	Messiah of Evil (1973); The Killing of a Sacred Deer (2017)		omen, threat
blood message	2	The Legend of Hell House (1973); You're Next (2011)	a circled B	clue, omen
blood rain	2	Evil Dead (2013); Nope (2022)		omen, threat
bloodstain	2	House on Haunted Hill (1959); The Blackcoat's Daughter (2015)		clue
bloody handprint	2	Insidious (2010); Barbarian (2022)		clue, omen
boat	2	Island of Lost Souls (1932); The Night House (2020)		setting, turn
body	2	Green Room (2015); Terrified (2017)		threat, trigger
body in water	2	Hour of the Wolf (1968); The Ring (2002)		clue, symbol
boiler	2	Frontier(s) (2007); The Blackcoat's Daughter (2015)		symbol, threat
boiling water	2	Sleepaway Camp (1983); Session 9 (2001)		trigger, weapon
book about vampires	2	Nosferatu (1922); Vampyr (1932)		clue
book of the dead	2	Evil Dead II (1987); Evil Dead Rise (2023)		threat, trigger
bottle	2	Sumpah Orang Minyak (1958); Jangan Pandang Belakang (2007)		omen, weapon
bowie knife	2	Wolf Creek (2005); Jennifer's Body (2009)	the sacrificial knife; Needy finds it washed up from the falls	weapon
box cutter	2	Green Room (2015); I Saw the TV Glow (2024)		weapon
bracelet	2	Tigers Are Not Afraid (2017); KKN di Desa Penari (2022)		clue
brain	2	Frankenstein (1931); The Curse of Frankenstein (1957)		omen, turn
brain scan	2	From Beyond (1986); Thelma (2017)		clue, turn
brick wall	2	Village of the Damned (1960); Stir of Echoes (1999)		turn, weapon
bright light	2	Gremlins (1984); Cube (1997)		symbol, weapon
bulldozer	2	Christine (1983); They Live (1988)	flattening the shantytown in the raid	threat, weapon
burned face	2	Inside (2007); Seklusyon (2016)		clue, turn
burned house	2	Kuroneko (1968); Possum (2018)		setting
burning body	2	Scanners (1981); It Comes at Night (2017)		omen, turn
burning car	2	Jacob's Ladder (1990); Us (2019)		omen, threat
cage	2	Creature from the Black Lagoon (1954); Cat People (1982)		symbol, turn
caged dogs	2	Island of Lost Souls (1932); Wolf Creek (2005)	the freighter's cargo of dogs and monkeys bound for Moreau	omen
campfire	2	The Fog (1980); In a Violent Nature (2024)		omen, setting
canary	2	Cat People (1942); At Midnight I'll Take Your Soul (1964)		omen, symbol
candles	2	Viy (1967); Lights Out (2016)		setting, weapon
canoe	2	Friday the 13th (1980); Sleepaway Camp (1983)		setting
car accident	2	The Stepford Wives (1975); Munafik (2016)		omen, trigger
car trunk	2	Blood and Black Lace (1964); The Last House on the Left (1972)		clue
castle	2	Dracula (1931); The Masque of the Red Death (1964)		setting
cell phone	2	Phone (2002); One Missed Call (2003)		threat
chador	2	A Girl Walks Home Alone at Night (2014); Under the Shadow (2016)		symbol, threat
cherries	2	Mama (2013); Fresh (2022)	the girls' food in the cabin; the pits lead the searchers to them	clue, symbol
child's drawing	2	Cobweb (2023); The First Omen (2024)		clue, omen
child's drawings	2	The Ring (2002); Insidious (2010)	Aidan's drawings of Katie dead, and later of the Morgan house	clue
child's song	2	Deep Red (1975); Orphan (2009)	how John first finds Esther, alone and singing	omen, symbol
children's drawings	2	Sinister (2012); Antlers (2021)		clue
children's rhyme	2	Pumpkinhead (1988); Wes Craven's New Nightmare (1994)	the farm children chant the legend	omen
chimney	2	Burnt Offerings (1976); Gremlins (1984)		symbol, weapon
chimpanzee	2	Phenomena (1985); Nope (2022)		mirror, weapon
china doll	2	Session 9 (2001); Hansel and Gretel (2007)	from Mary's taped session about the Christmas murders	clue, threat
claw	2	Creature from the Black Lagoon (1954); Blood on Satan's Claw (1971)		clue, threat
coat	2	Bees Saal Baad (1962); It's Alive (1974)		clue, symbol
coffins	2	The Hunger (1983); Art of the Devil (2004)		setting, symbol
comb	2	Next of Kin (1982); Nang Nak (1999)		clue, weapon
computer	2	Scanners (1981); Dabbe (2006)		trigger, weapon
consecrated host	2	Häxan (1922); Nosferatu the Vampyre (1979)		symbol, weapon
corpse rising from water	2	Les Diaboliques (1955); Friday the 13th (1980)		threat
covered mirrors	2	Phenomena (1985); The Hole in the Ground (2019)		clue
cradle	2	Rosemary's Baby (1968); Pee Mak (2013)		omen, symbol
creaking trees	2	Pyewacket (2017); Gaia (2021)	the forest creaks whenever the organism stirs; it intensifies at the mother tree	omen
crematorium smoke	2	The Return of the Living Dead (1985); Uzumaki (2000)		omen, turn
cult symbol	2	The Seventh Victim (1943); Sinister (2012)		clue
curtain	2	Dracula (Horror of Dracula) (1958); Goodnight Mommy (2014)		weapon
cut hair	2	The Killing of a Sacred Deer (2017); Eerie (2018)	Bob's long hair, nagged about at the first dinner, cut to win his father's favou	clue, symbol
cut hand	2	Kill List (2011); Nosferatu (2024)		omen, trigger
darkness	2	Session 9 (2001); Don't Breathe (2016)		setting, threat
dead baby	2	Rabid (1977); Nang Nak (1999)		clue
dead bird	2	Thelma (2017); Gonjiam: Haunted Asylum (2018)		omen, turn
dead cat	2	Kill List (2011); The Love Witch (2016)	the family cat is found killed at the house	omen
dead dog	2	The Hills Have Eyes (1977); Halloween (1978)	Loomis and Brackett find it in the Myers house	omen
dead mother's voice	2	The Exorcist (1973); Smile (2022)	the demon speaks as Karras's dead mother	omen, threat
dead telephone	2	The Black Cat (1934); The Last House on the Left (1972)		omen, setting
decapitated body	2	From Beyond (1986); The Serpent and the Rainbow (1988)		clue, threat
decaying body	2	Shutter (2004); Oculus (2013)		clue, omen
disembodied head	2	House (Hausu) (1977); Mystics in Bali (1981)		threat
dog tags	2	Angel Heart (1987); R-Point (2004)	the squad must bring back the missing men's tags	clue
doppelgänger	2	1408 (2007); Evil Dead (2013)		mirror
earrings	2	Valerie and Her Week of Wonders (1970); A Girl Walks Home Alone at Night (2014)		symbol
earthquake	2	Wes Craven's New Nightmare (1994); Here Comes the Devil (2012)		omen
egg	2	Angel Heart (1987); Hatching (2022)	Cyphre peels and eats a boiled egg as he says it	symbol, trigger
faceless figures	2	Jacob's Ladder (1990); Huesera (2022)		threat
falling chandelier	2	House on Haunted Hill (1959); House of Usher (1960)		omen
family dinner	2	Deathdream (1974); Frontier(s) (2007)	grace and carving at an empty son's place; the carving passed father to son	setting, turn
fetus	2	Scanners (1981); Dumplings (2004)		clue
fire extinguisher	2	The Blob (1958); The Sadness (2021)		weapon
fire poker	2	Black Christmas (1974); The Stepford Wives (1975)		weapon
fireworks	2	A Quiet Place (2018); Saint Maud (2019)		symbol, weapon
flamethrower	2	Alien (1979); The Thing (1982)		weapon
flying insects	2	The Mist (2007); The Wailing (2016)		threat
frozen pond	2	The Dead Zone (1983); Orphan (2009)		setting, turn
fruit cellar	2	Psycho (1960); Evil Dead II (1987)	where Knowby buried his possessed wife Henrietta	setting
furnace	2	Blood and Black Lace (1964); Wes Craven's New Nightmare (1994)		weapon
gallows	2	Tombs of the Blind Dead (1972); Dukun (2018)		symbol, turn
garden shears	2	Messiah of Evil (1973); Don't Breathe (2016)		weapon
garlic	2	Dracula (Horror of Dracula) (1958); Sinners (2025)		weapon
ghost child	2	Ju-on: The Grudge (2002); Art of the Devil (2004)		threat
ghost children	2	Kuntilanak (2006); La Llorona (2019)		threat
glowing eyes	2	Fright Night (1985); Angel Heart (1987)		omen, threat
goats	2	Hagazussa (2017); The Dark and the Wicked (2020)		omen, turn
gold coins	2	The People Under the Stairs (1991); Tumbbad (2018)		trigger
graves	2	Border (2018); Atlantics (2019)		clue, symbol
gravestone	2	The Return of the Living Dead (1985); R-Point (2004)	marks the start of R-Point; its inscription is a warning	omen
green eyes	2	Possession (1981); The Ninth Gate (1999)		mirror, omen
growling dogs	2	My Bloody Valentine (1981); In the Mouth of Madness (1994)		omen
guillotine	2	The Hands of Orlac (1924); The Curse of Frankenstein (1957)		symbol
gulls	2	The Lighthouse (2019); Enys Men (2022)	gull cries and birdsong run through the soundtrack	setting, symbol
hairpin	2	Macabre (2009); The Wailing (2016)		clue, weapon
hand	2	The Dead Zone (1983); May the Devil Take You (2018)		trigger, turn
hands	2	The Hands of Orlac (1924); May (2002)		symbol, threat
hanging body	2	House on Haunted Hill (1959); At Midnight I'll Take Your Soul (1964)		turn
heartbeat	2	Tombs of the Blind Dead (1972); Lisa and the Devil (1973)		clue, omen
heavy breathing	2	My Bloody Valentine (1981); Lamb (2021)	the miner's breathing through his mask marks his presence	threat
hedge	2	The Innocents (1961); A Field in England (2013)		setting
hidden door	2	Rosemary's Baby (1968); The Orphanage (2007)		turn
hidden tunnel	2	Thesis (1996); The Canal (2014)		setting
high-rise apartment	2	Bhoot (2003); Djinn (2013)		setting
holy water	2	Salem's Lot (1979); Shake, Rattle & Roll (1984)		omen, weapon
honeycomb	2	Candyman (1992); Candyman (2021)		clue, symbol
howling dogs	2	Black Sunday (1960); Messiah of Evil (1973)	howling near the town that the attendant insists is dogs	omen
incinerator	2	The Hunger (1983); Sweet Home (1989)		clue, setting
iron bars	2	The Hallow (2015); Bulbbul (2020)		clue, weapon
jack-o'-lantern	2	Halloween (1978); Trick 'r Treat (2007)		symbol, trigger
jackal	2	The Omen (1976); The First Omen (2024)		clue, symbol
kangaroo	2	Long Weekend (1978); Talk to Me (2022)	Mia cannot bring herself to finish off the dying animal; the line 'put him out o	omen
keys	2	Manichitrathazhu (1993); Triangle (2009)		clue, trigger
kitten	2	Cat People (1942); Drag Me to Hell (2009)		omen
knitting needles	2	Inside (2007); The Dark and the Wicked (2020)		weapon
knives	2	Carrie (1976); Eden Lake (2008)		weapon
lawn mower	2	Braindead (1992); Sinister (2012)	the reel labelled Lawn Work '86	weapon
lift	2	Bhoot (2003); 13B (2009)		omen
lighter	2	Goodnight Mommy (2014); Svaha: The Sixth Finger (2019)		weapon
little girl	2	The Golem (1920); Interview with the Vampire (1994)		turn
lock of hair	2	Bring Her Back (2025); Weapons (2025)		clue, trigger
long fingernails	2	At Midnight I'll Take Your Soul (1964); Mr. Vampire (1985)		clue, weapon
long hair	2	Phone (2002); Cobweb (2023)		threat, turn
lunar eclipse	2	Inferno (1980); The House of the Devil (2009)		omen
machete	2	Cannibal Holocaust (1980); Friday the 13th (1980)		weapon
machine	2	The Legend of Hell House (1973); From Beyond (1986)		trigger, weapon
mallet	2	Onibaba (1964); Midsommar (2019)		weapon
map	2	The Blair Witch Project (1999); Byzantium (2012)		trigger, turn
maypole	2	The Wicker Man (1973); Midsommar (2019)		setting, symbol
medallion	2	The Exorcist (1973); The Orphanage (2007)		symbol
medical records	2	Next of Kin (1982); Lights Out (2016)		clue
mermaid	2	The Lighthouse (2019); Nanny (2022)		symbol, threat
mine shaft	2	Razorback (1984); Frontier(s) (2007)		setting
mist	2	The Mist (2007); Starve Acre (2023)		omen, threat
moose	2	Dead Snow (2009); The Ritual (2017)	the friends dismiss a figure seen outside the cabin	omen
morgue	2	Re-Animator (1985); The Nightshifter (2018)		setting
mummified body	2	Psycho (1960); Dukun (2018)		clue
mural	2	Deep Red (1975); Candyman (1992)		clue, mirror
nail gun	2	Evil Dead (2013); M3GAN (2022)		weapon
newspaper	2	The Housemaid (1960); Daughters of Darkness (1971)		omen
newspaper clippings	2	REC (2007); The Canal (2014)		clue
newspaper headlines	2	The Invisible Man (1933); Hansel and Gretel (2007)	headlines name the cult deacon Byun Ji-wan as a serial killer	clue
nosebleed	2	Kuntilanak (2006); Drag Me to Hell (2009)		clue, omen
notebook	2	Blood and Black Lace (1964); Hansel and Gretel (2007)		clue
old photographs	2	The Brood (1979); Macabre (2009)		clue
open window	2	The People Under the Stairs (1991); Antichrist (2009)		trigger, turn
operating table	2	Island of Lost Souls (1932); House of 1000 Corpses (2003)		setting, threat
ouija board	2	Paranormal Activity (2007); Veronica (2017)		trigger
pendulum	2	The Pit and the Pendulum (1961); The Innkeepers (2011)		clue, weapon
photo album	2	Tourist Trap (1979); Relic (2020)		clue, symbol
pig	2	The Amityville Horror (1979); Cannibal Holocaust (1980)	Jody, red-eyed swine	symbol, threat
pillow	2	The Others (2001); Crimes of the Future (2022)		weapon
pit	2	The Pit and the Pendulum (1961); Onibaba (1964)		setting, weapon
pitchfork	2	Pumpkinhead (1988); X (2022)		turn, weapon
plane	2	Lisa and the Devil (1973); Final Destination (2000)		omen, setting
pocket watch	2	Pan's Labyrinth (2006); Dead Snow (2009)		symbol
poisoned tea	2	Manichitrathazhu (1993); Bhool Bhulaiyaa (2007)		threat
pool	2	Burnt Offerings (1976); Bring Her Back (2025)		setting, threat
portal	2	In the Mouth of Madness (1994); Event Horizon (1997)		threat
pregnant belly	2	Inside (2007); The Void (2016)		threat
pulled tooth	2	Stir of Echoes (1999); The Babadook (2014)	Samantha's corpse is missing a front tooth	omen, symbol
rabbit doll	2	Speak No Evil (2022); Oddity (2024)		omen, trigger
radio transmitter	2	Razorback (1984); The Strangers (2008)		clue
razor blade	2	Martin (1977); Siccin (2014)	Öznur's dead husband appears with the razor he cut himself with	threat, weapon
razor wire	2	Suspiria (1977); Silent Hill (2006)		threat, weapon
red cloak	2	The Masque of the Red Death (1964); The Witch (2015)	the witch is an old woman in a red cloak, then a beautiful young woman in the sa	threat
remote control	2	Funny Games (1997); Censor (2021)		turn
ring of fire	2	Bram Stoker's Dracula (1992); You Are Not My Mother (2021)		omen, weapon
rocking chair	2	Inside (2007); The Woman in Black (2012)		symbol, threat
rooftops	2	Thirst (2009); Juan of the Dead (2011)		setting
rooster crow	2	Mystics in Bali (1981); Near Dark (1987)	dawn breaks the Leák; the Queen's flesh sizzles	omen, weapon
rotting corpse	2	Ghost Story (1981); Hantu Kak Limah Balik Rumah (2010)		turn
rotting meat	2	Long Weekend (1978); Poltergeist (1982)		omen
rottweiler	2	The People Under the Stairs (1991); Don't Breathe (2016)		threat
sack	2	Audition (1999); Apostle (2018)		omen, threat
scalpel	2	Sisters (1972); Pet Sematary (1989)		weapon
scarf	2	White Zombie (1932); Tourist Trap (1979)		trigger, weapon
scars	2	Jaws (1975); Raw (2016)		clue, symbol
scrapbook	2	Misery (1990); The Loved Ones (2009)		clue
scratch marks	2	Black Swan (2010); The Hallow (2015)		omen, threat
screwdriver	2	You're Next (2011); M3GAN (2022)		weapon
scroll	2	The Mummy (1932); Noroi: The Curse (2005)		clue, trigger
serpent	2	Lady Terminator (1988); Veerana (1988)	Sameer names the seductress a serpent before calling her a witch	symbol, threat
severed finger	2	Messiah of Evil (1973); Raw (2016)	Joseph's diary: he tears it off without pain	symbol, turn
sewing machine	2	The Housemaid (1960); In Fabric (2018)	the closing sound over the dead sewing in the store	symbol
shadow puppets	2	Impetigore (2019); Candyman (2021)		clue, symbol
shattering mirror	2	Carrie (1976); City of the Living Dead (1980)	the bar's mirror cracks while the locals talk of the priest	mirror, omen
shed	2	Frailty (2001); Svaha: The Sixth Finger (2019)		setting
shopping mall	2	Dawn of the Dead (1978); Dawn of the Dead (2004)		setting
shower	2	The Seventh Victim (1943); Psycho (1960)		setting
singing voice	2	Mahal (1949); Bees Saal Baad (1962)		omen
skin mask	2	The Texas Chain Saw Massacre (1974); House of 1000 Corpses (2003)		threat
skinned face	2	The Silence of the Lambs (1991); Midsommar (2019)		threat, turn
slaughterhouse	2	The Texas Chain Saw Massacre (1974); Martyrs (2008)		omen, setting
slingshot	2	Les Diaboliques (1955); The Innocents (2021)		clue, omen
slugs	2	The Devil's Backbone (2001); Slither (2006)		clue, threat
snail	2	Uzumaki (2000); The Platform (2019)	Trimagasi's name for his victim	omen, symbol
solar eclipse	2	Nang Nak (1999); Veronica (2017)		omen
song	2	Jeepers Creepers (2001); Train to Busan (2016)		omen, symbol
spider webs	2	Long Weekend (1978); The Mist (2007)		threat
spiral staircase	2	The Haunting (1963); Uzumaki (2000)	a classmate falls to his death from it, smiling	omen, threat
stinger	2	Rabid (1977); Splice (2009)		threat, weapon
stopped watches	2	Picnic at Hanging Rock (1975); Wolf Creek (2005)		omen
straight razor	2	Phenomena (1985); High Tension (2003)		weapon
subway	2	Possession (1981); Jacob's Ladder (1990)		setting
suicide note	2	28 Days Later (2002); The Night House (2020)		omen, symbol
sun	2	Cujo (1983); Thirst (2009)		threat, weapon
sunglasses	2	They Live (1988); Eden Lake (2008)		clue, symbol
sunrise	2	30 Days of Night (2007); Sinners (2025)		turn, weapon
supermarket	2	The Stepford Wives (1975); Fresh (2022)		setting
talismans	2	23:59 (2011); The Medium (2021)		clue, weapon
tape	2	The Day of the Beast (1995); Goodnight Mommy (2014)		symbol, weapon
teddy bear	2	One Missed Call (2003); Housebound (2014)	the talking bear Miriam says moves by itself	clue, omen
telegram	2	Deathdream (1974); Godzilla Minus One (2023)	the death notice the family dismisses as an error	clue, omen
telephone booth	2	The Birds (1963); Scanners (1981)		setting
telescope	2	The Wolf Man (1941); The Devil Rides Out (1968)	Larry spies on Gwen's room through his father's telescope	clue
television broadcast	2	The Howling (1981); They Live (1988)		omen, symbol
television static	2	Poltergeist (1982); Baskin (2015)		omen
temple	2	Purana Mandir (1984); Nang Nak (1999)		setting
tentacle	2	Jacob's Ladder (1990); The Mist (2007)		omen, threat
tire iron	2	The Hills Have Eyes (1977); The Invitation (2015)		weapon
tolling bells	2	Valerie and Her Week of Wonders (1970); Don't Look Now (1973)	bells open the film and toll over John's death	omen, symbol
tomb	2	The Mummy (1932); White Zombie (1932)		clue, setting
tombs	2	Kwaidan (1964); Tombs of the Blind Dead (1972)		setting, threat
trailer	2	Them! (1954); The Hills Have Eyes (1977)		clue, setting
trap door	2	The Haunting (1963); Oddity (2024)		threat, weapon
tree roots	2	Apostle (2018); Starve Acre (2023)		setting, threat
tunnels	2	Marebito (2004); Enys Men (2022)		setting
twin girls	2	The Shining (1980); Rigor Mortis (2013)		omen, threat
typewriter	2	Misery (1990); In the Mouth of Madness (1994)		threat, weapon
van	2	Calvaire (2004); Under the Skin (2013)		setting, trigger
vat of acid	2	The Curse of Frankenstein (1957); House on Haunted Hill (1959)		weapon
vhs tape	2	Censor (2021); Bring Her Back (2025)		clue, symbol
walls	2	The People Under the Stairs (1991); His House (2020)		setting, threat
water tank	2	Dark Water (2002); Splice (2009)		clue, turn
waterfall	2	Valerie and Her Week of Wonders (1970); A Quiet Place (2018)	the one place father and son can speak aloud	setting
wet bed	2	Veronica (2017); La Llorona (2019)	Antoñito's nightly promise, repeated as things worsen	omen
wind chime	2	The Conjuring (2013); The Night House (2020)	sounds at the opening and again when the entity leaves	omen
wooden stake	2	Dracula (1931); Gaia (2021)		trigger, weapon
worms	2	The Babadook (2014); Late Night with the Devil (2023)		symbol, turn
wristwatch	2	They Live (1988); The Killing of a Sacred Deer (2017)	Steven gives Martin a watch; Martin swaps the metal strap for leather, and Steve	clue, symbol
"you are alive" card	1	We Are What We Are (2010)	a blind singer hands Alfredo a message card; it returns at the end	symbol
11:11	1	Us (2019)	the Jeremiah 11:11 sign returns on Jason's clock	omen
2:17 a.m.	1	Weapons (2025)		omen
abandoned boat	1	Zombi 2 (1979)		trigger
abandoned building	1	Kandisha (2020)		setting
abandoned cabin	1	The Wind (2018)		setting
abandoned car	1	You Are Not My Mother (2021)		trigger
abandoned city	1	Pulse (Kairo) (2001)		setting
abandoned convent	1	Prom Night (1980)		setting
abandoned family home	1	Smile (2022)		setting
abandoned fishing village	1	Djinn (2013)		setting
abandoned mansion	1	Sweet Home (1989)		setting
abandoned palace	1	Mahal (1949)		setting
abandoned plant	1	One Cut of the Dead (2017)		setting
abandoned pool	1	Jennifer's Body (2009)		setting
abandoned tent	1	The Ritual (2017)		omen
abandoned trucks	1	From Dusk till Dawn (1996)		clue
acid eye drops	1	Climax (2018)	a dancer's story foreshadows the final image	omen
acorns	1	Antichrist (2009)		omen
acupuncture needles	1	Audition (1999)		weapon
adder stone	1	Coraline (2009)		weapon
african art	1	Ganja & Hess (1973)		setting
ageing finger	1	The Substance (2024)		omen
ageless portrait	1	Kuntilanak (2006)	painting of the Mangkujiwo matriarch in the boarding house	clue
air ducts	1	Alien (1979)		setting
airlock	1	Aliens (1986)		weapon
airlock door	1	Alien (1979)		weapon
airplane	1	Saloum (2021)		trigger
albino alligator	1	Annihilation (2018)		threat
album of the dead	1	The Others (2001)		clue
alcohol and cigarettes	1	Bhoothakaalam (2022)		symbol
alien corpse	1	Alien (1979)		omen
alligator	1	X (2022)		weapon
alpacas	1	Color Out of Space (2019)		omen
aluminum foil	1	Noroi: The Curse (2005)		weapon
anagram document	1	Seklusyon (2016)		clue
anatomy painting	1	The Curse of Frankenstein (1957)		symbol
anchor	1	Oculus (2013)		weapon
ancient queen	1	Ganja & Hess (1973)	Hess invokes Helgda, fourth queen of Myrthia	symbol
angel of death	1	The Devil Rides Out (1968)		threat
angel wings	1	Saint Maud (2019)		symbol
angel-shaped lamp	1	The Other (1972)		symbol
animal blood	1	Interview with the Vampire (1994)		symbol
animal bones	1	The Descent (2005)		omen
animal carcass	1	The Hallow (2015)		omen
animal carcasses	1	Marebito (2004)		symbol
animal cruelty on television	1	Razorback (1984)	Beth's TV exposé on rodeo cruelty before she leaves for Australia	mirror
animals copulating	1	The Untamed (2016)		omen
ankh pendant	1	The Hunger (1983)		weapon
ankle monitor	1	Housebound (2014)		setting
anklets	1	Manichitrathazhu (1993)	Nagavalli's 150-year-old anklets heard at night	clue
antidepressants	1	Bhoothakaalam (2022)		symbol
antique shop	1	Blood and Black Lace (1964)	where Nicole is killed with the spiked glove	setting
antique store	1	Gremlins (1984)		setting
antique watch brooch	1	Housebound (2014)		clue
ants	1	Prince of Darkness (1987)		omen
apartment tower	1	Shivers (1975)		setting
ape costume	1	The Masque of the Red Death (1964)		turn
apparitions of the living	1	Munafik (2016)		turn
apple offered	1	Blood on Satan's Claw (1971)	the children lure Mark to their game with an apple	omen
apple tree	1	Men (2022)	Harper eats an apple from the garden on arrival; Geoffrey jokes it is forbidden	omen
apples	1	The Wolf House (2018)		symbol
apples and razor blades	1	Night of the Demons (1988)		omen
approaching storm	1	The Autopsy of Jane Doe (2016)		setting
archangel statue	1	Cronos (1993)		clue
archer's bow	1	The Host (2006)	Nam-joo's archery, first seen failing on TV and later used against the creature	weapon
arm dangling from mouth	1	The Host (2006)		threat
armless saint	1	Santa Sangre (1989)		omen
artist's studio	1	The Uninvited (1944)		setting
ashtray	1	The Fly (1958)		clue
asthma inhaler	1	One Missed Call (2003)		clue
asylum	1	Ghost Stories (2017)		setting
athame	1	The Love Witch (2016)		weapon
atomic breath	1	Godzilla (1954)		threat
attack dog	1	Green Room (2015)		threat
attic hatch	1	Paranormal Activity (2007)		setting
audio tape	1	Society (1989)		clue
audio tapes	1	Session 9 (2001)		clue
audiotape	1	The Sixth Sense (1999)		clue
audition interviews	1	Climax (2018)	the dancers' taped interviews, watched on a television	setting
author burned at the stake	1	The Ninth Gate (1999)		symbol
autopsy module	1	Crimes of the Future (2022)	the Sark, used for live surgery shows	setting
axe and table saw	1	Frontier(s) (2007)		weapon
axe through the skull	1	The Return of the Living Dead (1985)	the brain-spike from the movies fails; the cadaver squirms pinned to the floor	weapon
axe trap	1	You're Next (2011)		weapon
aztec temple	1	From Dusk till Dawn (1996)		setting
baboon	1	The Fly (1986)		omen
baby as shield	1	The Dead Zone (1983)		turn
baby bottles	1	Marebito (2004)		symbol
baby cadavers	1	Macabre (2009)		clue
baby on a lotus leaf	1	Jigoku (1960)		symbol
baby starlings	1	Mandy (2018)	Mandy's childhood memory of her father making the children kill baby birds	symbol
baby's remains	1	Mama (2013)		clue
babysitter flyer	1	The House of the Devil (2009)	the job is not for a child: 'This job tonight is not for a child but for my wife	trigger
backhoe	1	Demon (2015)		
bad city	1	A Girl Walks Home Alone at Night (2014)	the town's name	setting
bad tap water	1	Dark Water (2002)	a woman visiting the building says the water here is no good	omen
badly burnt joss sticks	1	Mr. Vampire (1985)		omen
bag	1	Possum (2018)	the puppet's bag, and the bag the masked man stuffed children into	threat
bag in the snow	1	Dead Snow (2009)		clue
bag over head	1	It Comes at Night (2017)		symbol
ball	1	Kill, Baby, Kill (1966)		clue
balloon	1	Nope (2022)		weapon
bamboo grove	1	Kuroneko (1968)		setting
bandaged face	1	Eyes Without a Face (1960)		threat
bandaged saint	1	Thirst (2009)		symbol
bandages and goggles	1	The Invisible Man (1933)		symbol
bandages and scars	1	Let's Scare Jessica to Death (1971)		omen
banknotes	1	They Live (1988)		symbol
banned books	1	Detention (2019)		trigger
barbed wire	1	Eden Lake (2008)		weapon
barbed wire post	1	High Tension (2003)		weapon
barbed wire wall	1	Night of the Demons (1988)		setting
bare feet	1	Thirst (2009)	Tae-ju runs out barefoot at night; later she orders shoes worn in the house	symbol
barking dogs	1	The Untamed (2016)	how the shepherd finds Fabián's body	omen
barking like a dog	1	Incantation (2022)	a game between Dodo and her mother; Dodo also longs for a dog called Woofy	symbol
barn straw	1	The Exorcism of Emily Rose (2005)	the exorcism moves to the family barn	setting
barred windows	1	House on Haunted Hill (1959)		setting
barrels	1	Jaws (1975)		clue
barren livestock	1	Apostle (2018)		omen
basement armchair	1	Get Out (2017)		setting
basement armory	1	Tremors (1990)		weapon
basement door	1	Don't Breathe (2016)		clue
basement pen	1	The People Under the Stairs (1991)		setting
basins of blood	1	Cronos (1993)		omen
basket	1	The Company of Wolves (1984)		setting
bat bone ink	1	Stree (2018)		weapon
bat locket	1	Veerana (1988)		symbol
bat-like creatures	1	Lifeforce (1985)		omen
bat-shaped asylum	1	Session 9 (2001)	the hospital's plan, a staff block with two crooked wings	setting
bathrobe	1	Cat People (1942)		clue
bathroom scale	1	Shutter (2004)	an early hint of the weight on Tun's shoulders	clue
bats in the cave	1	Day of the Dead (1985)		omen
batteries	1	Child's Play (1988)		clue
battle axe	1	Mandy (2018)		weapon
battlefield	1	A Field in England (2013)		setting
battlefield graveyard	1	The Black Cat (1934)		setting
bay	1	A Bay of Blood (1971)		setting
bayonet	1	Jacob's Ladder (1990)		weapon
beached sharks	1	The Craft (1996)		omen
bears	1	The Ritual (2017)	joked about before they enter the forest	omen
beating bird wings	1	Hellraiser (1987)		omen
beating heart	1	Bride of Frankenstein (1935)		symbol
beating heart in walls	1	Mother! (2017)		omen
bed on fire	1	Atlantics (2019)		omen
bed sheets as ghost costume	1	Beetlejuice (1988)		symbol
bed, bucket and camera	1	Barbarian (2022)		clue
bedposts	1	Cat People (1982)		
bedridden woman	1	Good Madam (2021)		threat
bedroom door	1	Barbarian (2022)		omen
bee-like creatures	1	From Beyond (1986)		threat
beehive	1	Sleepaway Camp (1983)		weapon
beer crates	1	Feng Shui (2004)		weapon
bees	1	Candyman (1992)		threat
beetle on a nail	1	The Wicker Man (1973)	a schoolgirl's beetle winds round a nail until it is trapped, foreshadowing Howi	omen
beetles	1	Prince of Darkness (1987)	the possessed homeless man Wyndham turns out to be a husk of crawling beetles	threat
beetles and insects	1	A Bay of Blood (1971)	Fossati the entomologist pins insects; his wife reads tarot	symbol
beggar and his dog	1	Invasion of the Body Snatchers (1978)	the pair later duplicated together as the dog-human hybrid	omen
beheaded corpse	1	Black Sabbath (1963)		omen
beheaded dog	1	Candyman (2021)	from Helen Lyle's story told at the dinner party	omen
beheaded dolls	1	Don't Torture a Duckling (1972)		clue
behind-the-scenes clip	1	Coming Soon (2008)		clue
bell	1	The Beyond (1981)		omen
bell on the ankle	1	The Autopsy of Jane Doe (2016)	the old custom; the bell later rings in the corridor	omen
bells	1	Whispering Corridors (1998)		clue
bells and cameras	1	The Conjuring (2013)		clue
belt	1	The Black Phone (2021)		weapon
bengali song at night	1	Bhool Bhulaiyaa (2007)		clue
berlin wall	1	Possession (1981)		symbol
best friend necklace	1	Jennifer's Body (2009)		symbol
betting board	1	The Cabin in the Woods (2011)	the staff bet on which monster the victims will pick	symbol
bier with tied body	1	Sewu Dino (2023)		threat
big empty house	1	Good Madam (2021)		setting
billboard	1	The Substance (2024)		omen
billhook	1	A Bay of Blood (1971)		weapon
binge food	1	The Substance (2024)		symbol
biomechanical chair	1	Crimes of the Future (2022)		setting
biplanes	1	King Kong (1933)		weapon
bird at the window	1	Djinn (2013)		omen
birdman	1	Hour of the Wolf (1968)		threat
birds at a hanged corpse	1	The Curse of Frankenstein (1957)		omen
birds cawing	1	Martyrs (2008)		omen
birds falling from the sky	1	Kuroneko (1968)		omen
birth seen from the womb	1	Splice (2009)		mirror
birthday cake	1	Sisters (1972)		omen
birthday cake and candles	1	The Descent (2005)	Jessica's fifth birthday recurs in Sarah's visions; six candles in the final ima	symbol
birthday card	1	Longlegs (2024)		omen
birthday card from father	1	Paperhouse (1988)	sent from Mogadishu, with her name misspelled	clue
bite like a cat or rat	1	Vampyr (1932)		clue
bite mark	1	Paranormal Activity (2007)		threat
bite marks	1	Dracula (Horror of Dracula) (1958)		omen
bite marks and bruises	1	The Entity (1982)		clue
bite on the neck	1	We Are What We Are (2010)		turn
bite wounds	1	Vampyr (1932)		clue
bitten fingernails	1	Oculus (2013)	Alan chews his nails to the quick as the mirror takes hold	omen
bitten hand	1	Train to Busan (2016)		turn
bitten lollipop as blade	1	Trick 'r Treat (2007)		weapon
biwa	1	Kwaidan (1964)		symbol
black balloons	1	Possum (2018)		omen
black bile	1	Antlers (2021)		omen
black bruise	1	Godzilla Minus One (2023)		omen
black cat's grave	1	Veerana (1988)		omen
black cloth over head	1	The Fly (1958)		threat
black cockerel and white hen	1	The Devil Rides Out (1968)		omen
black eyes	1	Gonjiam: Haunted Asylum (2018)		threat
black fingertips	1	Gretel & Hansel (2020)		symbol
black fluid	1	Jennifer's Body (2009)		omen
black fly	1	Drag Me to Hell (2009)	buzzes in the 1969 prologue and around Christine after the curse; she coughs one	omen
black funerary garb	1	The Woman in Black (2012)		threat
black gloves	1	Deep Red (1975)		threat
black hair	1	Kwaidan (1964)		threat
black hood	1	Opera (1987)		threat
black lake	1	The Phantom of the Opera (1925)		setting
black liquid	1	Seklusyon (2016)		omen
black mould	1	Relic (2020)		threat
black pyramid	1	The Void (2016)		setting
black sludge	1	The Amityville Horror (1979)		threat
black sludge from ceiling	1	The Hallow (2015)		omen
black stain on the wall	1	Pulse (Kairo) (2001)		clue
black substance	1	The Babadook (2014)		turn
black tape over gaps	1	Dabbe (2006)	Tarik seals his house with tape and newspaper	clue
black telephone	1	The Black Phone (2021)		clue
black vomit	1	Late Night with the Devil (2023)		omen
black witch	1	Pari (2018)	the visible sign of the invisible djinn Ifrit	threat
black wolves	1	Nosferatu (2024)		threat
blacklight	1	Lights Out (2016)		weapon
blacklight paintings	1	Orphan (2009)		clue
blade in tripod	1	Peeping Tom (1960)		weapon
bladed glove	1	A Nightmare on Elm Street (1984)		weapon
blanket as child	1	Huesera (2022)		symbol
bleach	1	The Loved Ones (2009)		weapon
bleating animal	1	Apostle (2018)	an animal goes overboard on the crossing; a believer says it was meant to be	omen
bleeding head wound	1	Malignant (2021)		omen
blender	1	You're Next (2011)		weapon
blind children	1	May (2002)		mirror
blind nun	1	Veronica (2017)		mirror
blind priest at window	1	The Sentinel (1977)		omen
blind woman	1	Peeping Tom (1960)	Helen's blind mother, Mrs Stephens	mirror
blinds	1	Goodnight Mommy (2014)		setting
blinking eyes	1	Thirst (2009)	the paralysed mother-in-law communicates by blinking	clue
blizzard	1	Misery (1990)		setting
bloated body	1	Slither (2006)		threat
block of ice	1	Rare Exports (2010)		threat
blocked stairwells	1	REC (2007)		setting
blood and viscera	1	Baskin (2015)		threat
blood bags	1	Ganja & Hess (1973)		symbol
blood dripping from ceiling	1	Angel Heart (1987)		omen
blood from wrist	1	Near Dark (1987)		symbol
blood in a glass of water	1	Annihilation (2018)		omen
blood in food	1	Good Manners (2017)		symbol
blood on a bed	1	Personal Shopper (2016)		turn
blood on a window	1	Sisters (1972)		clue
blood on the floor	1	Cronos (1993)		symbol
blood on the van	1	The Texas Chain Saw Massacre (1974)		omen
blood on walls	1	Whispering Corridors (1998)		symbol
blood packs	1	Thirst (2009)		symbol
blood pentagram	1	One Cut of the Dead (2017)		trigger
blood red eyes	1	Purana Mandir (1984)		threat
blood thread	1	In Fabric (2018)		symbol
blood transfusion	1	Thirst (2009)		trigger
blood used as ink	1	Evil Dead II (1987)		symbol
blood-covered child	1	When Evil Lurks (2023)		threat
blood-filled coffin	1	Alucarda (1977)		threat
blood-red moon	1	Bulbbul (2020)		symbol
blood-soaked clothing	1	The Last House on the Left (1972)		clue
bloodied hands	1	Us (2019)		omen
bloodied man on road	1	The Loved Ones (2009)		omen
bloodied sack	1	A Tale of Two Sisters (2003)		turn
bloodstained raincoat	1	IT (2017)		clue
bloodstains	1	R-Point (2004)		omen
bloody arm	1	Carrie (1976)		turn
bloody dog in fog	1	Cujo (1983)		omen
bloody hand	1	Macabre (2009)		omen
bloody knife	1	Deep Red (1975)		clue
blooming vegetation	1	Apostle (2018)		symbol
blowtorch	1	Hostel (2005)		weapon
blue iris	1	Suspiria (1977)		clue
blue-eyed dog	1	Good Madam (2021)		omen
bluebeard	1	Cure (1997)	the fairy tale Takabe's wife reads, in which the wife kills her husband	omen
blurred photograph	1	The Devil's Backbone (2001)		symbol
boar	1	Razorback (1984)		threat
board game by lantern	1	A Quiet Place (2018)	the lantern knocked over during the game draws the creature	setting
boarded cellar	1	The Conjuring (2013)		setting
boarded door	1	The Changeling (1980)		clue
boarded windows	1	Night of the Living Dead (1968)		setting
boat with dying man	1	Ugetsu (1953)		omen
bobby pin	1	Misery (1990)		clue
bodies in bags	1	X (2022)		omen
bodies in bathroom	1	A Bay of Blood (1971)		clue
bodies in the forest	1	Veerana (1988)		omen
bodies in trees	1	The Tag-Along (2015)		setting
bodies under floorboards	1	The Night House (2020)		turn
bodies under houses	1	Dukun (2018)		clue
bodies washed ashore	1	Who Can Kill a Child? (1976)		omen
body bag	1	Qodrat (2022)		omen
body hanging from a tree	1	The Visit (2015)		clue
body hanging from tree	1	Scream (1996)		omen
body impaled on branches	1	The Ritual (2017)		threat
body in concrete	1	Svaha: The Sixth Finger (2019)		clue
body in eighteen pieces	1	Dukun (2018)		clue
body in formaldehyde	1	The House with Laughing Windows (1976)	the sisters keep the painter's corpse	threat
body in the wall	1	Phone (2002)		clue
body part in a gift box	1	The Nightshifter (2018)		omen
body pit	1	Tigers Are Not Afraid (2017)		setting
body turned inside out	1	Society (1989)		weapon
bog	1	Calvaire (2004)		setting
boiler room	1	A Nightmare on Elm Street (1984)		setting
boiling pot	1	My Bloody Valentine (1981)		weapon
boiling soup	1	Hagazussa (2017)		turn
bolt-cutters	1	Razorback (1984)		weapon
bomb	1	From Beyond (1986)		weapon
bombs in the house	1	The People Under the Stairs (1991)		weapon
bone furniture	1	The Texas Chain Saw Massacre (1974)		setting
bone whistle	1	Bone Tomahawk (2015)		weapon
bone-saw	1	Re-Animator (1985)		weapon
bones called a dog	1	Demon (2015)	the bride's father insists the skeleton is a buried dog	clue
bonfires	1	Messiah of Evil (1973)		omen
book covers as map	1	In the Mouth of Madness (1994)		clue
book of rites	1	The Black Cat (1934)		symbol
book of spells	1	Color Out of Space (2019)		symbol
book of the legend	1	Lady Terminator (1988)		clue
book of tibetan mysticism	1	The Cremator (1969)		symbol
book on the djinn	1	Under the Shadow (2016)		clue
book on witchcraft	1	Rosemary's Baby (1968)		clue
book with a face	1	The Evil Dead (1981)		threat
boot	1	Cube (1997)		clue
boots removed	1	House of Usher (1960)	visitors must go softly because Roderick cannot bear sound	clue
border collie	1	Dog Soldiers (2002)		symbol
bottle of blood	1	The Lost Boys (1987)		trigger
bottle of vodka	1	Mandy (2018)		turn
bottles of blood	1	Mystics in Bali (1981)		trigger
boulders	1	Tremors (1990)		setting
bound feet	1	Feng Shui (2004)		symbol
bound mother	1	You Are Not My Mother (2021)		turn
box for sleeping	1	Cronos (1993)		
box of gold	1	Dead Snow (2009)		trigger
box of matches	1	The Girl with All the Gifts (2016)		weapon
boxes of soil	1	Bram Stoker's Dracula (1992)		clue
boy in a cage	1	Veerana (1988)		omen
boy with cut throat	1	Children of the Corn (1984)		omen
bra	1	Tiger Stripes (2023)		trigger
braid	1	Stree (2018)		weapon
brain implant	1	Possessor (2020)		weapon
branch	1	Mama (2013)		clue
branding iron	1	Witchfinder General (1968)		weapon
bread	1	Seklusyon (2016)		omen
bread and wine	1	Bride of Frankenstein (1935)		symbol
breadcrumbs	1	Hansel and Gretel (2007)		symbol
breathing over the radio	1	The Hills Have Eyes (1977)	the cannibals listen in on the family's CB radio	omen
breathing under mask	1	Halloween (1978)	recurs every time Michael watches	threat
bricked-up exits	1	Demons (1985)		setting
bricked-up windows	1	The Legend of Hell House (1973)		setting
bridal gown	1	House (Hausu) (1977)		symbol
bride levitating	1	The Queen of Black Magic (1981)		threat
briefcase of gold	1	Saloum (2021)		trigger
bristly hairs	1	The Fly (1986)		omen
broken bowl	1	Daughters of Darkness (1971)		weapon
broken camera light	1	REC (2007)	forces the switch to night vision	omen
broken cane	1	Dr. Jekyll and Mr. Hyde (1931)		clue
broken glass	1	Inferno (1980)		weapon
broken glass and petals	1	Satan's Slave (1982)		weapon
broken glasses	1	Mama (2013)		symbol
broken guitar neck	1	Sinners (2025)	the twins' father's guitar; Sammie will not let it go	symbol
broken horns	1	The Lure (2015)	Triton, the merman who warns the sisters, shows where fishermen broke off his ho	symbol
broken inhaler	1	I Saw the TV Glow (2024)		symbol
broken leg	1	Dumplings (2004)		turn
broken sink	1	Mother! (2017)		turn
broken spectacles	1	Dead of Night (1945)	Craig foretells the doctor's broken glasses; at the end they leave him helpless 	omen
broken window	1	The Hallow (2015)		omen
broom handle	1	Evil Dead Rise (2023)		weapon
bruise	1	Relic (2020)		omen
bucket of blood	1	Carrie (1976)		trigger
bugs and worms	1	The Tag-Along (2015)		omen
bullet	1	Near Dark (1987)		clue
burial alive	1	I Saw the TV Glow (2024)		threat
burial site	1	Bone Tomahawk (2015)		omen
buried body	1	The Taking of Deborah Logan (2014)		clue
buried dolls	1	Veerana (1988)		omen
buried phone	1	Lake Mungo (2008)		clue
buried photo album	1	13B (2009)		clue
buried river	1	KM 31 (2006)		clue
buried underground city	1	Malignant (2021)		setting
burlap mask	1	Triangle (2009)		threat
burlap sack mask	1	Trick 'r Treat (2007)		threat
burn mark	1	A Nightmare on Elm Street (1984)		clue
burn marks	1	Veronica (2017)		clue
burn scar	1	Errementari (2017)		clue
burned hut	1	Sumpah Orang Minyak (1958)		omen
burned manuscript	1	Bulbbul (2020)		clue
burned shuttle	1	Lifeforce (1985)		clue
burning bar	1	Near Dark (1987)		setting
burning crucifix	1	Alucarda (1977)		symbol
burning forest	1	Bulbbul (2020)		setting
burning girl	1	Evil Dead (2013)		omen
burning hut	1	Cannibal Holocaust (1980)		symbol
burning kiln	1	Ugetsu (1953)		symbol
burning mansion	1	Ready or Not (2019)		setting
burning notes	1	Godzilla (1954)		symbol
burning stuffed animal	1	Lights Out (2016)		weapon
burning tires	1	The Dead Zone (1983)	the smell returns with his visions	omen
burning town	1	30 Days of Night (2007)		threat
burning windmill	1	Bride of Frankenstein (1935)		setting
burnt book	1	Stree (2018)		clue
burnt paper	1	The Day of the Beast (1995)		clue
burnt photograph	1	Paranormal Activity (2007)		clue
burnt tramp headline	1	The Day of the Beast (1995)		omen
bushpig	1	Gaia (2021)		omen
business card	1	Hostel (2005)		clue
bust	1	Whispering Corridors (1998)		clue
butterflies	1	Interview with the Vampire (1994)		omen
butterflies and insects	1	Opera (1987)		symbol
butterfly collection	1	Eerie (2018)		symbol
button eyes	1	Coraline (2009)		threat
buzzard	1	The Hills Have Eyes (1977)		omen
buzzing flies	1	Jennifer's Body (2009)		omen
buzzing insect	1	Under the Skin (2013)		mirror
buzzing insects	1	Zombi 2 (1979)	flies over the derelict boat, and again over the sick in Menard's hospital	omen
cabin	1	The Cabin in the Woods (2011)		setting
cabin in the woods	1	The Love Witch (2016)		setting
cabinet	1	Rigor Mortis (2013)		threat
cabinet of shed body parts	1	The Fly (1986)		symbol
cadaver	1	The Return of the Living Dead (1985)		threat
cadillac	1	Titane (2021)		trigger
cage over fire	1	Gretel & Hansel (2020)		threat
caged canary	1	Village of the Damned (1960)		omen
caged monsters	1	The Cabin in the Woods (2011)		threat
caged rabbits	1	Us (2019)		omen
cages	1	Heretic (2024)		setting
cairns	1	The Blair Witch Project (1999)		omen
cake	1	Gretel & Hansel (2020)		trigger
calendar in a photograph	1	13B (2009)	dates the dead family to 1977	clue
calendar triangle	1	Longlegs (2024)		clue
calf	1	Calvaire (2004)		omen
call bell	1	Oddity (2024)		trigger
calligraphy brush	1	The Eye (2002)		setting
camcorder	1	The Visit (2015)		setting
camcorder footage	1	Dawn of the Dead (2004)		turn
camera flashes	1	King Kong (1933)		trigger
camera tape	1	Dabbe (2006)		clue
camp bells	1	Bone Tomahawk (2015)	Chicory strings bells around the camp at night	clue
camp sign	1	Friday the 13th (1980)	the film opens on the sign, with distant sounds of children playing	setting
campfire in moonlight	1	The Howling (1981)		turn
canal	1	The Canal (2014)		setting
candelabra	1	Kill, Baby, Kill (1966)		weapon
candles and sugar	1	La Llorona (2019)		weapon
candles on the hill	1	Here Comes the Devil (2012)		symbol
candlestick	1	Repulsion (1965)		weapon
candlesticks	1	Dracula (Horror of Dracula) (1958)		weapon
candy box with heart	1	My Bloody Valentine (1981)		omen
candy man song	1	Candyman (2021)	the 1970s pop song over the opening credits	omen
cane	1	The Dead Zone (1983)		symbol
cans thrown to the creature	1	The Host (2006)		omen
cape and false fangs	1	Martin (1977)		mirror
capsized boat	1	Sleepaway Camp (1983)		omen
car alarm	1	The Invisible Man (2020)		omen
car at night	1	Get Out (2017)		omen
car crash on the road	1	Raw (2016)	Alexia causes crashes to feed on the victims; the film opens on a figure steppin	omen
car explosion	1	Lady Terminator (1988)		turn
car headlight	1	Lights Out (2016)		weapon
car keys	1	Oddity (2024)		clue
car moved in the night	1	Them (Ils) (2006)		clue
car radio	1	Christine (1983)		omen
car sinking in pond	1	Ghost Story (1981)		clue
car tyre	1	Trollhunter (2010)		clue
caravan	1	Ghost Stories (2017)		setting
carbon monoxide	1	Midsommar (2019)		omen
carcass	1	City of the Living Dead (1980)		omen
carcass on the road	1	X (2022)		omen
card game	1	The Student of Prague (1913)		mirror
cardboard boxes	1	They Live (1988)	hidden in the church; one holds the sunglasses	clue
cardinal and empty cage	1	Sleepy Hollow (1999)	Ichabod's spinning toy for Katrina; the crone later shows him a dead cardinal	symbol
cargo loader	1	Aliens (1986)		weapon
carnival	1	Bones and All (2022)		setting
carnivorous plant	1	Nosferatu (1922)		mirror
carousel	1	The Lost Boys (1987)	the boardwalk carousel where the gang first appears	setting
carpets	1	The Lure (2015)		turn
carriage	1	Nosferatu (2024)		setting
carriage door	1	Train to Busan (2016)		setting
cart of dead	1	Ravenous (1999)		setting
cartoon goblin advert	1	Mandy (2018)	the Cheddar Goblin macaroni commercial on Red's TV	symbol
carved font	1	Men (2022)		symbol
carved initials	1	Suspiria (2018)		symbol
carved pumpkin	1	You Are Not My Mother (2021)		clue
carved wooden post	1	A Field in England (2013)		omen
carving fork	1	Housebound (2014)		weapon
cassette recorder	1	1408 (2007)		clue
cassette tapes	1	Interview with the Vampire (1994)		clue
cast	1	The Innocents (2021)		turn
castle dungeon	1	Witchfinder General (1968)		setting
cat and rabbit	1	Kill List (2011)	the family cat leaves a dead rabbit; a bell tolls straight after	omen
cat feces and dove hearts	1	Häxan (1922)	Karna's love potion; a stronger one is boiled from a male sparrow	clue
cat hair and lizard tail	1	Stree (2018)	items the mystery girl asks Vicky to fetch in her love letter	clue
cat killing a bird	1	Dr. Jekyll and Mr. Hyde (1931)		omen
cat statue	1	The Picture of Dorian Gray (1945)		omen
cat thrown in bonfire	1	You Are Not My Mother (2021)		omen
catalogue	1	In Fabric (2018)	Babs's vision of a catalogue where she shrinks while her measurements grow	clue
catatonic girl	1	Them! (1954)		omen
caterpillar	1	Eden Lake (2008)		omen
caterpillar becoming a moth	1	The Void (2016)		symbol
cathedral altar	1	Lifeforce (1985)		setting
cattle	1	Village of the Damned (1960)		omen
cattle stampede	1	Tremors (1990)	Val's opening joke about stampedes returns as the idea that kills the last grabo	mirror
cauldron of gumbo	1	Angel Heart (1987)		
cave markings	1	Apostle (2018)		clue
cave painting	1	The Descent (2005)		clue
cawing birds	1	Daughters of Darkness (1971)		omen
celebration cake	1	Black Swan (2010)	the mother's cake for Nina's casting, almost thrown away	symbol
cell number	1	The Platform (2019)		setting
cellar	1	Macabre (2009)		setting
cellar objects	1	The Cabin in the Woods (2011)		trigger
cellar trapdoor	1	The Evil Dead (1981)		trigger
cellular phone	1	Scream (1996)		clue
cemetery gate inscription	1	Cemetery Man (1994)		omen
ceramic penguin	1	Misery (1990)		clue
cereal slogan	1	Cujo (1983)	'nothing wrong here', the Sharp Cereal Professor's line, repeated as things fall	mirror
chain	1	Saw (2004)		setting
chained bedroom	1	Good Manners (2017)		setting
chained infected soldier	1	28 Days Later (2002)		weapon
chained old woman	1	Tumbbad (2018)		threat
chained woman	1	Marebito (2004)		threat
chair on the ceiling	1	Skinamarink (2022)		omen
chalice	1	Seklusyon (2016)		symbol
chalk	1	Tigers Are Not Afraid (2017)		symbol
chalk circle	1	Viy (1967)		weapon
chalk door	1	Pan's Labyrinth (2006)		trigger
chalk drawings	1	I Saw the TV Glow (2024)		symbol
chanted 'nameless grave'	1	House of 1000 Corpses (2003)		omen
chanting through the wall	1	Rosemary's Baby (1968)	chanting and a recorder heard from the Castevets' apartment	omen
chanting voices	1	The Omen (1976)	a rising chant over the night sky opens the film and returns before each death	omen
chapel	1	Viy (1967)		setting
chapel wake	1	Eerie (2018)		turn
charm	1	Under the Shadow (2016)		weapon
chasm	1	Cemetery Man (1994)		setting
chef's knife	1	Halloween (1978)		weapon
chess board	1	Dawn of the Dead (2004)	Kenneth and Andy play chess across the zombie-filled car park	symbol
chess computer	1	The Thing (1982)	MacReady loses to the machine and pours his drink into its circuits	omen
chess game	1	The Black Cat (1934)		turn
chest	1	Alien (1979)		turn
chest burst	1	Aliens (1986)		threat
chest mouth	1	The Thing (1982)		threat
chicken	1	The Texas Chain Saw Massacre (1974)	a caged chicken in the house's living room	setting
chicken blood	1	Mr. Vampire (1985)		weapon
chickens	1	Angel Heart (1987)	Harry's repeated aversion; voodoo chicken sacrifices and a chicken foot left as 	omen
chickpeas	1	Errementari (2017)		weapon
child	1	The Platform (2019)		symbol
child at the door	1	Black Sabbath (1963)		threat
child barks like a dog	1	Vivarium (2019)		threat
child ghost	1	The Sixth Sense (1999)		clue
child graves	1	Impetigore (2019)		omen
child imitating an engine	1	Titane (2021)		omen
child on the road	1	KM 31 (2006)		trigger
child photo	1	Malignant (2021)		clue
child with bloody legs	1	Event Horizon (1997)		threat
child's crayon list	1	Frailty (2001)	young Adam writes his own list of 'demons', starting with a school bully	omen
child's grave	1	Sweet Home (1989)		clue
child's voice	1	Friday the 13th (1980)		trigger
childhood game chant	1	Prom Night (1980)	'killers are coming', chanted at Robin before she falls and echoed by the dying 	omen
children singing	1	In the Mouth of Madness (1994)		omen
children's bodies	1	Here Comes the Devil (2012)		turn
children's halloween party	1	Night of the Demon (1957)		setting
children's may song	1	Enys Men (2022)	a song in Cornish, heard from nowhere and again at the end	omen
children's rumour book	1	Carved (2007)		clue
children's song	1	The Birds (1963)	crows gather on the jungle gym while the schoolchildren sing a nonsense rhyme	omen
children's tv show	1	Don't Breathe (2016)	playing in the blind man's bedroom	symbol
chimneys	1	The Cremator (1969)		symbol
chimpanzees	1	28 Days Later (2002)		trigger
chocolate hares	1	The Wicker Man (1973)	in May Morrison's sweet shop; Myrtle later says 'Rowan's a hare'	clue
chocolate mousse	1	Rosemary's Baby (1968)		trigger
chocolates on the pillow	1	1408 (2007)	turn-down mints Mike eats before the hallucinations	clue
christening medal	1	The Changeling (1980)		clue
christmas carol	1	The Day of the Beast (1995)		symbol
christmas carolers	1	Black Christmas (1974)		setting
christmas carp	1	The Cremator (1969)	the wife's family recipe becomes Reinke's evidence that she is Jewish	clue
christmas eve	1	Inside (2007)		setting
christmas song on radio	1	Lamb (2021)		setting
church bell	1	Kill, Baby, Kill (1966)		
church bell at midnight	1	The Fog (1980)	the bell tolls as the legend ends and the fog's night begins	omen
church massacre	1	28 Days Later (2002)		omen
church organ	1	Carnival of Souls (1962)		omen
church spires	1	The Omen (1976)	Damien panics as the car approaches the church for a wedding	threat
cigarette butt	1	Long Weekend (1978)		omen
cigarette case	1	The Awakening (2011)		symbol
cigarette, match and champagne	1	Misery (1990)	Paul's book-finishing ritual, turned into a trap	symbol
cinema screening	1	Gremlins (1984)		setting
circus	1	Freaks (1932)		setting
cistern	1	The Devil's Backbone (2001)		setting
clapping hands	1	The Conjuring (2013)	the hide-and-clap game the entity joins	threat
clawed hand	1	Prince of Darkness (1987)		threat
clay dolls	1	Don't Torture a Duckling (1972)		omen
clay figure	1	The Golem (1920)		threat
cleaner's strange tools	1	When Evil Lurks (2023)		clue
cleaning products	1	The Stepford Wives (1975)		symbol
clock at 23:59	1	23:59 (2011)		omen
clock radio	1	1408 (2007)		threat
clock striking midnight	1	Black Sabbath (1963)	the five-day deadline	omen
clocks	1	Cronos (1993)		setting
closed room	1	Possum (2018)		clue
closet door	1	The Brood (1979)		setting
closet holes	1	Gonjiam: Haunted Asylum (2018)		threat
clothes	1	Personal Shopper (2016)		symbol
clothes line	1	Final Destination (2000)		weapon
cloud of smoke	1	Night of the Demon (1957)		omen
cloud that never moves	1	Nope (2022)		clue
cloud-shaped clouds	1	Vivarium (2019)		setting
cloudy eyes	1	The Autopsy of Jane Doe (2016)		clue
clown	1	IT (2017)		threat
clown doll	1	Poltergeist (1982)		threat
coal shed	1	The Orphanage (2007)		clue
coat button	1	Drag Me to Hell (2009)		threat
coat hook	1	Opera (1987)		weapon
cobra liquor	1	The Medium (2021)	a villager's case in the opening: 'This is the cause of your misery, paying for 	omen
cobwebs and rats	1	Cobweb (2023)	what Sarah lived among inside the walls; the film's title	symbol
cocaine	1	Blood and Black Lace (1964)	found in Isabella's house; links her to the addicted antique dealer	clue
cockatoo	1	Long Weekend (1978)		threat
cockroaches	1	The Babadook (2014)	seen by Amelia but not by the welfare visitors	omen
cocktail	1	Fresh (2022)		trigger
coconut	1	Bramayugam (2024)		symbol
cocoons	1	Gremlins (1984)		turn
coded letters	1	Longlegs (2024)		clue
coffin bed	1	The Phantom of the Opera (1925)	Erik sleeps in a coffin to remind him of death	symbol
coffin card	1	Satan's Slave (1982)	drawn by the fortune teller	omen
coffin with a window	1	Vampyr (1932)		mirror
coffin-like box	1	The Cabinet of Dr. Caligari (1920)		threat
coin in the heart	1	Kill, Baby, Kill (1966)		clue
coin mask	1	Rigor Mortis (2013)		symbol
coins	1	Häxan (1922)		symbol
coins falling from the sky	1	Nope (2022)		omen
cold body	1	Ghost Story (1981)		omen
cold spot	1	The Haunting (1963)		threat
colossal creature	1	The Mist (2007)		threat
combing hair	1	Satan's Slaves (2017)	the mother's hair comes out in the comb; her ghost demands it be combed	omen
comet	1	Lifeforce (1985)		setting
communion dress	1	The Others (2001)		threat
communion wafer	1	Bram Stoker's Dracula (1992)		weapon
computer disk	1	Pulse (Kairo) (2001)	the dead man's work disk carries the first image of the ghost	clue
computer screen	1	Pulse (Kairo) (2001)		threat
concert program	1	Night of the Demon (1957)	how the parchment was passed to Harrington	clue
conch shell call	1	I Walked with a Zombie (1943)		symbol
concrete saw	1	High Tension (2003)		weapon
confession letter	1	Kill, Baby, Kill (1966)		clue
confessional	1	Eerie (2018)		setting
conjoined twins	1	Sisters (1972)		clue
consecrated ashes	1	Raat (1992)		weapon
consumer goods	1	Dawn of the Dead (1978)		symbol
contagious evil	1	Censor (2021)	line from the film-within-the-film	symbol
contraceptive pills	1	It's Alive (1974)		clue
contract	1	The Student of Prague (1913)		trigger
convent bell	1	Repulsion (1965)		setting
convulsing body	1	The Blackcoat's Daughter (2015)		omen
coolers of meat	1	Macabre (2009)		clue
corkscrew	1	Hush (2016)		weapon
corn crucifix	1	Children of the Corn (1984)		symbol
corn silo	1	A Quiet Place (2018)		setting
corpse at table	1	Terrified (2017)		threat
corpse at window	1	Hush (2016)		threat
corpse in a bass case	1	Let's Scare Jessica to Death (1971)		turn
corpse in a closet	1	Carved (2007)		trigger
corpse in a crate	1	One Missed Call (2003)		threat
corpse in a freezer	1	Bring Her Back (2025)		clue
corpse in a tomb	1	The Pit and the Pendulum (1961)		clue
corpse in bed	1	Videodrome (1983)		turn
corpse in cellar	1	The Legend of Hell House (1973)		clue
corpse in morgue	1	Raw (2016)		threat
corpse in plastic	1	Daughters of Darkness (1971)		
corpse in river	1	Eyes Without a Face (1960)		omen
corpse in rocking chair	1	Black Christmas (1974)		threat
corpse in the sea	1	Juan of the Dead (2011)		omen
corpse in water	1	A Bay of Blood (1971)		clue
corpse into dust	1	Lifeforce (1985)		threat
corpse missing its spine	1	The Nightshifter (2018)		omen
corpse nailed to wall	1	The Beyond (1981)		clue
corpse on a gibbet	1	The Curse of Frankenstein (1957)		clue
corpse on a monument	1	The Texas Chain Saw Massacre (1974)		omen
corpse on a stretcher	1	The Sadness (2021)		omen
corpse on the subway	1	The Seventh Victim (1943)		threat
corpse parts	1	Frankenstein (1931)		setting
corpse rising	1	In a Violent Nature (2024)		threat
corpse that laughs	1	Hour of the Wolf (1968)		turn
corpse umbrella fence	1	Sewu Dino (2023)		setting
corpse under the house	1	Nang Nak (1999)		clue
corpse with ruined eyes	1	Event Horizon (1997)	a frozen crewman of the Event Horizon; eye mutilation recurs through the film	clue
corpses	1	The Nightshifter (2018)		clue
corpses at a table	1	Lisa and the Devil (1973)		threat
corpses in a pool	1	Poltergeist (1982)		clue
corpses in basement	1	The Visit (2015)		clue
corpses in bathtub	1	Next of Kin (1982)		turn
corpses sewn to walls	1	Jeepers Creepers (2001)		clue
corpses walking in line	1	Mr. Vampire (1985)		setting
corridors with secretions	1	Aliens (1986)		setting
corrosive vomit	1	The Fly (1986)		weapon
costume	1	The Village (2004)		clue
costume party	1	The Visit (2015)	Pop Pop's recurring delusion of dressing for a party	clue
costumed intruders	1	Nope (2022)	boys in alien suits sneaking onto the ranch	mirror
cottage	1	Phenomena (1985)		setting
cotton candy grapes	1	Fresh (2022)	Steve's opening line at the supermarket	trigger
cotton stuffing	1	Get Out (2017)		weapon
cough	1	Carved (2007)		omen
counted footsteps	1	Suspiria (1977)		clue
country estate	1	The Innocents (1961)		setting
coventry carol	1	Byzantium (2012)	the carol recurs and closes the film	symbol
cover over head	1	Saint Maud (2019)		symbol
covered heads	1	The Killing of a Sacred Deer (2017)		setting
cows	1	Raw (2016)		setting
cows at a slaughterhouse	1	Bones and All (2022)		mirror
coyote	1	The Invitation (2015)	Will finishes it off with a tire iron; its blood stays on his face at the party,	omen
coyotes	1	Near Dark (1987)		symbol
cpr	1	Saint Maud (2019)		omen
crabs on a beach	1	Triangle (2009)		omen
crabs with human faces	1	Kwaidan (1964)	the drowned Heike's haunting of the Dan-no-ura coast	symbol
crack	1	Repulsion (1965)		omen
crack in the wall	1	House of Usher (1960)		omen
cracking glass	1	May (2002)	the sound of Suzie's case cracking returns whenever May is hurt	omen
cracking knuckles	1	Huesera (2022)		omen
crane hook	1	Black Christmas (1974)		weapon
crashed car	1	Them (Ils) (2006)		omen
crashed van	1	Society (1989)		omen
crashes in the walls	1	The Orphanage (2007)		clue
crashing plane	1	Village of the Damned (1960)		omen
crate	1	Salem's Lot (1979)		trigger
crater	1	Wolf Creek (2005)		setting
crawl space	1	Roh (2019)		setting
crayon drawings	1	Children of the Corn (1984)	Sarah's drawings record the massacre and foretell the outsiders' arrival	clue
creaking merry-go-round	1	The Ring (2002)	where the doctor tells Rachel that Anna wanted a child more than anything	setting
creature in the woods	1	Ghost Stories (2017)		threat
creatures	1	Dabbe (2006)		threat
creepy old radio song	1	Impetigore (2019)	Maya's radio is stuck on AM in the toll booth	omen
crematorium	1	Night of the Demons (1988)		setting
crematorium chimney	1	The People Under the Stairs (1991)		symbol
crematorium oven	1	The Cremator (1969)		setting
crescent birthmark	1	Dachra (2018)		clue
crevice	1	Picnic at Hanging Rock (1975)		threat
crib	1	Huesera (2022)		symbol
crib and sofa	1	Thelma (2017)		clue
cricket bat	1	Shaun of the Dead (2004)		weapon
cries for help	1	Pee Mak (2013)	the wounded soldier's opening cries return when Mak remembers the battlefield	mirror
cross on the wall	1	Personal Shopper (2016)		omen
cross pendant	1	From Dusk till Dawn (1996)		weapon
crosses on the walls	1	In the Mouth of Madness (1994)	John has covered his padded cell and himself in crosses	symbol
crossroads	1	I Walked with a Zombie (1943)		setting
crowbar	1	Don't Breathe (2016)		weapon
crowd of ghosts	1	The Eye (2002)		omen
crown	1	Hereditary (2018)		symbol
crows and porcupines	1	Cat People (1982)	zoo chatter in the last scene: two species that should be kept apart	mirror
crows on a corpse	1	28 Days Later (2002)	startled crows dislodge the drop of blood that infects Frank	omen
crows on corpses	1	Kuroneko (1968)		omen
crows on jungle gym	1	The Birds (1963)		threat
crows' blood	1	Rigor Mortis (2013)		weapon
crucifix forbidden	1	The Masque of the Red Death (1964)		symbol
crucifixion	1	Calvaire (2004)		symbol
crucifixion and fire	1	The Hills Have Eyes (1977)		threat
cruciform shotgun	1	From Dusk till Dawn (1996)		weapon
crumbling ceiling	1	The Golem (1920)		turn
crying babies	1	Noroi: The Curse (2005)		omen
crying baby on the radio	1	Enys Men (2022)		omen
crying infant	1	Eraserhead (1977)		threat
crystal object	1	Mother! (2017)		symbol
cuckoo and dead chicks	1	Vivarium (2019)	Gemma's pupils find dead fledglings beneath a tree	omen
cupboard	1	The Sixth Sense (1999)		threat
curling iron	1	Sleepaway Camp (1983)		weapon
cursed casket	1	The Mummy (1932)		trigger
cursed email	1	Art of the Devil (2004)		omen
curtains and blinds	1	Possessor (2020)	Tate's data-mining job, watching homes through webcams	setting
custard	1	Braindead (1992)		symbol
cut black hair	1	Frontier(s) (2007)		symbol
cut on a finger	1	Wes Craven's New Nightmare (1994)		omen
cuts on arm	1	Martyrs (2008)		omen
cyclist	1	In the Mouth of Madness (1994)		omen
cylinder of green liquid	1	Prince of Darkness (1987)		threat
daffodils	1	Detention (2019)	Rayshin's drawings; Mr Chang's last letter	symbol
daggers	1	The Omen (1976)		weapon
dam	1	Lake Mungo (2008)		setting
dancer apparition	1	KKN di Desa Penari (2022)		omen
dancing corpses	1	The Masque of the Red Death (1964)		symbol
dark forest	1	Hansel and Gretel (2007)		setting
dark shape in the surf	1	Long Weekend (1978)	later found to be the dying dugong	omen
darkened cell	1	Bhoot (2003)		setting
darkening flock of birds	1	Byzantium (2012)	over the island shrine	omen
dead bird on the road	1	Triangle (2009)	Jess hits a seagull and stops to bury it	omen
dead birds	1	A Tale of Two Sisters (2003)		omen
dead boy scouts	1	Cemetery Man (1994)	the busload of scouts later rises together	threat
dead canary	1	Poltergeist (1982)	Tweety is buried in a cigar box in the back yard, a small burial over a hidden g	omen
dead cat in refrigerator	1	The Howling (1981)		clue
dead child	1	Corazon: The First Aswang (2012)		clue
dead cow	1	Dog Soldiers (2002)		omen
dead deer	1	Mandy (2018)		omen
dead dogs	1	Ginger Snaps (2000)		omen
dead fish	1	Train to Busan (2016)		omen
dead goat	1	The Wailing (2016)		omen
dead gull	1	The Birds (1963)		omen
dead gull in cistern	1	The Lighthouse (2019)		omen
dead infant in basement	1	Rosemary's Baby (1968)	Hutch's history of the 'Black Bramford', with child-eating sisters and Adrian Ma	omen
dead leaves	1	Cemetery Man (1994)	Gnaghi's obsession	symbol
dead man's seat	1	The Eye (2002)		omen
dead mother's keepsake	1	Sweet Home (1989)		symbol
dead mouse	1	The Blair Witch Project (1999)		omen
dead pet	1	Goodnight Mommy (2014)	Leo, the twins' hissing pet, is found dead and they blame their mother	omen
dead phone line	1	Skinamarink (2022)		omen
dead pigeon	1	The Innocents (1961)	Miles keeps it hidden under his pillow	omen
dead plant	1	Burnt Offerings (1976)		omen
dead plants	1	Eraserhead (1977)		setting
dead pregnant cat	1	Ghostwatch (1992)		omen
dead puppy	1	The Curse of Frankenstein (1957)		omen
dead rat	1	Hagazussa (2017)		weapon
dead seagulls	1	Triangle (2009)		omen
dead sister's room	1	The Old Dark House (1932)		clue
dead tree	1	Antichrist (2009)		setting
death as a woman	1	The Cremator (1969)		omen
death certificate	1	Censor (2021)		clue
death marks	1	May the Devil Take You (2018)		omen
death pit	1	Black Sunday (1960)		setting
death rattle	1	Ju-on: The Grudge (2002)		threat
death's-head moth	1	The Silence of the Lambs (1991)		clue
deathbird	1	Nosferatu (1922)	the chronicler's image for Nosferatu; it returns when Ellen sleepwalks and in th	omen
decapitated statue	1	The Medium (2021)		omen
decapitation	1	Byzantium (2012)		weapon
decayed child	1	Dark Water (2002)		threat
decaying corpse	1	An American Werewolf in London (1981)		omen
decaying flesh	1	Deathdream (1974)		threat
deck of cards	1	Magic (1978)		symbol
deep hole	1	The Village (2004)		weapon
deep pit	1	Rare Exports (2010)		clue
deep water warning sign	1	The Canal (2014)		omen
deer carcass	1	The Wailing (2016)		omen
deer in the forest	1	An American Werewolf in London (1981)	David's dream-run through the forest as a predator	omen
deformed body	1	Sumpah Orang Minyak (1958)		symbol
deformed children	1	Frontier(s) (2007)		clue
deformed skull	1	Blood on Satan's Claw (1971)		trigger
demonic hands	1	Drag Me to Hell (2009)		threat
demons	1	Jacob's Ladder (1990)		threat
derelict boat	1	Videodrome (1983)		setting
derelict palace	1	Alucarda (1977)		setting
descending elevator	1	Angel Heart (1987)		symbol
desecrated cross	1	Häxan (1922)		symbol
desecrated statue	1	The Exorcist (1973)		clue
deserted city	1	28 Days Later (2002)		setting
deserted temple	1	A Chinese Ghost Story (1987)		setting
desiccated corpse	1	Deep Red (1975)		clue
destroyed bridge	1	Evil Dead II (1987)		setting
devil-faced playing cards	1	Ready or Not (2019)		symbol
diamond turned to heart	1	Magic (1978)		symbol
diaries	1	Next of Kin (1982)		clue
diazepam bottle	1	The Invisible Man (2020)		clue
digger named hana	1	Demon (2015)		clue
diner	1	The Killing of a Sacred Deer (2017)		setting
dinosaurs	1	King Kong (1933)		threat
dirt	1	Pyewacket (2017)		omen
dirt bikes	1	Pumpkinhead (1988)		trigger
dirty feet	1	Pet Sematary (1989)		omen
disappearing doors and windows	1	Skinamarink (2022)		threat
disco floor	1	Prom Night (1980)		setting
disembodied hand	1	Housebound (2014)		omen
disembodied voice	1	Session 9 (2001)		omen
disembodied voices	1	The Innocents (1961)		omen
disemboweled corpse	1	When Evil Lurks (2023)		trigger
disembowelment	1	Suspiria (2018)		threat
disfigured face	1	Onibaba (1964)		mirror
disinfection checkpoint	1	Train to Busan (2016)	road sign at the hog farm where the deer is hit	omen
dismembered corpses	1	Possession (1981)		clue
dissected specimen	1	Day of the Dead (1985)		mirror
distorted phone voice	1	The Night House (2020)		omen
distorted photo	1	13B (2009)		omen
distress signal	1	Event Horizon (1997)		omen
disturbed grave	1	Ghost Story (1981)	in the tale of a woman buried alive told at the club	omen
doctor's diary	1	The Cabinet of Dr. Caligari (1920)		clue
documentary camera	1	The Medium (2021)		setting
documentary film	1	Sisters (1972)	a newsreel about the Blanchion twins	clue
documentary war footage	1	Who Can Kill a Child? (1976)		omen
dog barking	1	Witchfinder General (1968)		omen
dog barking at the sea	1	The Fog (1980)		omen
dog bowl	1	Audition (1999)		symbol
dog collars	1	Ginger Snaps (2000)		clue
dog fed the spell	1	Siccin (2014)		weapon
dog on the card	1	The People Under the Stairs (1991)	foreshadows the Robesons' dog Prince	omen
dog run over, alive	1	Terrified (2017)	a dog they thought they had killed turns out alive, foreshadowing the dead boy's	omen
dog sensing the unseen	1	Poltergeist (1982)	E. Buzz the spaniel growls, then rolls over and plays for something on the wall	omen
dog yelping	1	The Strangers (2008)		omen
dog-human hybrid	1	Invasion of the Body Snatchers (1978)		turn
dog-man servant	1	Island of Lost Souls (1932)	M'ling, Montgomery's servant made from a dog	mirror
dogs barking	1	Ganja & Hess (1973)		omen
dogs that fled	1	When Evil Lurks (2023)		omen
doll costume	1	House of 1000 Corpses (2003)		symbol
doll in a bottle	1	Veerana (1988)		weapon
doll in a pram	1	The Orphanage (2007)		omen
doll's head	1	Under the Shadow (2016)		omen
doll's house	1	The Awakening (2011)		clue
doll's red lips	1	Siccin (2014)	the blind daughter asks what red looks like	symbol
dollhouse	1	Skinamarink (2022)		symbol
dolls	1	Interview with the Vampire (1994)	Claudia is given a doll every year on the night she was turned	symbol
don quixote	1	The Platform (2019)	the book Goreng chose as his one item	symbol
donald duck doll head	1	Don't Torture a Duckling (1972)		clue
door behind clock	1	Cobweb (2023)		trigger
door crack	1	Black Christmas (1974)		threat
doorbell	1	High Tension (2003)		omen
doorbell footage	1	Weapons (2025)		clue
dostoevsky novel	1	It Follows (2014)	Yara reads The Idiot throughout; its passage on certain death closes the film	mirror
dough doll	1	Tumbbad (2018)		weapon
doves	1	Eyes Without a Face (1960)		symbol
dracula costume	1	A Girl Walks Home Alone at Night (2014)		mirror
dragon-like beast	1	The Ninth Gate (1999)		symbol
drain	1	Ghost Stories (2017)		clue
drained body	1	Deathdream (1974)		clue
drawing of a house	1	Paperhouse (1988)		trigger
drawing of ghost	1	The Devil's Backbone (2001)		clue
drawings of the family	1	Housebound (2014)	Eugene has watched and drawn Kylie's whole childhood from the walls	mirror
drawn wristwatch	1	Rigor Mortis (2013)	the son's phone game, "What time is it, Mr. Fox?"	symbol
dream house	1	The Nightshifter (2018)	house number 80, which Odete wanted	symbol
dream of car crash	1	The Blackcoat's Daughter (2015)		omen
dream of dead mother	1	Munafik (2016)	Amir's dream; he is himself already dead	omen
drenched corpse	1	Lake Mungo (2008)		omen
dress	1	Calvaire (2004)		symbol
dress and wig	1	Psycho (1960)		mirror
dried spider	1	Night of the Eagle (1962)	one of Tansy's protective charms	symbol
driftwood	1	The Fog (1980)		omen
drive-in movie	1	Deathdream (1974)		setting
driverless carriage	1	Valerie and Her Week of Wonders (1970)	fulfils the grandmother's curse that the mother may return only when the horses 	omen
drone	1	Gaia (2021)		trigger
drop of blood	1	28 Days Later (2002)		threat
drowned body in pool	1	Speak No Evil (2022)		turn
drowned boy in bathtub	1	The Changeling (1980)		clue
drowned corpse	1	Thirst (2009)		omen
drowned double	1	Lake Mungo (2008)		turn
drowned village	1	Noroi: The Curse (2005)		setting
drug injection	1	Scanners (1981)		clue
drug lab	1	Green Room (2015)		setting
drugged food	1	Macabre (2009)		trigger
drugged water	1	Wolf Creek (2005)		trigger
drums	1	I Walked with a Zombie (1943)		omen
dugong	1	Long Weekend (1978)		trigger
dumbwaiter	1	Fresh (2022)		setting
dumplings	1	Dumplings (2004)		threat
duplicate body	1	Invasion of the Body Snatchers (1978)		clue
dust	1	The Mummy (1932)		symbol
dying plants	1	Oculus (2013)		omen
dying sister in back bedroom	1	Pet Sematary (1989)		mirror
dynamite	1	The Thing (1982)		weapon
e-mail	1	Dabbe (2006)		omen
eagle and possum	1	Long Weekend (1978)		threat
eagle's egg	1	Long Weekend (1978)		trigger
earring	1	Hush (2016)		clue
ears	1	Kwaidan (1964)		turn
eaten hands	1	Bones and All (2022)		mirror
eaten insects	1	The Exorcism of Emily Rose (2005)	Emily ate insects during her possession	omen
eaten wastebasket	1	Crimes of the Future (2022)		clue
eating with bare hands	1	Hostel (2005)	the Dutch businessman on the train, later a client	omen
echoing song	1	Men (2022)	the notes Harper sang in the tunnel return in the score	symbol
ectoplasmic worms	1	Noroi: The Curse (2005)	the psychic Hori's name for what he senses; later 'Maybe these worms are actuall	threat
eels	1	Art of the Devil (2004)		threat
eerie organ music	1	Carnival of Souls (1962)	the organ theme plays over the river search and returns with every apparition	omen
effigy doll	1	I Walked with a Zombie (1943)		weapon
egg yolk doubling	1	The Substance (2024)		omen
ejection seat	1	Godzilla Minus One (2023)		turn
electric fan	1	Kuntilanak (2006)		weapon
electric humming	1	Malignant (2021)		omen
electric knife	1	Possession (1981)		weapon
electrical cables	1	Final Destination (2000)		weapon
electrical discharges	1	The Entity (1982)		weapon
electrical tower	1	Tremors (1990)		omen
electrified clay wall	1	Videodrome (1983)		setting
electrified fence	1	Godzilla (1954)		setting
elephant	1	Santa Sangre (1989)		omen
elevator of blood	1	Evil Dead Rise (2023)		setting
elevator shaft	1	Dawn of the Dead (1978)		
emaciated girl	1	REC (2007)		threat
embalmed hand	1	Talk to Me (2022)		threat
embalming rack	1	The Black Cat (1934)		weapon
emergency broadcast	1	Dawn of the Dead (2004)		omen
empty chair at the table	1	Ready or Not (2019)	Le Bail's seat, which only Alex claims to have seen him in	symbol
empty clothes	1	Stree (2018)		omen
empty desks	1	Whispering Corridors (1998)		symbol
empty fishing nets	1	Godzilla (1954)		omen
empty fist	1	The Phantom of the Opera (1925)		turn
empty hotel	1	Daughters of Darkness (1971)		setting
empty movie theatre	1	Stir of Echoes (1999)	the black theatre and white screen of Lisa's hypnosis	setting
empty skin	1	Under the Skin (2013)		threat
empty staring eyes	1	White Zombie (1932)		symbol
enchanted ink	1	Mr. Vampire (1985)		weapon
english countryside	1	Witchfinder General (1968)		setting
engravings	1	The Ninth Gate (1999)		clue
enormous wave	1	Atlantics (2019)		symbol
entrails	1	Re-Animator (1985)		threat
envelope	1	Drag Me to Hell (2009)		turn
erotic statuette	1	The Legend of Hell House (1973)		omen
escaped fish	1	Tigers Are Not Afraid (2017)	the boys' bedtime image for themselves	mirror
ever-burning lamp	1	Bramayugam (2024)		weapon
evil eye charm	1	Djinn (2013)		symbol
ewe	1	Lamb (2021)		omen
exhumed bodies	1	Sleepy Hollow (1999)		clue
exorcism dance	1	Godzilla (1954)		symbol
exploding head	1	Scanners (1981)		threat
extending arm	1	Nang Nak (1999)		turn
external womb	1	The Brood (1979)		turn
eye colour question	1	Thesis (1996)	Bosco's recurring test of Angela, repeated in her dream and at the end	clue
eye gouging scene	1	Censor (2021)		omen
eye in palm	1	The Gate (1987)		threat
eyeballs	1	The Eyes of My Mother (2016)		omen
eyeballs in hands	1	Event Horizon (1997)		clue
eyeless corpse	1	The Birds (1963)		threat
eyeless wife	1	Event Horizon (1997)		threat
eyes changed	1	Apostle (2018)		turn
eyes from a charnel house	1	The Curse of Frankenstein (1957)		clue
eyes in palms	1	Pan's Labyrinth (2006)	the Pale Man sees through eyeballs set in his hands	threat
eyes offered to the blind	1	Siccin (2014)		omen
eyes opening in coffin	1	The Serpent and the Rainbow (1988)		omen
face creature	1	Alien (1979)		threat
face in a cup of tea	1	Kwaidan (1964)		omen
face in window	1	The Innocents (1961)		threat
face no one remembers	1	Frailty (2001)		clue
face of terror	1	Peeping Tom (1960)		symbol
face of the dead	1	Pontianak Harum Sundal Malam (2004)		mirror
face without eyes or mouth	1	Skinamarink (2022)		threat
facehuggers	1	Aliens (1986)		omen
faceless creatures	1	The Hole in the Ground (2019)		threat
faceless nurses	1	Silent Hill (2006)		threat
fading reflection	1	The Lost Boys (1987)		clue
failing crops	1	Qodrat (2022)		omen
failing lights	1	Dead of Night (1945)	the house generator fails as the dream's ending begins	omen
fake corpse	1	Society (1989)		clue
fake helicopter	1	Pontypool (2008)	the station's 'eye in the sky' is a man on a hill in a car	symbol
falcon	1	The Masque of the Red Death (1964)		weapon
fallen bridge	1	Detention (2019)		setting
fallen logs	1	Creature from the Black Lagoon (1954)		threat
fallen tree	1	The Mist (2007)		omen
falling crucifix	1	The Amityville Horror (1979)		omen
falling pipe	1	The First Omen (2024)		omen
false daylight	1	The Descent (2005)		omen
false teeth	1	Orphan (2009)		turn
family in the driveway	1	Us (2019)		threat
family mark on hand	1	Sewu Dino (2023)		symbol
family photo	1	Repulsion (1965)		clue
family photos	1	A Tale of Two Sisters (2003)		clue
family portraits	1	House of Usher (1960)	Roderick names each ancestor's crime from their portraits	clue
family tomb	1	City of the Living Dead (1980)		setting
fangs	1	A Girl Walks Home Alone at Night (2014)		threat
fangs and claws	1	It's Alive (1974)		threat
fantasy art	1	Mandy (2018)		symbol
farewell note	1	Let the Right One In (2008)	a line from Romeo and Juliet, left twice	symbol
farm	1	Splice (2009)		setting
farm cat	1	Lamb (2021)	the cat recurs through the film, watching Ada	omen
father dead in shower	1	Bring Her Back (2025)		omen
father's body	1	The Eyes of My Mother (2016)		symbol
father's corpse	1	The Sentinel (1977)		threat
father's letter	1	Zombi 2 (1979)	found on the boat; it names the island of Matool	clue
father's portrait	1	The Pit and the Pendulum (1961)	Nicholas resembles the inquisitor father he later becomes	mirror
father's tape recordings	1	Peeping Tom (1960)		symbol
father's voice	1	The Awakening (2011)	a man's voice recurs through the house, later revealed as her father's	omen
faucets	1	Personal Shopper (2016)		omen
faulty tap	1	23:59 (2011)	Jeremy's example of a 'haunted' toilet explained away	clue
fear of water	1	Saloum (2021)		turn
feathers	1	Black Swan (2010)		turn
featureless body	1	Invasion of the Body Snatchers (1956)		omen
fedora	1	A Nightmare on Elm Street (1984)		clue
feeding tubes	1	The Killing of a Sacred Deer (2017)		threat
fence	1	Men (2022)		omen
fence post	1	The Lost Boys (1987)		weapon
ferris wheel	1	Incantation (2022)	the viewer is asked to turn it with their mind	symbol
fetuses	1	Noroi: The Curse (2005)		threat
field	1	The Exorcism of Emily Rose (2005)		symbol
fighter plane	1	Godzilla Minus One (2023)		trigger
fighting dogs	1	The Exorcist (1973)	two dogs attack each other as Merrin faces the statue at Nineveh	omen
figure by the curtain	1	Ghostwatch (1992)	viewers phone in about a shape in the bedroom footage	clue
figure in a tree	1	Tiger Stripes (2023)		omen
figure in distance	1	It Follows (2014)		threat
figure in the road	1	Djinn (2013)		omen
figure in window	1	Lake Mungo (2008)		omen
figure like death	1	Bride of Frankenstein (1935)	Elizabeth's recurring vision of death coming for Henry	omen
figure of death	1	Cemetery Man (1994)		turn
figurehead	1	I Walked with a Zombie (1943)		symbol
film award	1	Censor (2021)		weapon
film projector	1	Late Night with the Devil (2023)		setting
film reel	1	The Canal (2014)		clue
finger	1	Bones and All (2022)		omen
finger in a jar	1	We Are What We Are (2010)		clue
fingernails	1	The Fly (1986)		clue
fingerprints	1	The Hands of Orlac (1924)		clue
fingers	1	Color Out of Space (2019)		omen
fire alarm	1	Aliens (1986)		
fire and clay	1	Roh (2019)	Quranic epigraph; the demon returns to fire, clay and ashes in the closing speec	symbol
fire and hanging	1	The First Omen (2024)		omen
fire axe	1	When Evil Lurks (2023)		weapon
fire tower	1	In a Violent Nature (2024)		setting
firecrackers	1	The Tag-Along (2015)		weapon
firefighter mask	1	In a Violent Nature (2024)		symbol
firefly	1	Phenomena (1985)		clue
fireplace	1	Hansel and Gretel (2007)		threat
fireplace poker	1	Us (2019)		weapon
firewood	1	The Amityville Horror (1979)		symbol
first menstrual blood	1	Here Comes the Devil (2012)		omen
first period	1	Veronica (2017)		symbol
fish	1	Perfect Blue (1997)		omen
fish smell	1	Dumplings (2004)		omen
fish tail	1	The Lure (2015)		turn
fishing bait	1	The Wailing (2016)	the shaman's image for how the stranger chooses victims	symbol
fishy smell	1	The Lure (2015)		clue
five elements	1	Rigor Mortis (2013)	the trap's stages: water, wood, earth, metal, fire	weapon
five o'clock in the park	1	Carved (2007)		omen
five-pointed star	1	An American Werewolf in London (1981)		omen
flagpole	1	What We Do in the Shadows (2014)		weapon
flaming locomotive	1	Train to Busan (2016)		turn
flare	1	The Tag-Along (2015)		weapon
flash camera	1	Dog Soldiers (2002)		weapon
flash drive	1	The Substance (2024)		trigger
flash-gun	1	Trollhunter (2010)		weapon
flashing lights in forest	1	Trollhunter (2010)		omen
flashlight	1	Skinamarink (2022)		setting
flashlights	1	Them (Ils) (2006)		threat
flat	1	What We Do in the Shadows (2014)		setting
flat tire	1	Tourist Trap (1979)		trigger
flayed body	1	Martyrs (2008)		turn
flayed face	1	The Void (2016)		threat
flayed skin	1	Impetigore (2019)		threat
flesh	1	The Platform (2019)		threat
flesh in the toilet	1	Mother! (2017)		omen
flickering lights	1	Eraserhead (1977)		turn
flickering lights and doors	1	Here Comes the Devil (2012)		omen
flies and spiders	1	Dracula (1931)		symbol
flies on the dead	1	Bone Tomahawk (2015)	the film opens on the robbers killing sleeping travellers	omen
floating bodies	1	IT (2017)		setting
flooded apartment	1	Dark Water (2002)		setting
flooded ballroom	1	Inferno (1980)		setting
flooded basement	1	The Beyond (1981)		setting
flooded quarry	1	Trick 'r Treat (2007)		setting
flooding room	1	La Llorona (2019)		threat
floor tile	1	The Black Phone (2021)		clue
flour	1	Vampyr (1932)		weapon
flour circle	1	Tumbbad (2018)		weapon
flour footprints	1	Host (2020)		clue
flour on the floor	1	Good Manners (2017)	spread to track Ana's night walking	clue
flowering fig tree	1	Pan's Labyrinth (2006)		symbol
flowers	1	White Zombie (1932)		weapon
flowers fed on remains	1	Dumplings (2004)		symbol
flowers on a lake	1	Frankenstein (1931)		turn
fluttering wings	1	Ghost Stories (2017)	recurs in each haunting	omen
fly eaten alive	1	Beetlejuice (1988)	Betelgeuse catches and eats a talking fly	omen
fly nursery rhyme	1	The Fly (1986)	Seth sings it when he admits the fusion	omen
flyers of the disappeared	1	La Llorona (2019)		clue
flying fish fleeing	1	I Walked with a Zombie (1943)	Paul on the boat: the glowing sea 'takes its gleam from millions of tiny dead bo	omen
flying insect	1	Phantasm (1979)		threat
flying lights	1	Here Comes the Devil (2012)		omen
flying saucers	1	Them! (1954)	a pilot's sighting of the flying queens	clue
foaming mouth	1	Rabid (1977)		symbol
fog on the lake	1	Ugetsu (1953)		omen
foggy river	1	Vampyr (1932)		setting
foghorn	1	The Lighthouse (2019)	the foghorn opens the film and sounds through it	omen
folk ballad	1	Starve Acre (2023)	closing song about who may be let into the house	symbol
food	1	Triangle (2009)		clue
food cans	1	The Girl with All the Gifts (2016)		clue
food for the dead	1	Rigor Mortis (2013)		omen
food from a neighbour	1	Satan's Slaves (2017)		omen
football field	1	I Saw the TV Glow (2024)		setting
football match	1	Dog Soldiers (2002)	England v Germany, missed by the squad and echoed in the closing headline	symbol
footprint catchers	1	The Awakening (2011)		clue
footprints	1	Carnival of Souls (1962)		clue
footprints in powder	1	Paranormal Activity (2007)		clue
footprints in snow	1	The Invisible Man (1933)		clue
footprints under the window	1	Hour of the Wolf (1968)		omen
footsteps at night	1	Ezra (2017)		omen
forbidden gate	1	KKN di Desa Penari (2022)		setting
force field	1	The Cabin in the Woods (2011)		threat
forced prayer	1	Funny Games (1997)		symbol
forehead bone brooch	1	Nang Nak (1999)		symbol
forest cabin	1	Mama (2013)		setting
forest hut	1	Pari (2018)		setting
forged handwriting	1	The Hands of Orlac (1924)		clue
forged physicals	1	Sleepaway Camp (1983)	the aunt signs the camp medical forms herself so no doctor examines Angela	clue
formaldehyde bottles	1	The Host (2006)		omen
fort	1	Stree (2018)		setting
fortress ruins	1	The Black Cat (1934)		setting
foul smell	1	The Entity (1982)	Carla calls the entity foul; the investigators smell it	clue
found footage	1	Incantation (2022)		clue
fountain of blood	1	Ganja & Hess (1973)	the closing hymn	symbol
fountain pen	1	The Invisible Man (2020)		weapon
four directions	1	Dukun (2018)		clue
four-poster bed	1	Dead of Night (1945)	bought with the mirror from the murderer's rooms	clue
fox	1	Antichrist (2009)		omen
fox playing dead	1	Possum (2018)	Philip's childhood memory of a fox that seemed dead and then opened its eyes	mirror
fractured windshield	1	Invasion of the Body Snatchers (1978)		omen
framed portraits	1	Burnt Offerings (1976)		clue
fresco	1	The House with Laughing Windows (1976)		clue
fresco of the devil	1	Lisa and the Devil (1973)		omen
frescos	1	Sweet Home (1989)		trigger
fridge	1	Huesera (2022)		turn
fried chicken	1	House of 1000 Corpses (2003)		symbol
frightened horse	1	Near Dark (1987)		omen
frightened horses	1	Tombs of the Blind Dead (1972)	the hired horses panic and escape near Berzano	omen
frogs	1	Lisa and the Devil (1973)		setting
frogs calling a name	1	Sleepy Hollow (1999)	the frogs croak Ichabod's name as he rides home at night	omen
frogs fall silent	1	The Fog (1980)	the frogs stop croaking as the fog reaches Stevie's house	omen
front door	1	Feng Shui (2004)		setting
frozen corpse	1	Ganja & Hess (1973)		clue
frozen lake	1	Thelma (2017)		clue
funeral	1	Stir of Echoes (1999)		omen
funeral attire	1	Picnic at Hanging Rock (1975)		symbol
funeral boat	1	Don't Look Now (1973)		omen
funeral cars	1	House on Haunted Hill (1959)	guests arrive in hearses	omen
funeral song	1	Ghost Story (1981)	Purcell's Dido's Lament opens the film and returns later	symbol
fungal growth on face	1	Matango (1963)		turn
fungal tower	1	The Girl with All the Gifts (2016)		threat
fungus on skin	1	Gaia (2021)		threat
fur	1	Blood on Satan's Claw (1971)		symbol
gamelan	1	Pontianak Harum Sundal Malam (2004)		setting
gamelan music	1	KKN di Desa Penari (2022)		omen
garage	1	Thesis (1996)		clue
garage door	1	Scream (1996)		weapon
garbage truck	1	Rabid (1977)		symbol
garbled phone voices	1	Color Out of Space (2019)	static and distorted voices on every phone and TV after the meteor	omen
garden shed	1	Shaun of the Dead (2004)		symbol
garden spade	1	The Taking of Deborah Logan (2014)	Deborah's night digging marks where the body lies	clue
garlic and crucifix	1	Martin (1977)		symbol
garlic and holy water	1	The Lost Boys (1987)		clue
garrote wire	1	You're Next (2011)		weapon
gas bombs	1	King Kong (1933)	smuggled aboard; later used to capture Kong	weapon
gas canister	1	In a Violent Nature (2024)		omen
gas mask	1	Village of the Damned (1960)		
gas station	1	The Cabin in the Woods (2011)		omen
gasoline	1	Phone (2002)		weapon
gate	1	The Golem (1920)		setting
gates	1	The Ninth Gate (1999)		turn
gateway	1	Bramayugam (2024)		threat
geode	1	The Gate (1987)		trigger
ghost costume	1	Halloween (1978)		threat
ghost in a bathroom	1	The Shining (1980)		threat
ghost in footage	1	Late Night with the Devil (2023)		clue
ghost on shoulders	1	Shutter (2004)		threat
ghost ship	1	The Fog (1980)		threat
ghost story book	1	Veronica (2017)	Bécquer's tale of punishment for imprudence, later 'read' to Antoñito by the spi	omen
ghostface costume	1	Scream (1996)		threat
ghostly dogs	1	Roh (2019)		omen
ghostly hand	1	Poltergeist (1982)		omen
ghostly miners	1	Enys Men (2022)		threat
ghostly mist	1	The Uninvited (1944)		threat
ghostly whisper	1	The Changeling (1980)		threat
ghoul	1	Mr. Vampire (1985)		threat
ghoulish faces	1	They Live (1988)		threat
ghungroo	1	Bhool Bhulaiyaa (2007)		omen
giant ant	1	Them! (1954)		threat
giant footprints	1	Godzilla (1954)		clue
giant hand	1	The Cabin in the Woods (2011)		threat
giant maggot	1	The Fly (1986)		omen
giant mushrooms	1	Matango (1963)		threat
giant print	1	Them! (1954)		clue
giant snake	1	Beetlejuice (1988)		threat
giant spider	1	Beetlejuice (1988)	a real spider walking over the model town in the opening shot	omen
giant toad	1	Pan's Labyrinth (2006)		threat
giant wasp venom	1	Mandy (2018)		weapon
giant worm	1	From Beyond (1986)		threat
gin	1	The Old Dark House (1932)		symbol
gingerbread	1	Rare Exports (2010)		weapon
girl eating in the woods	1	Dachra (2018)		omen
girl in the road	1	Silent Hill (2006)		omen
girl in yellow dress	1	It Follows (2014)		omen
girl saves woman story	1	The Girl with All the Gifts (2016)		mirror
girlfriend's ring	1	Deathdream (1974)		symbol
girls skipping rope	1	A Nightmare on Elm Street (1984)		omen
glass case	1	May (2002)		turn
glass containers	1	Lifeforce (1985)		threat
glass door	1	Hush (2016)		symbol
glass dripping blood	1	City of the Living Dead (1980)		omen
glass eye	1	Oddity (2024)		clue
glass fragments	1	The Eye (2002)		weapon
glass jars	1	Pari (2018)		symbol
glass of milk	1	Poltergeist (1982)		omen
glass of poison	1	The Seventh Victim (1943)		weapon
glass peacock	1	Suspiria (1977)		weapon
glass shards	1	The Babadook (2014)		omen
glass table	1	Smile (2022)		turn
glass unicorn	1	Black Christmas (1974)		weapon
glasses	1	The Invitation (2015)		turn
gloves	1	Tiger Stripes (2023)		symbol
glowing split head	1	Late Night with the Devil (2023)		threat
glutinous rice	1	Mr. Vampire (1985)		weapon
goat hooves	1	Kandisha (2020)		threat
goat milk	1	Hagazussa (2017)		symbol
goat raised from the dead	1	The Serpent and the Rainbow (1988)		clue
goat skull	1	The House of the Devil (2009)		symbol
goat-horned men	1	Hagazussa (2017)		omen
goats and chickens	1	It Comes at Night (2017)	the stranger's offer, and the first test of his honesty	clue
goats on a bridge	1	Trollhunter (2010)		symbol
god without his trident	1	Purana Mandir (1984)	the Shiva idol at the old temple; the trident lies on the demon's trunk	clue
gold	1	The Devil's Backbone (2001)		trigger
gold bracelet	1	Opera (1987)		clue
gold coin	1	Dead Snow (2009)		clue
gold cross	1	The Fog (1980)		symbol
golden bell	1	Errementari (2017)		weapon
golden cross	1	Ezra (2017)	Ezra swears on it to marry Rosy	symbol
golf ball	1	Funny Games (1997)	the first sign the dog has been killed	clue
golf club	1	Funny Games (1997)		weapon
golok	1	Impetigore (2019)		weapon
gong	1	Island of Lost Souls (1932)	sounded to summon and silence the beast-men	setting
gore	1	What We Do in the Shadows (2014)		symbol
gospel song	1	Frailty (2001)	Peace in the Valley plays at the opening and over the narrator's final story	symbol
gouged eyes	1	Event Horizon (1997)		turn
graffiti tag	1	Kandisha (2020)		trigger
graffitied for-sale sign	1	Carrie (1976)	on the lot where the house stood; Sue lays flowers there in the nightmare	symbol
grain silo	1	Pontypool (2008)		setting
gramophone recording	1	Dracula (Horror of Dracula) (1958)	Van Helsing dictates the vampire's rules into a phonograph	clue
grandfather's pipe	1	Possessor (2020)	an object in the identity test after each job	symbol
grandmother's coat	1	Good Madam (2021)		symbol
grandmother's pendant	1	The Sixth Sense (1999)	the bumblebee pendant the dead grandmother moves	clue
grapes	1	Pan's Labyrinth (2006)		trigger
grasping branch	1	Black Sunday (1960)		omen
grave dug	1	Sewu Dino (2023)		omen
grave flowers	1	Orphan (2009)		symbol
grave in the road	1	White Zombie (1932)		omen
gravestones	1	The Others (2001)		clue
graveyard corpse	1	Pumpkinhead (1988)		trigger
graveyard dirt	1	Night of the Eagle (1962)		symbol
greasy shrimp	1	The Substance (2024)	Harvey eating as he fires her	symbol
great sarcophagus fly	1	Phenomena (1985)	a carrion fly that leads Jennifer to the killer's lair	clue
green absinthe	1	Bram Stoker's Dracula (1992)		symbol
green shawl	1	KKN di Desa Penari (2022)		weapon
greenhouse	1	Picnic at Hanging Rock (1975)		setting
greenhouses of pods	1	Invasion of the Body Snatchers (1956)		threat
grey hair	1	Viy (1967)		symbol
grey material	1	Invasion of the Body Snatchers (1978)		omen
grille	1	Christine (1983)		symbol
grindstone	1	Antichrist (2009)		weapon
grinning dog	1	Suspiria (2018)		omen
grotesque mask	1	Tourist Trap (1979)		threat
guard dog	1	The Hills Have Eyes (1977)		weapon
guide dog	1	The Beyond (1981)		threat
guillotine picture	1	Final Destination (2000)	a Paris guidebook blown open by a table fan	omen
guitar music	1	Sinners (2025)		trigger
gull	1	The Birds (1963)		omen
gulls massing over city	1	The Birds (1963)	the film opens on gulls crowding the San Francisco sky, blamed on a storm at sea	omen
gun fused to hand	1	Videodrome (1983)		weapon
gun with blanks	1	Tourist Trap (1979)		turn
gunpowder	1	The Phantom of the Opera (1925)		weapon
guns	1	House on Haunted Hill (1959)		weapon
guns in little coffins	1	House on Haunted Hill (1959)	party favours	weapon
gunshot wound	1	The Sixth Sense (1999)		turn
gutted deer	1	The Blair Witch Project (1999)	in a local's story of two hunters who disappeared near the woods	omen
guttering candles	1	The Uninvited (1944)		omen
hacksaw	1	Saw (2004)		weapon
hag	1	Pyewacket (2017)		threat
hailstones	1	Antichrist (2009)		omen
hair and claws	1	Good Manners (2017)		clue
hair and necklace	1	When Evil Lurks (2023)		clue
hair clip	1	A Tale of Two Sisters (2003)		clue
hair dolls	1	May the Devil Take You (2018)		weapon
hair in food	1	Midsommar (2019)	a love charm baked into Christian's pie	omen
hair on fire	1	Climax (2018)		
hair stick	1	Titane (2021)		weapon
hair, tooth and blood	1	Oddity (2024)		clue
hairbrush	1	Hatching (2022)		symbol
half-eaten corpse	1	Night of the Living Dead (1968)		omen
halloween bonfire	1	You Are Not My Mother (2021)		weapon
halloween masks	1	Late Night with the Devil (2023)		symbol
halloween night	1	Ginger Snaps (2000)		setting
hallucination recorder	1	Videodrome (1983)	headset that tapes Max's visions	weapon
hallway to her room	1	Lake Mungo (2008)	in Alice's trance vision, where her mother cannot see her	setting
halved corpse	1	Antlers (2021)		clue
hand from darkness	1	Baskin (2015)		threat
hand from the water	1	The Awakening (2011)		omen
hand held in the dark	1	The Haunting (1963)		turn
hand-cranked camera	1	Nope (2022)		weapon
handbook for the dead	1	Beetlejuice (1988)		clue
handcuffs	1	Juan of the Dead (2011)		threat
handkerchief	1	The Student of Prague (1913)		clue
handprints	1	The Blair Witch Project (1999)		setting
hands from the walls	1	Repulsion (1965)		threat
hands in fire	1	The Ninth Gate (1999)		turn
hanged bodies	1	Detention (2019)		threat
hanged body	1	Pulse (Kairo) (2001)		omen
hanged man	1	The Ninth Gate (1999)		clue
hanged priest	1	City of the Living Dead (1980)		trigger
hanged witch	1	Witchfinder General (1968)		omen
hanged woman	1	The Platform (2019)		turn
hanging	1	Bhoothakaalam (2022)		clue
hanging cadaver	1	Wolf Creek (2005)		omen
hansel and gretel story	1	Wes Craven's New Nightmare (1994)	Heather reads Dylan the witch-in-the-oven scene, which the ending repeats with F	mirror
harpoon	1	Sleepy Hollow (1999)		weapon
harpsichord	1	The Pit and the Pendulum (1961)		omen
hatches	1	Cube (1997)		setting
haunted art room	1	Whispering Corridors (1998)		setting
haunted house ride	1	Pee Mak (2013)		setting
head against table	1	Talk to Me (2022)		turn
head buried in dirt	1	The Hole in the Ground (2019)		omen
head hollowed out	1	Apostle (2018)		threat
head on a spike	1	30 Days of Night (2007)		omen
head on a stick	1	Wolf Creek (2005)		weapon
head through tv screen	1	I Saw the TV Glow (2024)		turn
head turned backward	1	The Exorcist (1973)		threat
headless corpse	1	Hereditary (2018)		clue
headless walking corpse	1	Purana Mandir (1984)		threat
headlights	1	Perfect Blue (1997)		symbol
heads turned backward	1	Kuntilanak (2006)		clue
hearing aid	1	A Quiet Place (2018)		weapon
hearse driver	1	Burnt Offerings (1976)		omen
heart	1	Angel Heart (1987)		symbol
heat ray	1	Godzilla Minus One (2023)		threat
heated walls	1	The People Under the Stairs (1991)		weapon
heavy curtains	1	The Others (2001)		turn
heavy eyelids	1	Viy (1967)	Viy must have his eyelids lifted to see Khoma	threat
heavy rain	1	Pari (2018)		omen
hedge maze	1	The Shining (1980)		setting
heirloom necklace	1	Macabre (2009)	Dara's necklace; Ladya later strangles her with it	weapon
held breath	1	La Llorona (2019)		omen
hellfire sermon on radio	1	1408 (2007)		omen
hens	1	The Birds (1963)		omen
hidden cameras	1	The Cabin in the Woods (2011)		clue
hidden chamber	1	Evil Dead Rise (2023)		trigger
hidden glove	1	A Nightmare on Elm Street (1984)	Marge keeps Krueger's glove hidden in the cellar	clue
hidden hallways	1	Suspiria (2018)		setting
hidden red room	1	The Amityville Horror (1979)		clue
hidden room	1	Barbarian (2022)		clue
hidden safe room	1	Dawn of the Dead (1978)		setting
hidden videotape	1	Lake Mungo (2008)		clue
hide-and-seek song	1	Ready or Not (2019)	a phonograph record counts down; it plays again as the family dies	omen
hiding under a bed	1	The Wind (2018)		omen
high voltage switch	1	Housebound (2014)		weapon
highway overpass	1	The Innocents (2021)		setting
hole behind the mirror	1	Candyman (1992)	the killer comes 'through the walls' of Cabrini-Green flats	clue
hole drilled in head	1	Scanners (1981)	Revok's self-trepanation, shown on archive film; he painted an eye over it	symbol
hole dug in yard	1	Frailty (2001)		setting
hole in hand	1	From Dusk till Dawn (1996)	Richie's shot hand, whose blood later sets the vampires off	omen
hole in ice	1	Let the Right One In (2008)		setting
hole in the wall	1	The Canal (2014)		threat
holes in the floor	1	Suspiria (2018)		threat
holes in the yard	1	Stir of Echoes (1999)		clue
holy rice	1	Pee Mak (2013)		weapon
holy water balloons	1	From Dusk till Dawn (1996)		weapon
home films	1	Peeping Tom (1960)		clue
home movie	1	Martyrs (2008)	the film opens and closes on the whir of a projector	mirror
homeless crowd	1	Prince of Darkness (1987)		omen
homemade weapons	1	The Babadook (2014)		weapon
homunculi	1	Bride of Frankenstein (1935)		clue
honey	1	The Wolf House (2018)	the Colony's product, advertised in the prologue; Maria uses it to change the pi	symbol
honeymoon suite	1	The Innkeepers (2011)		setting
honking car horns	1	The Blob (1958)	the teenagers sound their horns to wake the town	clue
hooded children	1	Them (Ils) (2006)		turn
hooded dwarves	1	Phantasm (1979)		threat
hoodoo	1	Sinners (2025)		symbol
hoofbeats	1	The Devil Rides Out (1968)	the Angel of Death arrives on horseback	omen
hook	1	Candyman (1992)		weapon
hook for a hand	1	Candyman (2021)		threat
hooked chains	1	Hellraiser (1987)		weapon
hooks	1	Suspiria (2018)		weapon
hooting owl	1	The Brood (1979)		omen
horn	1	Errementari (2017)		symbol
horns	1	Rare Exports (2010)		symbol
horror comics	1	The Lost Boys (1987)	the Frog brothers' vampire comic, 'a survival manual'	clue
horror film on tv	1	Scream (1996)	Halloween plays at the party while Randy lists the rules	mirror
horror museum	1	House of 1000 Corpses (2003)		setting
horse and carriage	1	The Woman in Black (2012)	the boy's drowning replayed as sound	mirror
horse in the road	1	You Are Not My Mother (2021)	the mother stops the car and stares before she vanishes	omen
horse making a strange sound	1	Nope (2022)	Ghost, the horse that bolts and is taken	omen
hospital	1	Jacob's Ladder (1990)		setting
hospital bed	1	Ghost Stories (2017)		setting
hotel	1	Byzantium (2012)		setting
hotel room	1	Personal Shopper (2016)		trigger
hourglass egg timer	1	Magic (1978)		symbol
house	1	The House with Laughing Windows (1976)		setting
house mined with dynamite	1	The Black Cat (1934)		weapon
house of mirrors	1	Us (2019)		mirror
house on a hill	1	Salem's Lot (1979)		setting
house on the hill	1	Psycho (1960)		setting
house with red roof	1	Carved (2007)		setting
housewarming wine	1	Barbarian (2022)		omen
howling at night	1	The Howling (1981)		omen
howling coyotes	1	House of 1000 Corpses (2003)		omen
howling dog	1	Black Sabbath (1963)	Gorca's favourite dog no longer recognises him; he orders it killed	omen
howling unseen animals	1	City of the Living Dead (1980)		omen
human chain	1	Us (2019)		symbol
human meat	1	Hansel and Gretel (2007)		clue
human pyramid	1	One Cut of the Dead (2017)		symbol
human-headed snake	1	Exhuma (2024)		omen
humanoid plants	1	Annihilation (2018)		symbol
hummed song	1	Stir of Echoes (1999)	Jake hums 'Paint It Black', the song playing when Samantha was killed	clue
hunchback	1	Alucarda (1977)		omen
hunting dogs	1	The Wolf Man (1941)		threat
hunting knife	1	Sleepaway Camp (1983)		weapon
hunting trophies	1	Get Out (2017)		symbol
hut in the forest	1	Sewu Dino (2023)		setting
hydraulic press	1	The Fly (1958)		weapon
hymn	1	The Dark and the Wicked (2020)	"What a Friend We Have in Jesus" recurs from the opening to the final shot	omen
hymn about going home	1	Titane (2021)	'Wayfaring Stranger' plays over the opening and again before the birth	symbol
hypnotic eyes	1	The Devil Rides Out (1968)		threat
hysterical laughter	1	The Mummy (1932)		omen
ice	1	The Entity (1982)		turn
ice bath	1	Jacob's Ladder (1990)		turn
ice cream truck	1	I Saw the TV Glow (2024)		omen
ice field	1	The Blob (1958)		setting
identical houses	1	Vivarium (2019)		setting
imaginary friend	1	The Shining (1980)	Tony, who speaks through Danny's wagging finger	omen
imagined voice	1	Hush (2016)	the writer's inner voice plays out her possible deaths	mirror
impaled bodies	1	Bram Stoker's Dracula (1992)		setting
impaled girl	1	Cannibal Holocaust (1980)		clue
implant	1	Heretic (2024)		clue
imprisoned children	1	Saloum (2021)		clue
incessant rain	1	Tumbbad (2018)		omen
industrial white noise	1	Eraserhead (1977)		setting
infant in a box	1	Border (2018)		turn
infant skeleton	1	Don't Torture a Duckling (1972)		omen
infected infants	1	The Sadness (2021)		clue
inhaler	1	The Innkeepers (2011)	Claire's asthma inhaler, heard in every scare until the fatal attack	omen
injured cat	1	Goodnight Mommy (2014)		omen
injured dog	1	May (2002)	at the animal hospital where May works	omen
insect	1	Cronos (1993)		threat
insect trapped in amber	1	The Devil's Backbone (2001)		symbol
inside the walls	1	The Awakening (2011)		setting
insignia	1	Incantation (2022)		trigger
intact corpse	1	Mr. Vampire (1985)		omen
intestine as rope	1	Dead Snow (2009)		
intestines	1	Annihilation (2018)		clue
intruder alarm	1	Smile (2022)		omen
invisible bodysuit	1	The Invisible Man (2020)		weapon
invisible fingers	1	The Entity (1982)		threat
invisible friend	1	The Amityville Horror (1979)	Jody, whom only Amy sees	threat
iphigenia essay	1	The Killing of a Sacred Deer (2017)	the school praises Kim's essay on the myth the film retells	clue
iron bar	1	Vampyr (1932)		weapon
iron cage	1	Errementari (2017)		threat
iron coffin	1	Interview with the Vampire (1994)		threat
iron doorstop	1	Misery (1990)		weapon
iron maiden	1	The Pit and the Pendulum (1961)		symbol
iron spike	1	Exhuma (2024)		clue
isolated farmhouse	1	The Visit (2015)		setting
isolated house	1	Dog Soldiers (2002)		setting
isolated village	1	Dachra (2018)		setting
jade deer pendant	1	Detention (2019)		symbol
jaguar spirit	1	The Serpent and the Rainbow (1988)		omen
jar	1	Jangan Pandang Belakang (2007)		trigger
jar of water	1	Kwaidan (1964)		symbol
jars of unborn babies	1	The Devil's Backbone (2001)	Casares keeps deformed foetuses in rum, 'limbo water', and sells it in town	symbol
jelly	1	The Blob (1958)		threat
jet	1	28 Days Later (2002)		symbol
jewelry	1	Personal Shopper (2016)		clue
jewelry box	1	The Sixth Sense (1999)	Kyra's box holding the videotape	clue
jewels	1	Blood and Black Lace (1964)		clue
jigsaw piece cut from skin	1	Saw (2004)	the killer's signature on victims who fail	clue
jimson weed	1	The Autopsy of Jane Doe (2016)		clue
jingling anklets	1	Bees Saal Baad (1962)		omen
joined eyebrows	1	The Company of Wolves (1984)		clue
joss stick	1	A Chinese Ghost Story (1987)		symbol
journal	1	Starve Acre (2023)		clue
journals	1	Suspiria (2018)		clue
jumping mice	1	Coraline (2009)	Mr. Bobinsky's circus mice carry the warning; in the other world they are rats	omen
jungle	1	23:59 (2011)		setting
keepsake photo	1	One Cut of the Dead (2017)	the director carries a picture of his daughter as a charm	mirror
key down the drain	1	Saw (2004)		turn
key in the eye	1	Dachra (2018)		omen
key on a neck	1	It Comes at Night (2017)		symbol
key to the back door	1	Dr. Jekyll and Mr. Hyde (1931)		clue
keypad code	1	Don't Breathe (2016)		clue
keys and locked doors	1	The Others (2001)		setting
king arthur story	1	Kill List (2011)	Jay's bedtime story of two soldiers; he ends the film crowned	mirror
kitchen sink	1	A Tale of Two Sisters (2003)		threat
kitchen table	1	We Are What We Are (2010)		setting
kitchen timer	1	Oculus (2013)	the mechanical timer that releases the anchor	weapon
kite	1	Pet Sematary (1989)	the family kite-flying just before Gage runs into the road	omen
kite wire	1	The Nightshifter (2018)		weapon
kites in a storm	1	Bride of Frankenstein (1935)		weapon
klan uniform	1	Sinners (2025)		clue
knife in the eye	1	Marebito (2004)		trigger
knife in the skull	1	Possessor (2020)		turn
knitting needle	1	Halloween (1978)		weapon
knives through feet	1	The Loved Ones (2009)		weapon
knock at the door	1	The Strangers (2008)		omen
knocking pipes	1	Ghostwatch (1992)		omen
knotted rope in a well	1	Siccin (2014)	the hadith of the spell cast on the Prophet, told over the opening	mirror
koran recitation	1	The Queen of Black Magic (1981)		weapon
laboratory	1	Dr. Jekyll and Mr. Hyde (1931)		setting
labored breathing	1	Suspiria (1977)		clue
ladder	1	Insidious (2010)		omen
ladies-only tea room	1	The Love Witch (2016)		setting
ladybug tattoo	1	Don't Breathe (2016)	Rocky's new tattoo, to be coloured in once she reaches California	symbol
lagoon	1	Creature from the Black Lagoon (1954)		setting
lalage perfume	1	Cat People (1942)	Irena's perfume, 'like something warm and living'; Oliver later smells it at the	symbol
lamb	1	A Nightmare on Elm Street (1984)	a lamb crosses Tina's path in the opening nightmare	omen
lamb-headed child	1	Lamb (2021)		trigger
lambs	1	The Silence of the Lambs (1991)		symbol
lamp	1	The Old Dark House (1932)		weapon
lamps against the dark	1	Raat (1992)	the closing speech	symbol
lamps and flashlights	1	Sweet Home (1989)		weapon
land sign	1	Qodrat (2022)		clue
landslide	1	The Old Dark House (1932)		setting
last cubicle	1	Eerie (2018)		setting
last orders bell	1	Shaun of the Dead (2004)	the Winchester's bell opens the film	setting
last sunrise	1	Interview with the Vampire (1994)	Louis's farewell to daylight; he sees sunrise again only on film	symbol
latex mask	1	Ghost Stories (2017)		turn
latin motto	1	The Ninth Gate (1999)		clue
latin words	1	The Sentinel (1977)		clue
laughing parrot	1	Island of Lost Souls (1932)		symbol
laughing room	1	Evil Dead II (1987)		threat
lazy eye	1	May (2002)		symbol
leaded iron weapon	1	Lifeforce (1985)		weapon
leaking bucket	1	Sewu Dino (2023)		turn
leaves and worms	1	Pee Mak (2013)		omen
leech vine	1	Kill, Baby, Kill (1966)		symbol
lehenga	1	Stree (2018)		clue
leopard	1	The Cremator (1969)		symbol
lesions	1	The Brood (1979)		omen
letter bomb	1	Perfect Blue (1997)		threat
letter box	1	Men (2022)		threat
letters	1	The Woman in Black (2012)		clue
letting go of a hand	1	The Host (2006)		turn
lever	1	Bride of Frankenstein (1935)		weapon
levitating body	1	The Dark and the Wicked (2020)		threat
levitating pencil	1	The Craft (1996)		clue
levitating woman	1	Evil Dead Rise (2023)		threat
levitation	1	Late Night with the Devil (2023)		threat
liberace records	1	Misery (1990)		setting
licence plate	1	Jeepers Creepers (2001)	BEATNGU ('beating you')	clue
lichen	1	Enys Men (2022)		omen
lift shaft	1	Byzantium (2012)		setting
light bulb bitten like an apple	1	Oculus (2013)	Kaylie bites into a light bulb believing it is her apple	threat
light in a window	1	The Golem (1920)	Florian's signal to Miriam	clue
light on the terrace	1	Bees Saal Baad (1962)		clue
light switch	1	Lights Out (2016)		omen
lighter flame	1	Cure (1997)		weapon
lighter fluid	1	Misery (1990)		weapon
lightning rod	1	The Omen (1976)		weapon
lightning scar	1	Border (2018)		clue
lilacs	1	Nosferatu (2024)	flowers from her wedding, worn as a crown at the end and scattered on the bodies	symbol
limp	1	Night of the Eagle (1962)		clue
lion	1	The Awakening (2011)		clue
lipstick	1	Night of the Demons (1988)		threat
liquid void	1	Under the Skin (2013)		threat
liquor flask	1	Bone Tomahawk (2015)		weapon
list of names	1	Frailty (2001)		clue
little bird	1	Dr. Jekyll and Mr. Hyde (1931)	Hyde's pet name for Ivy, echoing the cat that kills a bird	symbol
little dog	1	The Blob (1958)	the first victim's dog, rescued by the teens and later seen running from the Blo	omen
little yellow bird song	1	The Picture of Dorian Gray (1945)	Sibyl Vane's song; Dorian later plays it at the piano	symbol
live chicken	1	What We Do in the Shadows (2014)	brought to the ancient Petyr in his tomb	symbol
live chickens	1	The Last House on the Left (1972)	the band Bloodlust; chickens return on the sheriff's borrowed truck	omen
livestock truck	1	Feng Shui (2004)		omen
livestream camera	1	Gonjiam: Haunted Asylum (2018)		symbol
living corpse	1	Ghost Story (1981)		threat
living shadows	1	Sweet Home (1989)		threat
lizard	1	Opera (1987)		symbol
lizards	1	Peeping Tom (1960)		clue
lobotomy pick	1	Session 9 (2001)		weapon
locator bracelet	1	Aliens (1986)		clue
locked attic	1	Antlers (2021)		setting
locked chest	1	Possum (2018)		clue
locked cupboard	1	Relic (2020)	Edna forgot Jamie during hide-and-seek	clue
locked doors	1	Christine (1983)		threat
locked electrical room	1	Climax (2018)		setting
lockets	1	Triangle (2009)		clue
log splitter	1	In a Violent Nature (2024)		weapon
logbook	1	The Lighthouse (2019)	Wake's log records Winslow as drunk and dangerous; 'Recommend severance without 	clue
logs	1	The Hallow (2015)		omen
loincloth	1	Tumbbad (2018)		symbol
long arm	1	Pee Mak (2013)		clue
long black hair	1	Ju-on: The Grudge (2002)		turn
looped yarn and wire	1	Noroi: The Curse (2005)		omen
looping record	1	Triangle (2009)	jazz playing on a loop in the empty ship	omen
loose shop sign	1	Blood and Black Lace (1964)	the fashion house sign swings in the wind on the night of the first murder	omen
lorry	1	Satan's Slaves (2017)		turn
lost dog	1	Calvaire (2004)	Boris searches the woods for his dog Bella and later claims to have found her	omen
lost dog ruse	1	Frailty (2001)	Fenton is made to cry about a dog under a car to lure Edward March	weapon
lost key	1	Climax (2018)		
lost report card	1	The Eye (2002)	a dead boy in the building keeps asking	omen
lotion and basket	1	The Silence of the Lambs (1991)		threat
lotus petals	1	Jigoku (1960)		symbol
love letter	1	The Hands of Orlac (1924)	Yvonne reads Paul's letter at the start and rereads it later: 'That was... Once.	symbol
love potion	1	Häxan (1922)		trigger
love rune	1	Midsommar (2019)	found under Christian's bed; Maja's spell for him	clue
lovebirds	1	The Birds (1963)		symbol
lower half of body	1	Shake, Rattle & Roll (1984)		turn
lute	1	House of Usher (1960)		symbol
lye	1	The Woman in Black (2012)		turn
macarena	1	Titane (2021)	sung to keep time during chest compressions	mirror
machetes	1	Green Room (2015)		weapon
maddened lab monkeys	1	Jacob's Ladder (1990)		clue
maggots in wedding food	1	The Queen of Black Magic (1981)		omen
magic ring	1	Sumpah Orang Minyak (1958)	given by Satan when Bongkok becomes the Oily Man	weapon
magic rocks	1	The Village (2004)		symbol
magic rose	1	Pan's Labyrinth (2006)	the bedtime story Ofelia tells her unborn brother	symbol
magic word	1	The Golem (1920)	the word of life revealed by Astaroth	trigger
mahjong	1	Thirst (2009)		setting
maid's quarters	1	Good Madam (2021)		setting
maid's uniform	1	Good Madam (2021)		symbol
maiden tied to tree	1	Cat People (1982)		omen
makeshift spacecraft	1	The Thing (1982)	Blair's Thing builds a craft from helicopter parts	clue
malformed corpse	1	The Thing (1982)		clue
man in animal costume	1	The Shining (1980)		threat
man in the moon	1	I Saw the TV Glow (2024)		threat
man on the tower	1	The Innocents (1961)		threat
man with a sign	1	Us (2019)		omen
mandrake root	1	Pan's Labyrinth (2006)		symbol
mannequin of dead wife	1	Tourist Trap (1979)		clue
marble-white skin	1	Cronos (1993)		symbol
marionette	1	Possum (2018)		threat
mark on skin	1	Pari (2018)		clue
marked tree	1	Gonjiam: Haunted Asylum (2018)		omen
marsh	1	The Woman in Black (2012)		setting
martyred saint	1	The House with Laughing Windows (1976)		symbol
mask filter	1	Host (2020)		clue
mask from a poster	1	The Substance (2024)		mirror
masks	1	Kill List (2011)		threat
masks and robes	1	Ready or Not (2019)		omen
masquerade ball	1	What We Do in the Shadows (2014)		setting
mass of flesh	1	Society (1989)		threat
matches	1	Thesis (1996)		setting
matching leather bracelets	1	The Invitation (2015)		clue
matching numbers	1	Final Destination (2000)	Alex's birthday matches the flight's departure time	omen
matching rings	1	The Love Witch (2016)		symbol
mayday call	1	Enys Men (2022)	the supply boat's distress call repeats	omen
meal of toads and children	1	Häxan (1922)		symbol
meat	1	Speak No Evil (2022)		symbol
meat freezer	1	Fresh (2022)	Penny's leg is recovered from it, labelled with her name	setting
meat grinder	1	Razorback (1984)		weapon
meat hanging	1	Dachra (2018)		clue
meat hidden in food	1	Raw (2016)		omen
meat hook	1	The Texas Chain Saw Massacre (1974)		weapon
meat-grinding table	1	Apostle (2018)		weapon
mechanized doll	1	Deep Red (1975)		omen
medical textbook	1	Under the Shadow (2016)		symbol
melted flesh	1	Cat People (1982)		clue
memorial statue	1	Enys Men (2022)	a radio report: a boatman lost on 1 May 1973 near the island	clue
memory card	1	Border (2018)		trigger
mental hospital	1	Dachra (2018)		setting
mermaid scrimshaw	1	The Lighthouse (2019)		omen
merman	1	The Cabin in the Woods (2011)		symbol
merry-go-round	1	The Cabinet of Dr. Caligari (1920)		symbol
metal mask	1	Demons (1985)		omen
metal monster	1	Tetsuo: The Iron Man (1989)		threat
metal pipe	1	Tourist Trap (1979)		weapon
metal plates	1	Titane (2021)		threat
metal rod	1	The Cremator (1969)		weapon
metal sculpture	1	Tenebrae (1982)		weapon
metal table	1	Longlegs (2024)		turn
metal thorn	1	Tetsuo: The Iron Man (1989)		omen
metallic tentacles	1	Tetsuo: The Iron Man (1989)		threat
meteor	1	Annihilation (2018)		trigger
meteor crater	1	The Untamed (2016)		setting
methane in the mine	1	My Bloody Valentine (1981)		omen
mice	1	Mystics in Bali (1981)		symbol
microphone feedback	1	Green Room (2015)		weapon
military convoys	1	The Mist (2007)		omen
military drums	1	The Return of the Living Dead (1985)		trigger
milk	1	13B (2009)		omen
milk bottle	1	Barbarian (2022)		symbol
milk laced with rum	1	The Fly (1958)		clue
millipede	1	Uzumaki (2000)		omen
miniature house	1	Hereditary (2018)		mirror
mirror house	1	The Night House (2020)		mirror
mirror image	1	Alucarda (1977)	Alucarda's secret pair of identical things, likened to the two girls	mirror
mirror in the tape	1	Ringu (1998)		clue
mirror shard	1	The Visit (2015)		weapon
mirrored room	1	Suspiria (2018)		setting
mirrors	1	Incantation (2022)		setting
mirrors and corridors	1	Daughters of Darkness (1971)		setting
mirrors for eyes	1	Oculus (2013)		threat
mirrors removed	1	Matango (1963)	the crew took the mirrors off so they could not see themselves change	clue
misshapen eyes	1	In the Mouth of Madness (1994)		omen
missile	1	Under the Shadow (2016)		trigger
missing 13th floor	1	1408 (2007)		clue
missing anklet	1	Ezra (2017)		clue
missing cat poster	1	Pontypool (2008)	Honey the cat opens Mazzy's first monologue; the infected later repeat the poste	omen
missing child poster	1	Dark Water (2002)		clue
missing child's sneaker	1	IT (2017)		clue
missing dog	1	Jaws (1975)	the owner calls for his dog, Tippet, after the Kintner attack	omen
missing fingerprints	1	Invasion of the Body Snatchers (1956)		clue
missing navel	1	The Brood (1979)		clue
missing-person posters	1	Ju-on: The Grudge (2002)		symbol
mock crucifix	1	Wolf Creek (2005)		
model of hell	1	Häxan (1922)		symbol
mole	1	Let's Scare Jessica to Death (1971)		omen
molted beak	1	Hatching (2022)		clue
money	1	Sewu Dino (2023)		symbol
monkey	1	Cannibal Holocaust (1980)		mirror
monkey corpse	1	KKN di Desa Penari (2022)		omen
monster in the closet	1	Cujo (1983)	Tad's nightmare: yellow eyes, long mouth, curled teeth	omen
monster words	1	Cujo (1983)	a written charm read aloud in the car	symbol
monsters in nazi uniform	1	An American Werewolf in London (1981)	nightmare in which they murder David's family	omen
moon	1	The Wolf Man (1941)		trigger
mortuary	1	Munafik (2016)		setting
mosquito	1	Near Dark (1987)	Caleb traps a feeding mosquito until it pops: 'Dumb suck'	omen
mosquito bites	1	Nosferatu (1922)	Hutter's letter to Ellen blames the marks on his neck on insects	clue
moth	1	The Tag-Along (2015)		omen
moth cage	1	The Silence of the Lambs (1991)		symbol
mother holding children	1	Godzilla (1954)		symbol
mother's body in kitchen	1	The Innocents (2021)		threat
mother's corpse	1	The Eyes of My Mother (2016)		symbol
mother's lullaby	1	Evil Dead (2013)		symbol
mother's portuguese song	1	The Eyes of My Mother (2016)	returns over the closing shot	symbol
mother's records	1	Satan's Slaves (2017)	Mawarni was a singer; her record plays through the house after her death	symbol
mother's stomach	1	Braindead (1992)		threat
motion tracker	1	Aliens (1986)		omen
motor oil	1	Titane (2021)		omen
motorboat	1	Who Can Kill a Child? (1976)		symbol
motorcycle and sword	1	Demons (1985)		weapon
motorcyclist	1	Under the Skin (2013)	the silent handler who follows her	threat
mounted deer head	1	Get Out (2017)		weapon
mounted wolf	1	The Cabin in the Woods (2011)	Jules kisses the wolf head on a dare	omen
mourning placards	1	Detention (2019)		omen
moved keys	1	Paranormal Activity (2007)		omen
movie posters	1	The Mist (2007)	David is a poster painter; the film opens in his studio	setting
mucus	1	The Sadness (2021)		threat
mud	1	The Woman in Black (2012)		omen
mud pit	1	May the Devil Take You (2018)		threat
muddy footprints	1	Pet Sematary (1989)		clue
mummies	1	The Hunger (1983)		turn
mummified worshippers	1	The Ritual (2017)		threat
mummy	1	The Mummy (1932)		threat
mummy-like body	1	Relic (2020)		symbol
mushroom	1	Hagazussa (2017)		trigger
music box and toys	1	The Woman in Black (2012)		omen
music box ballerina	1	Black Swan (2010)		symbol
music on headphones	1	Day of the Dead (1985)	Bub is soothed by Beethoven's Ode to Joy	mirror
music-hall song	1	Dr. Jekyll and Mr. Hyde (1931)		setting
muskrat	1	Cannibal Holocaust (1980)	the rescue team's guides kill a muskrat on the march	omen
mutated insect	1	Color Out of Space (2019)		omen
mute orphan boy	1	Under the Shadow (2016)		omen
mutilated body	1	Freaks (1932)		symbol
mutilated corpse on beach	1	It Follows (2014)		omen
mutilated cow	1	The Howling (1981)		omen
mutilated survivor	1	Dachra (2018)		omen
mutilated women	1	Bone Tomahawk (2015)		symbol
muzzle	1	The Girl with All the Gifts (2016)		symbol
mystery meat	1	Dog Soldiers (2002)		clue
nail boards	1	You're Next (2011)		weapon
nailed plank	1	Heretic (2024)		weapon
nails in the body	1	Art of the Devil (2004)		clue
naked dead man	1	An American Werewolf in London (1981)		clue
naked man	1	Men (2022)		threat
naked woman	1	It Follows (2014)		threat
name carved in flesh	1	The Last House on the Left (1972)		symbol
name tag	1	Vivarium (2019)		turn
names written in blood	1	Children of the Corn (1984)	a scroll of every child who went to Him on turning nineteen	clue
narrow tunnel	1	The Descent (2005)		setting
native drums	1	King Kong (1933)		omen
naval mine	1	Godzilla Minus One (2023)		weapon
neck pain	1	Shutter (2004)		clue
necktie	1	Rosemary's Baby (1968)		clue
needle	1	The Substance (2024)		weapon
needles	1	Witchfinder General (1968)		weapon
needles under the eyes	1	Opera (1987)		threat
negatives	1	Shutter (2004)		clue
neighbour's piano	1	Rosemary's Baby (1968)	a piano somewhere in the building plays Für Elise throughout	setting
neon sign	1	Final Destination (2000)		weapon
nest with human remains	1	Them! (1954)		setting
news clippings	1	May the Devil Take You (2018)		clue
news footage	1	The Taking of Deborah Logan (2014)		turn
newspaper headline	1	Ju-on: The Grudge (2002)		clue
newspaper photo	1	Martyrs (2008)		clue
newspaper-covered windows	1	Weapons (2025)		omen
night bell	1	Apostle (2018)		setting
night surveillance cameras	1	The Medium (2021)	night footage counted down day by day to the ceremony	clue
night turning to day	1	Saloum (2021)		omen
night vision	1	REC (2007)		setting
night-vision goggles	1	The Silence of the Lambs (1991)		threat
nightjars	1	Roh (2019)		omen
nightmares	1	It Comes at Night (2017)		omen
no birds	1	Matango (1963)		omen
no crickets	1	Night of the Demons (1988)		omen
no reflection	1	What We Do in the Shadows (2014)		symbol
no reflection in mirror	1	Bram Stoker's Dracula (1992)		clue
noises in the attic	1	The Exorcist (1973)	the scratching is blamed on rats, but the traps stay empty	omen
nooses	1	Noroi: The Curse (2005)		threat
note	1	The Invisible Man (1933)		clue
note crossed out	1	Matango (1963)		symbol
nuclear waste	1	Ezra (2017)		threat
number on the wall	1	The Dead Zone (1983)	draft only: Johnny paints 39 in a trance before his crash	omen
number thirteen	1	13B (2009)		omen
numbered locker box	1	The Substance (2024)	box 503	clue
numbers on plates	1	Cube (1997)		clue
nun at window	1	The Sentinel (1977)		mirror
nun's habit	1	Eerie (2018)		clue
nursing puppies	1	Eraserhead (1977)	at the dinner where Henry learns he is a father	omen
nursing video	1	Barbarian (2022)		symbol
nylon stocking	1	The Fly (1986)	Veronica's stocking is the first thing teleported	clue
oak tree	1	Hansel and Gretel (2007)		threat
occult book	1	Pyewacket (2017)		trigger
occult magazine	1	Satan's Slaves (2017)	Budiman's article on the fertility cult	clue
octopus	1	A Bay of Blood (1971)	Simone the fisherman, who kills only to eat	symbol
odometer running backwards	1	Christine (1983)	the car winding back its own mileage as it renews itself	clue
offering tree	1	Gaia (2021)		setting
offerings under bed	1	KKN di Desa Penari (2022)		clue
oil drums	1	Juan of the Dead (2011)		symbol
oil lamp	1	The Curse of Frankenstein (1957)		weapon
oil tank	1	Mother! (2017)		weapon
oil-covered man	1	Sumpah Orang Minyak (1958)		threat
oil-marked faces	1	Sumpah Orang Minyak (1958)		clue
oilcloth taco game	1	We Are What We Are (2010)	a childhood memory of the brothers wrapping themselves as food while Sabina was 	symbol
old bicycle	1	Qodrat (2022)		symbol
old book	1	The Hallow (2015)		clue
old book on somnambulism	1	The Cabinet of Dr. Caligari (1920)	the 1726 Upsala volume telling the 1783 Caligari legend	clue
old camera	1	The Canal (2014)		clue
old film on tv	1	Wes Craven's New Nightmare (1994)	the original Nightmare on Elm Street plays on television while Dylan watches	mirror
old man with a stick	1	Who Can Kill a Child? (1976)		threat
old man's dog	1	Trick 'r Treat (2007)	Kreeg's dog Spite; on the night of the attack he calls it and it does not come	omen
old record song	1	Insidious (2010)	"Tiptoe Through the Tulips" on the record player, heard again in The Further	omen
old truck	1	Jeepers Creepers (2001)		omen
old woman covered in blood	1	The Sadness (2021)		omen
old woman in road	1	The Hole in the Ground (2019)		omen
old woman in victorian dress	1	Insidious (2010)		threat
older robot	1	M3GAN (2022)		weapon
om pendant	1	Veerana (1988)		weapon
one sock	1	Lights Out (2016)	Bret leaves a sock in Rebecca's drawer; commitment she resists	symbol
one-eyed gull	1	The Lighthouse (2019)		omen
one-way mirror	1	High Tension (2003)		mirror
open coffins	1	At Midnight I'll Take Your Soul (1964)		threat
open heart surgery	1	The Killing of a Sacred Deer (2017)		omen
opera aria	1	Antichrist (2009)	Handel's 'Lascia ch'io pianga' over the prologue and epilogue	symbol
opera box	1	The Phantom of the Opera (1925)		omen
opera guessing game	1	Funny Games (1997)		symbol
operating lab	1	The Girl with All the Gifts (2016)		setting
orange juice	1	Stir of Echoes (1999)		symbol
orchid bed	1	Crimes of the Future (2022)		setting
organ	1	The Phantom of the Opera (1925)		setting
organ tattoos	1	Crimes of the Future (2022)		symbol
orphaned baby	1	Godzilla Minus One (2023)		symbol
oscilloscope	1	Pontypool (2008)		omen
ossuary	1	Cemetery Man (1994)		setting
ouroboros tattoo	1	Annihilation (2018)	Anya's tattoo later appears on Lena's arm	symbol
outer shell	1	Cube (1997)	the hollow sarcophagus around the cube that Worth designed	setting
oven	1	The Visit (2015)	Nana asks Becca to climb inside to clean it, twice	threat
overcrowded boat	1	His House (2020)		trigger
overturned boat	1	Atlantics (2019)		clue
ovipositor	1	Aliens (1986)		symbol
owl and crow	1	The Eyes of My Mother (2016)	night birds heard as the father buries the mother; a crow caws over the barn	omen
owl hooting	1	Night of the Demons (1988)	with dogs barking in the distance as Sal arrives at Judy's house	omen
oxygen cylinder	1	La Llorona (2019)		turn
pack of dogs	1	The Omen (1976)	guarding the graves at Cerveteri	threat
package	1	Vampyr (1932)		omen
pact signed in blood	1	The Day of the Beast (1995)		clue
padded room	1	In the Mouth of Madness (1994)		setting
padlock	1	The Other (1972)		clue
padlocked door	1	The Innkeepers (2011)		turn
pages thrown to the wind	1	Byzantium (2012)		symbol
paint	1	The Invisible Man (2020)		weapon
painted murals	1	Midsommar (2019)	the murals show the story's rituals in advance	omen
painting of a body	1	Whispering Corridors (1998)		mirror
painting of ship	1	1408 (2007)		threat
paintings	1	Candyman (2021)		clue
paintings of girls	1	Phone (2002)		symbol
paintings on the wall	1	Sinister (2012)	Ashley's paintings show the dead girl Stephanie and the hanging tree	clue
palace	1	Bhool Bhulaiyaa (2007)		setting
palanquin	1	Bulbbul (2020)		setting
pale boy with head wound	1	The Devil's Backbone (2001)		threat
pale makeup	1	Longlegs (2024)		omen
pale-faced man	1	Carnival of Souls (1962)		threat
pan of soup	1	You Are Not My Mother (2021)		clue
pandora's box	1	The Girl with All the Gifts (2016)	the myth that gives the film its title; Melanie is the girl who opens the box	symbol
panna cotta	1	The Platform (2019)		symbol
pansies	1	Picnic at Hanging Rock (1975)	Bertie dreams his lost sister Sara visits him, smelling of pansies, then passes 	omen
panther's scream	1	Cat People (1942)	'It screams like a woman.'	omen
paper charms	1	The Medium (2021)		weapon
paper sailboat	1	IT (2017)		trigger
paralysed legs	1	The Killing of a Sacred Deer (2017)		threat
parasite	1	Shivers (1975)		threat
parcel	1	Border (2018)		symbol
partial denture	1	Housebound (2014)		clue
partial remains	1	Jaws (1975)		omen
patchwork doll	1	May (2002)		symbol
patriotic song	1	Detention (2019)		setting
patrol boat	1	Who Can Kill a Child? (1976)		turn
paw prints	1	Cat People (1942)		clue
pawned watch	1	Coming Soon (2008)		symbol
peace symbol necklace	1	The Last House on the Left (1972)		clue
peacock of the air	1	Freaks (1932)	Cleopatra's bird billing returns as the squawking bird-woman of the last scene	symbol
pearl	1	Valerie and Her Week of Wonders (1970)		weapon
pearl choker	1	Eyes Without a Face (1960)	Louise's choker, which the police use to trace the woman luring girls	clue
peeling walls	1	His House (2020)		setting
peephole	1	Opera (1987)		threat
pencil	1	Fright Night (1985)		weapon
penitent's whip	1	Shake, Rattle & Roll (1984)		weapon
pentagram charm	1	The Wolf Man (1941)		weapon
pentagram drawn in blood	1	Kandisha (2020)	redrawn for the release with menstrual blood	trigger
period pad	1	Tiger Stripes (2023)		omen
personal belongings	1	Weapons (2025)		clue
pet cemetery	1	Pet Sematary (1989)		setting
pet finches	1	The Hills Have Eyes (1977)		omen
pet food factory	1	Razorback (1984)		setting
pet pig	1	Misery (1990)	Annie's sow, named Misery	symbol
pet rabbit	1	Kandisha (2020)		omen
pet skink	1	Feng Shui (2004)	the children's new house is full of strange animals	omen
peter pan story	1	The Orphanage (2007)	Wendy grows old while the lost boys never do	mirror
petrified tree	1	Jennifer's Body (2009)	Needy's image for the band's singer	symbol
phantom boat	1	Mahal (1949)	local legend of a boat that arrives on stormy nights	omen
phantom child and dogs	1	Vampyr (1932)	Gray hears a child and dogs; the vampire insists there are none	omen
phantom child's cry	1	Antichrist (2009)		omen
philosophical intertitles	1	Climax (2018)		symbol
phoenix tattoo	1	Santa Sangre (1989)		symbol
phone call from the dead	1	Pet Sematary (1989)		threat
phone calls	1	Censor (2021)		omen
phone camera	1	Eden Lake (2008)		symbol
phone cord	1	Halloween (1978)		weapon
phone messages	1	Personal Shopper (2016)		threat
phone picture	1	Marebito (2004)		omen
phone videos	1	Talk to Me (2022)	possessions are filmed and shared online	clue
phones filming	1	Tiger Stripes (2023)		symbol
phonograph cylinder	1	Cure (1997)		turn
phonograph records	1	Evil Dead Rise (2023)		clue
phosphorus grenade	1	Annihilation (2018)	Kane's suicide on tape; Lena uses one to burn her double	weapon
photo	1	Hostel (2005)		clue
photo of dead son	1	Jacob's Ladder (1990)		symbol
photo of mother	1	Good Manners (2017)		clue
photograph of a baby	1	The First Omen (2024)		clue
photographs of torture	1	Martyrs (2008)		clue
photos of dead wife	1	The Housemaid (2016)		clue
photos of lookalikes	1	The Night House (2020)		clue
photos of past partners	1	Get Out (2017)		clue
photos of the husband	1	Mother! (2017)	the stranger is a fan of the poet	clue
photos on a wall	1	Session 9 (2001)		clue
photos taken inside the house	1	Hush (2016)		threat
physician's journal	1	The Uninvited (1944)		clue
piano wire	1	Hereditary (2018)		weapon
picture book	1	Possum (2018)		clue
picture of fiancée	1	Bram Stoker's Dracula (1992)		trigger
pie	1	Heretic (2024)		threat
pig hunting with dogs	1	Wolf Creek (2005)	Mick's culling stories foreshadow how he hunts people	omen
pig mask	1	Saw (2004)		threat
pig on a leash	1	Calvaire (2004)		
pig squealing	1	The Texas Chain Saw Massacre (1974)	Leatherface's squeals as he kills Kirk and Pam	threat
pig's head and goat	1	Incantation (2022)		omen
pigeon	1	Orphan (2009)		omen
pigeons	1	Noroi: The Curse (2005)		omen
pigpen	1	Frontier(s) (2007)		setting
pile of wood	1	Eden Lake (2008)		threat
piles of stones	1	Jigoku (1960)	the dead children's stone-stacking song on the bank of the Sanzu	symbol
pill bottle	1	The Invitation (2015)		clue
pillowcase	1	Funny Games (1997)		threat
pills	1	Sisters (1972)		clue
pin-up photographs	1	Peeping Tom (1960)	Mark shoots glamour pictures above the newsagent's	setting
pineal gland	1	From Beyond (1986)		threat
ping pong table	1	Gonjiam: Haunted Asylum (2018)		clue
ping-pong ball	1	Gonjiam: Haunted Asylum (2018)		omen
pink dress	1	Fresh (2022)		symbol
pink eyes	1	Tiger Stripes (2023)		omen
pink flowers	1	Invasion of the Body Snatchers (1978)		trigger
pink hat	1	Gretel & Hansel (2020)		omen
pink parachute	1	I Saw the TV Glow (2024)		omen
pipe	1	Jeepers Creepers (2001)		setting
pipe bombs	1	Tremors (1990)		weapon
pirate eye patch	1	May (2002)		symbol
pit of bodies	1	The Untamed (2016)		symbol
pit of corpses	1	The Serpent and the Rainbow (1988)		omen
pit of remains	1	Ready or Not (2019)		clue
pit with a body	1	Ravenous (1999)		trigger
pit with grate	1	Cobweb (2023)		setting
pitchfork in the hay	1	The Other (1972)		weapon
pizza	1	The House of the Devil (2009)		trigger
pizza in leopard's vomit	1	Cat People (1982)	the captured leopard has eaten human food: it is Paul	clue
piñata	1	Who Can Kill a Child? (1976)		omen
planet	1	Eraserhead (1977)		symbol
planets	1	A Field in England (2013)		symbol
plantation	1	R-Point (2004)		setting
plastic	1	Crimes of the Future (2022)		symbol
plastic bag	1	Black Christmas (1974)		weapon
plastic bag over head	1	Pulse (Kairo) (2001)		mirror
plastic over the face	1	Stir of Echoes (1999)		clue
platform of food	1	The Platform (2019)		setting
playing cards	1	The Evil Dead (1981)	Cheryl names the cards before they are turned, then is possessed	clue
pliers	1	Shivers (1975)		weapon
pneumatic tube	1	In Fabric (2018)	the store's payment capsule rattling through the tubes at the purchase	setting
pocket knife	1	An American Werewolf in London (1981)		weapon
pods	1	Invasion of the Body Snatchers (1978)		threat
pogo stick	1	Tremors (1990)	Mindy's bouncing draws a graboid	omen
pointed thumbnail	1	Byzantium (2012)	the long nail the vampires use to draw blood	weapon
pointing finger and scream	1	Invasion of the Body Snatchers (1978)		turn
poisoned candy	1	Trick 'r Treat (2007)		weapon
poisoned food	1	Bhoothakaalam (2022)		turn
polar night	1	30 Days of Night (2007)		setting
polaroid camera	1	Longlegs (2024)		clue
polaroid photo	1	The Texas Chain Saw Massacre (1974)		omen
pole	1	Bride of Frankenstein (1935)		symbol
polecat	1	Valerie and Her Week of Wonders (1970)		symbol
police report	1	Veronica (2017)		setting
police van	1	Baskin (2015)		mirror
pond creatures	1	The Visit (2015)	Nana's tale of alien creatures storing people at the bottom of a pond	omen
pony	1	Starve Acre (2023)		omen
pool of blood	1	The Descent (2005)		turn
pool of corpses	1	Phenomena (1985)		setting
pool of his own blood	1	Cronos (1993)		turn
pool of holy blood	1	Santa Sangre (1989)	the cult's sacred pool, which the Monsignor calls paint	symbol
pop-up book	1	The Babadook (2014)		threat
popcorn on the stove	1	Scream (1996)		omen
poppet	1	Night of the Eagle (1962)		clue
porcelain dolls	1	A Tale of Two Sisters (2003)		clue
porch swing	1	The Evil Dead (1981)		omen
porn theater	1	The Howling (1981)		setting
portal to the underworld	1	A Chinese Ghost Story (1987)		setting
portrait of dead mother	1	The Uninvited (1944)		symbol
portrait of hell	1	Jigoku (1960)		omen
possessed computer text	1	Prince of Darkness (1987)		clue
post-it notes	1	Relic (2020)		symbol
postcard	1	1408 (2007)		omen
postmortem photograph	1	The Others (2001)		clue
potion	1	Dr. Jekyll and Mr. Hyde (1931)		trigger
pottery	1	Ugetsu (1953)		symbol
pouring rain	1	The Wailing (2016)		setting
power drills	1	Crimes of the Future (2022)		weapon
power line	1	The Blob (1958)		weapon
power lines	1	Trollhunter (2010)		clue
prayed-over water	1	Qodrat (2022)		weapon
prayer closet	1	Carrie (1976)		symbol
prayer water	1	Munafik (2016)		weapon
preacher	1	Enys Men (2022)		symbol
pregnant corpse	1	Pontianak Harum Sundal Malam (2004)		trigger
preserved body	1	The Legend of Hell House (1973)		clue
preserved women in glass	1	The Black Cat (1934)		clue
primates	1	The Hunger (1983)		mirror
prince on a white horse	1	The Love Witch (2016)	the fantasy the film ends on, with Griff leading her away on a unicorn	symbol
prince without limbs	1	Hansel and Gretel (2007)	a bedtime story the children tell about a prince who tried to leave	mirror
prison	1	Qodrat (2022)		setting
private traps	1	Psycho (1960)	Norman and Marion's parlour talk; she resolves to return the money	mirror
prize cutlery	1	Sisters (1972)		omen
procession candles	1	At Midnight I'll Take Your Soul (1964)		threat
procession of patriarchs	1	The Golem (1920)	Loew's vision shown at court	omen
projector	1	Sinister (2012)		threat
prom crowns	1	The Loved Ones (2009)	Lola crowns herself queen and Brent king; the drill goes in where the crown sat	symbol
promise to wait forever	1	House (Hausu) (1977)	the fiance's parting vow, shown in the flashback film	symbol
prop trunk	1	Peeping Tom (1960)		clue
propaganda slogan	1	Detention (2019)		omen
propane burners	1	Gonjiam: Haunted Asylum (2018)		omen
propane tank	1	Slither (2006)		weapon
prosthetic leg	1	Fresh (2022)		clue
protective amulet	1	The Devil Rides Out (1968)		weapon
protective circle	1	The Devil Rides Out (1968)		weapon
protective masks	1	It Comes at Night (2017)		symbol
protective suit	1	REC (2007)		symbol
pruning shears	1	The Sadness (2021)		weapon
pub	1	Shaun of the Dead (2004)		setting
pub sign of severed wolf head	1	An American Werewolf in London (1981)		omen
public toilet	1	The Canal (2014)		setting
pulsating sound	1	Them! (1954)		omen
pumpkin	1	Cobweb (2023)		symbol
puppet	1	Saw (2004)		omen
puppet show	1	Hour of the Wolf (1968)	The Magic Flute performed by puppets at the castle	mirror
rabbit costumes	1	House of 1000 Corpses (2003)		symbol
rabbit in a hutch	1	Eden Lake (2008)		omen
rabbit snare	1	Calvaire (2004)		
raccoons	1	A Quiet Place (2018)	the creature drawn to the house takes the raccoons instead of the family	omen
radiator	1	Eraserhead (1977)		symbol
radio and television	1	Night of the Living Dead (1968)		clue
radio broadcast	1	The Invisible Man (1933)		clue
radio debate on unruly children	1	Eden Lake (2008)		omen
radio romance serial	1	Don't Torture a Duckling (1972)	village women listen to a melodrama on the radio as the boys head off to spy on 	mirror
radio sermon about a demon	1	Jeepers Creepers (2001)		omen
radio show	1	The Tag-Along (2015)	Yi-chun's call-in show bookends the film; its cheerful closing broadcast is the 	mirror
radioactive well	1	Godzilla (1954)		omen
rag doll	1	Coraline (2009)		omen
railway bridge	1	The Lost Boys (1987)		setting
railway tunnel	1	Men (2022)		setting
rainstorm	1	Suspiria (1977)		setting
rajōmon gate	1	Kuroneko (1968)		setting
ramp of bodies	1	Juan of the Dead (2011)		setting
rancid fish	1	Jigoku (1960)		weapon
rare flower	1	Enys Men (2022)		symbol
rare hamburger	1	The Howling (1981)		symbol
rat	1	Coraline (2009)		threat
rat dropping in food	1	Invasion of the Body Snatchers (1978)	Matthew, a health inspector, finds it in a restaurant whose chef has changed	clue
rat-monkey	1	Braindead (1992)		omen
rattlesnake	1	Sinners (2025)		omen
ravens	1	Opera (1987)		omen
ravine	1	The Queen of Black Magic (1981)		setting
raw birds	1	Roh (2019)		omen
raw meat	1	Baskin (2015)		omen
raw rabbit kidney	1	Raw (2016)		trigger
razor blade in candy	1	Candyman (2021)		clue
razor blade in necklace	1	The Loved Ones (2009)		weapon
reagent	1	Re-Animator (1985)		threat
rearview mirror	1	Candyman (2021)		weapon
receiver packed with dirt	1	The Black Phone (2021)		weapon
record player	1	The Blackcoat's Daughter (2015)		omen
recorded confession	1	High Tension (2003)		clue
recording equipment	1	The Innkeepers (2011)		clue
recurring dream	1	Baskin (2015)		omen
recurring song	1	Final Destination (2000)	John Denver's 'Rocky Mountain High' plays at the gate, at Tod's and Ms Lewton's 	omen
red	1	The Village (2004)		omen
red and green sweater	1	A Nightmare on Elm Street (1984)	the detail that tells Tina and Nancy they share one dream	clue
red artificial nails	1	Santa Sangre (1989)		symbol
red balloon	1	IT (2017)		threat
red cloud	1	Picnic at Hanging Rock (1975)		omen
red coat	1	Don't Look Now (1973)		omen
red death costume	1	The Phantom of the Opera (1925)	the Phantom at the masked ball, robed in red	omen
red door	1	It Comes at Night (2017)		clue
red emergency lighting	1	Climax (2018)		omen
red glow	1	Gaia (2021)		omen
red jawbreaker	1	One Missed Call (2003)		clue
red laces	1	Green Room (2015)	the gang's trusted inner circle; Darcy hands Gabe a pack as a reward	symbol
red lantern	1	The Invitation (2015)		symbol
red light	1	Stir of Echoes (1999)		clue
red lights	1	A Quiet Place (2018)		symbol
red moon	1	Messiah of Evil (1973)		omen
red pyramid	1	Silent Hill (2006)		threat
red ribbon	1	Dachra (2018)		symbol
red riding hood and wolf	1	Ginger Snaps (2000)	childhood Halloween Polaroid on the bedroom wall; Ginger wears the Red Riding Ho	symbol
red riding hood costume	1	Trick 'r Treat (2007)		symbol
red schoolbag	1	Dark Water (2002)		omen
red shawl	1	The Company of Wolves (1984)		symbol
red strips on trees	1	The Tag-Along (2015)		setting
red tape door	1	Pulse (Kairo) (2001)		threat
red tent	1	The Sixth Sense (1999)	Cole's refuge, lined with religious pictures	setting
red wine	1	Suspiria (1977)	wine prescribed with every meal; Suzy grows strangely sleepy	weapon
red-eyed figure at window	1	Sinners (2025)	in the opening woodcuts of legendary musicians	omen
red-faced demon	1	Insidious (2010)		threat
red-hot poker	1	The Pit and the Pendulum (1961)		weapon
reeds	1	Onibaba (1964)		setting
reflection in glass	1	Shutter (2004)		mirror
reflection in water	1	Kuroneko (1968)		clue
regenerating flesh	1	Godzilla Minus One (2023)		omen
rehearsed scream	1	King Kong (1933)	Denham's screen test on deck rehearses the scream before Ann sees Kong	omen
reindeer carcasses	1	Rare Exports (2010)		omen
rejected proposal	1	The Strangers (2008)		symbol
religious tracts	1	The Strangers (2008)		symbol
remains in a wall	1	Stir of Echoes (1999)		clue
remains in a well	1	Ringu (1998)		clue
removed mirrors	1	Eyes Without a Face (1960)		mirror
removed tongue	1	The People Under the Stairs (1991)		symbol
reog performer	1	The Queen of Black Magic (1981)		omen
repeated phrase	1	Pontypool (2008)		threat
repeated whisper	1	Carved (2007)	the question recurs through the film as a whispered refrain	omen
repeating doorways	1	Kill, Baby, Kill (1966)		setting
replica bedroom	1	Perfect Blue (1997)		clue
replica of the house	1	The Entity (1982)		setting
restless livestock	1	Svaha: The Sixth Finger (2019)		omen
returned suit	1	Les Diaboliques (1955)		clue
revenge as a river	1	Saloum (2021)	the proverb opens and closes the film	symbol
reverend	1	The Wind (2018)		threat
reverse bear trap	1	Saw (2004)		weapon
reversed floor plan	1	The Night House (2020)		clue
rhyme of the whistling tree	1	Starve Acre (2023)		clue
rhyming valentine notes	1	My Bloody Valentine (1981)	each killing comes with a rhyming Valentine card	omen
rhythmic banging	1	The Changeling (1980)	a loud banging that wakes John at the same hour each morning	omen
rhythmic knocking	1	The Fog (1980)	the revenants knock before they kill; it returns at Stevie's house	omen
ribbons	1	Orphan (2009)		clue
rice	1	Rigor Mortis (2013)		weapon
ring in a tin can	1	The Other (1972)	Grandpa Perry's ring, which was supposed to be buried with the father	clue
ring of keys	1	Errementari (2017)		trigger
ringing phone	1	Fresh (2022)		clue
riots	1	Frontier(s) (2007)		setting
riots on television	1	Inside (2007)	the Paris suburbs riot outside throughout the night	setting
ripped-off ear	1	M3GAN (2022)		threat
ritual coffee	1	KKN di Desa Penari (2022)		omen
ritual cup	1	Ready or Not (2019)		turn
ritual dagger	1	Late Night with the Devil (2023)		weapon
ritual horn	1	Mandy (2018)	the Horn of Abraxas	trigger
ritual table	1	Gonjiam: Haunted Asylum (2018)		trigger
river delta	1	Saloum (2021)		setting
river of the dead	1	Jigoku (1960)		setting
road accident	1	Feng Shui (2004)	an accident on the road the moment the mirror is found, echoed by the final high	omen
road marker	1	KM 31 (2006)		setting
road trip truck	1	Bones and All (2022)		setting
roadblocks and soldiers	1	Rabid (1977)		setting
roadkill	1	Antlers (2021)		omen
roast bird	1	Eraserhead (1977)		omen
robes	1	The Void (2016)		threat
robot pet	1	M3GAN (2022)	the opening advert for Purrpetual Petz, 'a friend that lives longer than you do'	omen
robot sentry guns	1	Aliens (1986)		weapon
rock	1	The Fly (1958)		weapon
rocket	1	The Gate (1987)		weapon
rocking horse	1	Black Christmas (1974)		omen
rocks	1	Roh (2019)		omen
rocky hill	1	Here Comes the Devil (2012)		setting
roller coaster	1	The Dead Zone (1983)		omen
rooftop	1	Eerie (2018)		setting
room 402	1	Gonjiam: Haunted Asylum (2018)		threat
room of the murdered	1	Bees Saal Baad (1962)		setting
room under the stairs	1	Ghostwatch (1992)		setting
rooster at dawn	1	Daughters of Darkness (1971)		omen
rooster's crow	1	Häxan (1922)		omen
roosters and swans	1	Santa Sangre (1989)	Fenix's recurring hallucinations of birds	omen
rope bridge	1	Jigoku (1960)		setting
rope of clothing	1	Cube (1997)		turn
rope of victims' clothes	1	The Host (2006)		symbol
rosary beads	1	Saint Maud (2019)		symbol
rose	1	Under the Skin (2013)		symbol
rose garden	1	Frailty (2001)		setting
roses	1	Session 9 (2001)	a flash of the night Gordon killed his family, replayed in full at the end	clue
rotted corpse	1	Kwaidan (1964)		turn
rotten fish	1	Les Diaboliques (1955)	Michel forces Christina to swallow spoiled fish in front of the staff	symbol
rotting animal corpses	1	Evil Dead (2013)		omen
rotting flesh	1	The Old Dark House (1932)	Rebecca Femm touches Margaret's dress and skin	mirror
row of flash cameras	1	Peeping Tom (1960)	Mark's rigged cameras photograph his own death	weapon
rubber gloves	1	The Hands of Orlac (1924)		weapon
rubber plantation	1	The Housemaid (2016)		setting
rubik's cube	1	Let the Right One In (2008)	Oskar lends it to Eli, who solves it overnight	symbol
ruin	1	Ugetsu (1953)		turn
ruined building	1	Cure (1997)	the derelict hideout where the cylinder is played	setting
ruined church	1	Blood on Satan's Claw (1971)		setting
ruined factory	1	The Medium (2021)		setting
ruined town	1	Tombs of the Blind Dead (1972)		setting
runes on skin	1	Incantation (2022)		omen
runic parchment	1	Night of the Demon (1957)		threat
runic symbols	1	The Ritual (2017)		omen
running taps	1	Next of Kin (1982)		omen
running water	1	Daughters of Darkness (1971)	Ilona dies in the shower	weapon
ruptured belly	1	Good Manners (2017)		turn
rural school	1	When Evil Lurks (2023)		setting
rust	1	Tetsuo: The Iron Man (1989)		threat
rv	1	Near Dark (1987)		setting
sabres	1	The Student of Prague (1913)		weapon
sack mask	1	The Orphanage (2007)		threat
sacks	1	Rare Exports (2010)		clue
sacks carried at night	1	Dachra (2018)		clue
sacred ash	1	Manichitrathazhu (1993)		weapon
sacred scripture	1	Midsommar (2019)	the Rubi Radr, written by an inbred oracle; Josh dies photographing it	clue
sacred tree	1	Midsommar (2019)		trigger
safe	1	Don't Breathe (2016)		trigger
saint pendant	1	Saint Maud (2019)		symbol
saint statue	1	The Sixth Sense (1999)	stolen from the church and kept in the tent	symbol
saint with burning angel	1	The Eyes of My Mother (2016)		symbol
sake for the guest	1	Kuroneko (1968)	the women ply each samurai with sake before killing him	trigger
same fallen log	1	The Blair Witch Project (1999)	after a day walking south they arrive back at a log they crossed before	turn
samurai armor	1	Ugetsu (1953)		symbol
sand paths	1	A Quiet Place (2018)		setting
sandals	1	Kwaidan (1964)		symbol
sandworms	1	Beetlejuice (1988)		threat
sangria bowl	1	Climax (2018)		trigger
sanskrit symbols on body	1	Ugetsu (1953)		weapon
santa claus	1	Hansel and Gretel (2007)	the abusive caretaker came dressed as Santa	symbol
santa suit	1	Gremlins (1984)		symbol
sarcophagus	1	Veerana (1988)		setting
saree on fire	1	Manichitrathazhu (1993)		omen
satellite dish	1	Videodrome (1983)		trigger
saturn in retrograde	1	The Texas Chain Saw Massacre (1974)	Pam reads the horoscope: Saturn is malefic and in retrograde	omen
savaged remains	1	Dog Soldiers (2002)		omen
sawdust in the core	1	Rare Exports (2010)	a drill sample shows a 65-foot layer of sawdust inside the mountain	omen
sawmill	1	Sinners (2025)		setting
scaffold	1	Don't Look Now (1973)		omen
scale model of town	1	Beetlejuice (1988)		setting
scalpels	1	May (2002)		weapon
scanning whine	1	Scanners (1981)	the whine marks every scan, from the food court onward	omen
scar on neck	1	The Hands of Orlac (1924)		clue
scarab device	1	Cronos (1993)		threat
scare video	1	The Innkeepers (2011)	Luke's prank ghost clip that makes Claire scream	omen
scarecrows	1	House of 1000 Corpses (2003)		threat
scent of mimosa	1	The Uninvited (1944)	Stella's mother's perfume; the scent marks the gentle ghost	symbol
scented candle	1	Heretic (2024)		clue
school	1	It's Alive (1974)		setting
school bus	1	Trick 'r Treat (2007)		clue
school gate	1	Detention (2019)		setting
school motto	1	Detention (2019)		symbol
school uniforms	1	Here Comes the Devil (2012)		clue
schoolgirls' prayer song	1	Godzilla (1954)		symbol
scorpion	1	Sinister (2012)		omen
scorpion and grasshopper	1	The Phantom of the Opera (1925)		weapon
scrap metal in a wound	1	Tetsuo: The Iron Man (1989)		trigger
scratched name	1	Lights Out (2016)		clue
scratched-out eyes	1	Paperhouse (1988)		threat
scratches	1	Rosemary's Baby (1968)		clue
scratches on face	1	Ghostwatch (1992)		threat
scratching sound	1	Lights Out (2016)		omen
screams	1	Island of Lost Souls (1932)		omen
scribble-board	1	The Innocents (2021)		symbol
script	1	Wes Craven's New Nightmare (1994)		clue
scuba tank	1	Jaws (1975)		weapon
sculpting knives	1	Whispering Corridors (1998)		weapon
sculptor's hands	1	The Curse of Frankenstein (1957)		clue
sea cave	1	The Orphanage (2007)		setting
sea foam	1	The Lure (2015)		symbol
sea on fire	1	Lady Terminator (1988)		omen
seagulls	1	Day of the Dead (1985)	heard on the island beach in the final scene	symbol
seal of solomon	1	Kandisha (2020)		weapon
sealed cellar door	1	May the Devil Take You (2018)		trigger
seance	1	23:59 (2011)		omen
second cat	1	Raat (1992)		omen
secret hallways	1	Housebound (2014)		setting
secret passage	1	Martyrs (2008)		clue
secret passages	1	House of Usher (1960)		setting
secret room	1	House on Haunted Hill (1959)		setting
security alarm	1	Insidious (2010)		omen
security camera	1	The Invisible Man (2020)		clue
security footage	1	High Tension (2003)		turn
security tape static	1	Frailty (2001)		turn
seed pods	1	Invasion of the Body Snatchers (1956)		threat
seeing through her eyes	1	Kandisha (2020)		threat
segments of an orange	1	Terrified (2017)	the investigators' picture of coexisting dimensions	symbol
seismograph	1	Tremors (1990)		clue
seizures	1	Thelma (2017)		omen
self-made scars	1	His House (2020)		clue
self-made tombstone	1	Deathdream (1974)		symbol
self-sharpening knife	1	The Platform (2019)	Trimagasi's Samurai-Plus, his one item	weapon
sermon at the gallows	1	Witchfinder General (1968)	a minister reads from Revelation as the witch is hanged	symbol
session recording	1	Smile (2022)	Rose replays Laura's recorded session	clue
setting sun	1	The Wicker Man (1973)		symbol
severed animal heads	1	Hereditary (2018)		clue
severed arms	1	Santa Sangre (1989)		turn
severed body parts	1	Audition (1999)		clue
severed cat arm	1	Kuroneko (1968)		clue
severed head in box	1	Purana Mandir (1984)		threat
severed head in dreams	1	The Medium (2021)		omen
severed head in jar	1	The Silence of the Lambs (1991)		clue
severed head in lobster trap	1	The Lighthouse (2019)		clue
severed leg	1	Shaun of the Dead (2004)		weapon
severed puppet head	1	Possum (2018)		symbol
severed tail	1	Border (2018)		symbol
severed tongue	1	The Autopsy of Jane Doe (2016)		clue
sewer drain	1	KM 31 (2006)		setting
sewer lair	1	The Host (2006)		setting
sewers	1	Them (Ils) (2006)		setting
sewn dolls	1	The People Under the Stairs (1991)		symbol
shackles and bones	1	Cat People (1982)		clue
shadow	1	Pyewacket (2017)		threat
shadow at foot of bed	1	Paranormal Activity (2007)	Katie's childhood memory	threat
shadow of a hand	1	Nosferatu (2024)		threat
shadows	1	Vampyr (1932)		omen
shadowy figure	1	The Eye (2002)		omen
shadowy figure in a dream	1	Prince of Darkness (1987)		omen
shaking bed	1	The Exorcist (1973)		omen
shallow grave	1	Roh (2019)		clue
shard of glass	1	Christine (1983)		weapon
shared wall	1	Let the Right One In (2008)		symbol
shark	1	Zombi 2 (1979)		threat
shark cage	1	Jaws (1975)		setting
shark tooth	1	Jaws (1975)		clue
shark's black eyes	1	Jaws (1975)	Quint: 'Black eyes, like a doll's eyes'	symbol
sharpened stick	1	Starve Acre (2023)		weapon
sharpened sticks	1	The Devil's Backbone (2001)		weapon
shattered mirror	1	Hour of the Wolf (1968)		symbol
shattering windows	1	The Wind (2018)		threat
shaved head	1	Calvaire (2004)		
sheep and bolt gun	1	IT (2017)	Mike is pushed to kill sheep with a captive bolt gun	omen
shells	1	Uzumaki (2000)		threat
shimmering eyes	1	Annihilation (2018)		omen
ship's log	1	Matango (1963)		clue
shipwreck	1	Mahal (1949)		symbol
shoe soles	1	Inferno (1980)	the riddle of the third key, repeated until Mark tears up the floor	clue
shoe standing upright	1	Nope (2022)		symbol
shoes on wrong feet	1	Antichrist (2009)		clue
shofar	1	The Golem (1920)		symbol
shot eye	1	The Curse of Frankenstein (1957)		weapon
shout	1	The Shout (1978)		weapon
shrieking in the wind	1	Nope (2022)		threat
shrine	1	The Love Witch (2016)		clue
shrine of photos	1	The Wailing (2016)		clue
shrivelled apple	1	The Wicker Man (1973)		clue
shrouded corpse	1	Zombi 2 (1979)		omen
shrouded dead	1	Satan's Slaves (2017)		threat
shrouded gravestones	1	KKN di Desa Penari (2022)		clue
shrunken head	1	Beetlejuice (1988)		symbol
sick child	1	REC (2007)	Jennifer, owner of the infected dog	clue
sickbed	1	Satan's Slaves (2017)		setting
sickle above the door	1	Noroi: The Curse (2005)		weapon
sickly sweet smell	1	Inferno (1980)	the stench the book promises around each house, blamed on a cake factory	clue
sickroom bell	1	Satan's Slaves (2017)	the bedridden mother rings a bell to call the children, and it keeps ringing aft	omen
sideshow taunts	1	Sisters (1972)	echoing voices in Grace's hypnotic vision of the twins' past	symbol
sign language	1	Saloum (2021)		weapon
silence	1	Carnival of Souls (1962)		symbol
silent birds	1	Dracula (Horror of Dracula) (1958)	Harker's diary notes the castle grounds have no birdsong	omen
silent children	1	Who Can Kill a Child? (1976)		threat
silent phone call	1	Them (Ils) (2006)		omen
silhouette with claws	1	Lights Out (2016)		threat
silver bullets	1	The Howling (1981)		weapon
silver coins	1	Session 9 (2001)		trigger
silver cup	1	The Witch (2015)	William secretly trades it; its loss is blamed on Thomasin	clue
silver letter opener	1	Dog Soldiers (2002)		weapon
silver necklace	1	Drag Me to Hell (2009)		trigger
silver sphere	1	Phantasm (1979)		weapon
silver wolf's head cane	1	The Wolf Man (1941)		weapon
simulation dots	1	Pulse (Kairo) (2001)	a student program that models human loneliness	mirror
singing and dancing at midnight	1	Manichitrathazhu (1993)		clue
singing dead lord	1	Ugetsu (1953)		omen
singing toy rabbit	1	The Awakening (2011)	a wind-up rabbit doll whose tune unlocks Florence's memory	clue
sink plughole	1	Terrified (2017)		threat
sink spewing blood	1	IT (2017)		threat
sinkhole	1	The Hole in the Ground (2019)		setting
sinking ships	1	Godzilla (1954)		omen
siphoned gas can	1	Green Room (2015)	the band steals fuel; the skinheads later reuse the kit to stage Tiger's death	clue
skateboard	1	A Girl Walks Home Alone at Night (2014)		symbol
skeletal body	1	Black Sunday (1960)		turn
skeleton in rocking chair	1	23:59 (2011)		clue
sketchbook	1	Hereditary (2018)		threat
sketches of visions	1	Hour of the Wolf (1968)		omen
ski mask	1	Prom Night (1980)		threat
skin suit	1	The Silence of the Lambs (1991)		clue
skin wheals	1	The Brood (1979)		clue
skin worn as disguise	1	Hellraiser (1987)		turn
skinless baby	1	Impetigore (2019)		threat
skinless creature	1	Smile (2022)		threat
skinned animals	1	The Village (2004)		omen
skinned possums	1	Housebound (2014)	the neighbour's rancid smell, a false lead	clue
skinned rabbit	1	The Howling (1981)	Roy shoots it; Marsha skins it in front of him and tosses him the foot for luck	symbol
skipping record	1	The Strangers (2008)	the record player that keeps skipping as the attack builds	omen
skull and hair	1	Satan's Slave (1982)		symbol
skull in the garden	1	Cobweb (2023)		clue
skull on the trail	1	Wolf Creek (2005)		omen
skull puzzle	1	Cemetery Man (1994)		symbol
skull-shaped mountain	1	King Kong (1933)		omen
skylight and noose	1	Suspiria (1977)		threat
skyscraper	1	King Kong (1933)		setting
slain bear	1	Trollhunter (2010)		clue
slashed nightgown	1	A Nightmare on Elm Street (1984)		omen
slashed portrait	1	The Pit and the Pendulum (1961)		omen
slashed throat	1	Society (1989)		clue
slaughtered dogs	1	Slither (2006)		clue
sled dogs	1	30 Days of Night (2007)		omen
sleeping bags	1	You're Next (2011)		clue
slide projector	1	IT (2017)		threat
slit in abdomen	1	Videodrome (1983)		symbol
slit in the back	1	The Substance (2024)		threat
slit mouth	1	Carved (2007)		symbol
slowing heartbeat	1	Hush (2016)		omen
small door	1	Coraline (2009)		trigger
small footprints	1	Child's Play (1988)		clue
small mutant creature	1	The Host (2006)		omen
smart-home camera	1	M3GAN (2022)		omen
smashed bridge	1	Trollhunter (2010)		clue
smell of burning	1	The Exorcism of Emily Rose (2005)		omen
smell of death	1	Evil Dead (2013)	Mia smells something dead the others put down to withdrawal	omen
smile	1	Smile (2022)		threat
smiley-face sticker	1	The Howling (1981)	Eddie's calling card, found again on the refrigerator in his sister's cabin	clue
smoke alarm	1	Hush (2016)	a joke early on; she sets it off to disorient the killer at the end	weapon
smoke detector	1	The Strangers (2008)		clue
smoking flesh	1	Near Dark (1987)		omen
snake eating itself	1	The Taking of Deborah Logan (2014)		symbol
snakes and ants	1	Picnic at Hanging Rock (1975)	the warning recurs: Miranda sees the picnickers below 'like a lot of ants'	omen
snapped neck	1	Bhoot (2003)		clue
snapping sticks	1	The Blair Witch Project (1999)		omen
snapping turtles	1	Magic (1978)		omen
sneeze and snore	1	The Invisible Man (1933)	Griffin gives himself away sleeping in a farmer's barn	clue
snow globe	1	Coraline (2009)		clue
snow-covered driveway	1	The Blackcoat's Daughter (2015)		setting
snowglobe	1	Cemetery Man (1994)		symbol
sobbing woman	1	The Uninvited (1944)		omen
society anthem	1	Society (1989)	the title song opens and closes the film	symbol
sofa bed	1	Sisters (1972)		clue
soiled diapers	1	The Visit (2015)		clue
someone else in the house	1	Bhoothakaalam (2022)		clue
song about a hole	1	The Hole in the Ground (2019)	Chris sings The Rattlin' Bog at a school concert, word for word about a hole in 	omen
song called it never ends	1	Speak No Evil (2022)	Patrick plays Bjørn a Dutch song	symbol
song on repeat	1	You're Next (2011)	"Looking for the Magic" plays on a loop through the attacks	symbol
song on the radio	1	Invasion of the Body Snatchers (1956)	music in the hills gives false hope of other humans	turn
sos painted on roof	1	Dawn of the Dead (2004)		symbol
soul jar	1	The Serpent and the Rainbow (1988)		symbol
sound studio	1	The Shout (1978)		setting
soundproof booth	1	Pontypool (2008)		setting
spacecraft	1	The Thing (1982)		clue
spaghetti	1	The Killing of a Sacred Deer (2017)	Martin's speech about inheriting his dead father's way of eating	mirror
sparrows	1	The Birds (1963)		threat
speakers	1	Malignant (2021)		threat
speaking pipes	1	Inferno (1980)	hidden tubes that carry voices through every room of the building	setting
spear gun	1	Juan of the Dead (2011)		weapon
spear-gun	1	Long Weekend (1978)		weapon
speargun	1	Ready or Not (2019)		weapon
special coins	1	The Orphanage (2007)	Simón's treasure in the ghosts' game	clue
spectral photograph	1	Les Diaboliques (1955)		omen
spell words	1	Qodrat (2022)		omen
sperm creature	1	Eraserhead (1977)		omen
spider and web	1	The Serpent and the Rainbow (1988)		symbol
spider eating a butterfly	1	The Innocents (1961)		omen
spider web	1	The Fly (1958)		threat
spiders and flies	1	Bram Stoker's Dracula (1992)	Renfield's pets in the asylum	omen
spiderweb	1	Dabbe (2006)		symbol
spiked foot device	1	Saint Maud (2019)		symbol
spiked glove	1	Blood and Black Lace (1964)		weapon
spiked mask	1	Black Sunday (1960)		symbol
spinning game	1	Censor (2021)		clue
spiral	1	Uzumaki (2000)		symbol
spirit board	1	The Exorcist (1973)		trigger
spirit paintings	1	Personal Shopper (2016)	Hilma af Klint's abstract art, painted as a medium	symbol
spirit photo magazine	1	Shutter (2004)		clue
splintered wood	1	Zombi 2 (1979)		weapon
split dog	1	The Return of the Living Dead (1985)	veterinary specimens shown on the tour come back to life after the gas leak	omen
sponge cake	1	Thirst (2009)	a dying patient's story of giving away his cake to starving girls	symbol
spoon and jar	1	Under the Skin (2013)	TV comedy routine she watches in the stranger's home	symbol
spores	1	The Girl with All the Gifts (2016)		symbol
spyhole	1	Valerie and Her Week of Wonders (1970)		clue
squawking birds	1	Jennifer's Body (2009)	birds cry out as Jennifer leads Jonas into the woods	omen
stab to the throat	1	Possessor (2020)		mirror
stabbed dog	1	The Loved Ones (2009)	Brent's dog Kahn, killed when he is taken	omen
staged death photos	1	Ginger Snaps (2000)	the sisters' slide show of faked suicides shown in art class	mirror
stained blouse	1	The Untamed (2016)		symbol
stained-glass window	1	The Changeling (1980)		omen
staircase	1	Jacob's Ladder (1990)		symbol
stairwell	1	Rigor Mortis (2013)		trigger
staked corpse	1	Nosferatu (2024)		omen
standing coffin	1	Exhuma (2024)		clue
standing stone	1	Enys Men (2022)		threat
stars	1	The Golem (1920)		omen
stars in the well	1	Color Out of Space (2019)		omen
statue of isis	1	The Mummy (1932)		weapon
statue of king slaying cat	1	Cat People (1942)		symbol
statue of the virgin	1	Huesera (2022)	a pilgrimage prayer for a child	omen
steel blindfold	1	Martyrs (2008)		symbol
steering wheel	1	The Haunting (1963)		threat
steroids	1	Titane (2021)		symbol
stew	1	Ravenous (1999)		symbol
stick	1	Viy (1967)		weapon
stick figures	1	The Blair Witch Project (1999)		omen
stick insect	1	Pan's Labyrinth (2006)		omen
stigmata	1	The Exorcism of Emily Rose (2005)		symbol
stillborn baby	1	Corazon: The First Aswang (2012)		trigger
stinger in the eye	1	The Hallow (2015)		weapon
stoat	1	A Field in England (2013)	a running joke among the starving deserters	symbol
stolen balloons	1	An American Werewolf in London (1981)		symbol
stolen bicycle	1	The Invisible Man (1933)	a riderless bicycle rolls through the village	threat
stolen heaters	1	Rare Exports (2010)	along with potato sacks and a hair dryer: warming the frozen master	clue
stolen makeup	1	Black Swan (2010)		omen
stolen money	1	Psycho (1960)		trigger
stone	1	Trollhunter (2010)		symbol
stone circle	1	Night of the Demon (1957)		clue
stone cross	1	Bram Stoker's Dracula (1992)		symbol
stone eagle	1	Night of the Eagle (1962)		threat
stone labyrinth	1	Pan's Labyrinth (2006)		setting
stone lions	1	The Haunting (1963)	Eleanor's daydream of a home of her own	symbol
stone mantelpiece	1	Ghost Story (1981)		weapon
stone stairs	1	The Exorcist (1973)		setting
stone talisman	1	The Exorcist (1973)		omen
stones	1	Speak No Evil (2022)		weapon
stones falling from the sky	1	Carrie (1976)	second-draft prologue (child Carrie) and the house's destruction at the end; the	omen
stony soil	1	Pet Sematary (1989)	Jud's refrain, repeated over the closing burial	symbol
stopped clock	1	Jigoku (1960)		omen
stopped clocks	1	The Conjuring (2013)		omen
storm cellar	1	Frailty (2001)		setting
storm drain	1	IT (2017)		threat
storm drains	1	Them! (1954)		setting
storm sewers	1	It's Alive (1974)		setting
storybook	1	Hansel and Gretel (2007)		symbol
straitjacket	1	The Cabinet of Dr. Caligari (1920)		mirror
strange eyes	1	The Brood (1979)	the dead brood child has irises but no retinas	clue
strange eyes and hair	1	Village of the Damned (1960)	platinum blond	symbol
strange noise	1	23:59 (2011)		omen
strange smell	1	Color Out of Space (2019)		omen
straw dummy	1	Manichitrathazhu (1993)		turn
straw effigy	1	Rare Exports (2010)		omen
stray cat	1	The Innocents (2021)		omen
stray dog	1	Beetlejuice (1988)		omen
stray dogs	1	Pari (2018)	Rukhsana's mother kept strays; at the end the dogs stay with Rukhsana	omen
stream	1	Tiger Stripes (2023)		setting
street children with gum	1	Hostel (2005)		omen
street protests	1	Suspiria (2018)	divided Berlin in 1977, with riots and hijacking news outside the academy	setting
stuffed birds	1	Psycho (1960)		omen
stuffed dinosaur	1	Wes Craven's New Nightmare (1994)		symbol
subliminal commands	1	They Live (1988)	on billboards and magazines seen through the glasses	symbol
submerged car	1	X (2022)		clue
sudden storm	1	Macabre (2009)		omen
sugar	1	Them! (1954)	the only thing taken from each wreck; later 40 tons vanish from a freight car	clue
sugar as bait	1	The Fly (1958)		weapon
sugarcane field	1	Sewu Dino (2023)		clue
sugarcane mill	1	White Zombie (1932)		setting
suicide's funeral	1	Alucarda (1977)		omen
sunglasses indoors	1	The Lost Boys (1987)		clue
sunken place	1	Get Out (2017)		symbol
sunlight through door	1	Near Dark (1987)		weapon
super glue	1	Goodnight Mommy (2014)		weapon
supernatural light	1	Children of the Corn (1984)		threat
surgical knives	1	Island of Lost Souls (1932)		weapon
surveillance cameras	1	Oculus (2013)		clue
survivor as bait	1	30 Days of Night (2007)		threat
swallowed hair	1	May the Devil Take You (2018)		clue
swan	1	Black Swan (2010)		symbol
swarm of flies	1	Phenomena (1985)		weapon
swarming bugs	1	Incantation (2022)		omen
sweets	1	Candyman (1992)		clue
sweets and cakes	1	Hansel and Gretel (2007)		symbol
swimming of witches	1	Witchfinder General (1968)		threat
switchblade	1	The Seventh Victim (1943)		weapon
switchboard line	1	The Taking of Deborah Logan (2014)		clue
swollen moon	1	Prince of Darkness (1987)		omen
sword cane	1	Cat People (1942)	Dr Judd's sword cane, used against Irena	weapon
symbol on a mirror	1	Kill List (2011)		omen
symbols carved in skin	1	The Autopsy of Jane Doe (2016)		clue
symbols of invocation	1	Veronica (2017)		turn
syringes	1	Pet Sematary (1989)		weapon
tabloid newspaper	1	Censor (2021)		trigger
tail	1	Ginger Snaps (2000)		threat
talisman on a tree	1	Bhool Bhulaiyaa (2007)		weapon
talismans and amulets	1	Mr. Vampire (1985)		weapon
tall trees	1	Late Night with the Devil (2023)		clue
tame zombie	1	Day of the Dead (1985)		mirror
tank truck	1	The Eye (2002)		threat
tap	1	Terrified (2017)		omen
tape measure	1	Barbarian (2022)	AJ measures the tunnels for square footage; it later snags Tess's ankle	clue
tape-recorded log	1	The Thing (1982)	MacReady records a log in case nobody survives	clue
taped windows	1	Under the Shadow (2016)		setting
tapis undergarment	1	Mystics in Bali (1981)		symbol
tapping in the wall	1	Cobweb (2023)		omen
tarantula	1	The Serpent and the Rainbow (1988)		threat
tarantulas	1	The Beyond (1981)		threat
tarman	1	The Return of the Living Dead (1985)		threat
tarot-coloured apartment	1	The Love Witch (2016)		setting
taxi driver	1	Triangle (2009)	a ferryman figure who waits with the meter running	symbol
teacup and spoon	1	Get Out (2017)		weapon
teeth and hair	1	The Blair Witch Project (1999)		clue
teeth falling out	1	Good Manners (2017)		omen
telephone pole	1	Hereditary (2018)		weapon
telephone static	1	The Amityville Horror (1979)		omen
telephone threats	1	The House with Laughing Windows (1976)		omen
telephone with a mouth	1	A Nightmare on Elm Street (1984)		threat
telepods	1	The Fly (1986)		setting
teleported steak	1	The Fly (1986)	the machine cannot yet copy living flesh	clue
televangelist on tv	1	The Nightshifter (2018)		mirror
television cartoons	1	Skinamarink (2022)		setting
television evangelist	1	X (2022)	preaches through the film; at the end he is revealed as Maxine's father	symbol
television news	1	The House of the Devil (2009)	the news returns at the end to report the moon leaving Earth's shadow impossibly	omen
television set	1	Scream (1996)		weapon
television studio	1	Ghostwatch (1992)		setting
tentacled tongue	1	Tremors (1990)		clue
text from a dead man	1	Atlantics (2019)		clue
text message	1	Phone (2002)	the dead girl's love message, sent at ten past the hour	omen
text painted on body	1	Kwaidan (1964)		weapon
the city	1	Gaia (2021)	Barend's sermon on the city; the film ends with traffic and sirens as the spores	setting
the same tree	1	Long Weekend (1978)	the couple drive in circles on the way in	omen
three bears story	1	Antlers (2021)	Lucas's class story about his sick father and brother	clue
three knocks at the door	1	The Babadook (2014)		omen
throat sacs	1	Vivarium (2019)		clue
throwing knives	1	Santa Sangre (1989)		weapon
thudding in the house	1	Pyewacket (2017)		omen
thumb tacks	1	One Missed Call (2003)		clue
thumbscrew	1	Häxan (1922)		weapon
ticking bomb	1	The Devil's Backbone (2001)		omen
ticks	1	Antichrist (2009)		omen
tiger	1	Tigers Are Not Afraid (2017)		symbol
tiger doll	1	Tigers Are Not Afraid (2017)		omen
tiger story at bedtime	1	Tigers Are Not Afraid (2017)	Shine's tale of the tiger that escaped when the Guascas killed its owner	symbol
tight garter	1	Dr. Jekyll and Mr. Hyde (1931)	Jekyll's advice to Ivy, repeated by Hyde	symbol
time-bomb	1	Village of the Damned (1960)		weapon
tin whistle tune	1	A Field in England (2013)		omen
titanium plate	1	Titane (2021)		symbol
toad	1	The Wicker Man (1973)		omen
toe rings	1	Bulbbul (2020)		symbol
toilet tank lid	1	Saw (2004)		weapon
tolling bell	1	Hellraiser (1987)	a bell rings whenever the box is worked or the Cenobites are near	omen
tombstone	1	Halloween (1978)		clue
tombstone in a vision	1	City of the Living Dead (1980)		clue
tongue click	1	Hereditary (2018)	Charlie's tic; heard again after her death, from Annie, and in the dark at the e	omen
tongueless boy	1	Speak No Evil (2022)		omen
tooth wrapped in cloth	1	The Autopsy of Jane Doe (2016)		clue
top hat and suit	1	The Babadook (2014)		threat
torch	1	Frankenstein (1931)		weapon
torches	1	Kill List (2011)		setting
torn bloody raft	1	Jaws (1975)		omen
torn calendar pages	1	Night of the Demon (1957)		omen
torn cheque	1	Dumplings (2004)		symbol
torn dress scrap	1	Picnic at Hanging Rock (1975)		clue
tortoise	1	The Innocents (1961)	Flora's pet Rupert	symbol
torture chamber	1	The Pit and the Pendulum (1961)		setting
torture wheel	1	Jigoku (1960)		threat
totem	1	Weapons (2025)		weapon
tower	1	Atlantics (2019)		symbol
towers	1	The Day of the Beast (1995)		setting
toxic chemical	1	The Host (2006)		weapon
toxic waste bar	1	Crimes of the Future (2022)		clue
toy glider	1	The Innocents (2021)		trigger
toy plane	1	Them! (1954)	leads the hunt to the missing boys	clue
toy soldier	1	The Hole in the Ground (2019)		clue
toy space shuttle	1	A Quiet Place (2018)		trigger
toy telephone	1	Skinamarink (2022)		turn
toy train	1	Smile (2022)		omen
toys spelling a word	1	Splice (2009)		symbol
tract	1	The Wind (2018)		clue
tractor	1	Lamb (2021)		setting
tractor-trailer	1	Near Dark (1987)		weapon
trail of blood	1	Tigers Are Not Afraid (2017)		omen
trail of shells	1	The Orphanage (2007)	Simón leaves shells for his invisible friend	clue
train suicide	1	Thesis (1996)		omen
train tracks	1	The Woman in Black (2012)		threat
traitor fax	1	Perfect Blue (1997)		omen
transmitter	1	They Live (1988)		weapon
transporter chambers	1	The Fly (1958)		trigger
trap	1	The Wolf Man (1941)		threat
trapdoor	1	The Loved Ones (2009)		turn
tree and rope	1	Ganja & Hess (1973)	Meda sits in Hess's tree with a noose, talking of suicide	omen
tree growing from body	1	Tumbbad (2018)		symbol
tree of the dead	1	Sleepy Hollow (1999)		setting
treehouse	1	Orphan (2009)		setting
triangle	1	The Void (2016)		symbol
trick razor	1	Tenebrae (1982)		turn
tricycle in corridors	1	The Shining (1980)		setting
trident	1	Purana Mandir (1984)	trishul	weapon
trilobite	1	Godzilla (1954)		clue
troll stench	1	Trollhunter (2010)		symbol
trophy case	1	Fresh (2022)		clue
trophy made into blade	1	Malignant (2021)		weapon
trowel	1	Night of the Living Dead (1968)		weapon
truck with red lights	1	Here Comes the Devil (2012)		clue
trucks	1	Invasion of the Body Snatchers (1956)		threat
trucks blocking entrances	1	Dawn of the Dead (1978)		
tube men	1	Nope (2022)		clue
tuberose scent	1	Pontianak Harum Sundal Malam (2004)		symbol
tumors	1	Videodrome (1983)		threat
tuning fork	1	Phantasm (1979)		clue
tunnel out of town	1	Uzumaki (2000)		setting
tunnel under the trees	1	Bees Saal Baad (1962)		clue
turkey baster	1	Don't Breathe (2016)		threat
turning table	1	Personal Shopper (2016)	Victor Hugo's séances in Jersey	clue
turtle	1	IT (2017)	seen at the quarry	symbol
turtle eggs	1	Matango (1963)	the hoarded food the castaways fight over	symbol
tv advert	1	Child's Play (1988)	the Good Guys show and its jingle 'friend to the end', later Chucky's catchphras	omen
tv and running tap	1	Them (Ils) (2006)		omen
tv fortune teller	1	The Day of the Beast (1995)	Cavan's TV show The Dark Zone, which bookends the film	symbol
tv news broadcasts	1	Shaun of the Dead (2004)	news reports explain the outbreak; they return in the coda	clue
tv news of a filicide	1	The Babadook (2014)	Amelia sees herself in the report	mirror
tv screen inside the body	1	I Saw the TV Glow (2024)		symbol
twelve fingers	1	Svaha: The Sixth Finger (2019)		clue
twig effigy	1	The Ritual (2017)		symbol
twig token	1	You Are Not My Mother (2021)		symbol
twin sister	1	Jangan Pandang Belakang (2007)		mirror
twins	1	The Other (1972)		mirror
twisted bloody footprints	1	Bulbbul (2020)		clue
twisted buildings	1	The Cabinet of Dr. Caligari (1920)		setting
twitching toe	1	The Autopsy of Jane Doe (2016)		omen
two-way radio	1	Enys Men (2022)	her only link to the mainland; by the end her own calls go unanswered	setting
typed notes and knocks	1	The Fly (1958)	André, unable to speak, communicates by typed notes	clue
ufo stories	1	Wolf Creek (2005)	campfire tales of cars stopping near UFOs, echoed when the car dies	omen
ultrasound	1	Art of the Devil (2004)		omen
umbilical cord	1	Pari (2018)		symbol
umbrella	1	The Sadness (2021)		weapon
unanswered phone call	1	Ju-on: The Grudge (2002)	Hitomi's calls to a house where no one answers	omen
unborn child	1	Who Can Kill a Child? (1976)		threat
under the bed	1	Hatching (2022)		setting
underground bunker	1	Day of the Dead (1985)		setting
underground stream	1	Night of the Demons (1988)		setting
unexploded bomb	1	The Devil's Backbone (2001)		symbol
unfinished prayer room	1	13B (2009)		omen
unhinged jaw	1	The Taking of Deborah Logan (2014)		threat
unicorn	1	The Love Witch (2016)		symbol
uniform	1	Deathdream (1974)		symbol
uniform under a skeleton	1	Ravenous (1999)		clue
unnatural cold	1	The Uninvited (1944)		omen
unseen watcher's view	1	Friday the 13th (1980)	the killer is shown only as a prowling point of view until the reveal	threat
urn	1	Rigor Mortis (2013)		weapon
urns of ashes	1	The Cremator (1969)		setting
utility knife	1	Jennifer's Body (2009)		weapon
uv lights	1	30 Days of Night (2007)		weapon
vacuum bag	1	Vivarium (2019)		symbol
vampire's dog	1	The Lost Boys (1987)	Max's dog Thorn, who later attacks Lucy	omen
van in the road	1	Rabid (1977)		trigger
veiled face	1	Incantation (2022)		threat
venomous snake	1	Cannibal Holocaust (1980)		omen
ventriloquist dummy	1	Dead of Night (1945)		threat
vhs tapes	1	Barbarian (2022)		clue
vibrating gills	1	Gaia (2021)		threat
victorian clothes	1	Burnt Offerings (1976)		symbol
video	1	The Invitation (2015)		omen
video call	1	Host (2020)		setting
video log	1	Event Horizon (1997)		clue
video wake-up call	1	Videodrome (1983)		mirror
videos	1	Kill List (2011)		clue
videotapes	1	I Saw the TV Glow (2024)		clue
view from inside the jaws	1	Jaws (1975)	the script opens from the shark's point of view	omen
village stall	1	Hantu Kak Limah Balik Rumah (2010)		setting
vines	1	Evil Dead (2013)		threat
vintage drug advertisement	1	Scanners (1981)		clue
vinyl records	1	Shaun of the Dead (2004)		weapon
visible breath	1	The Sixth Sense (1999)		omen
vodka	1	Viy (1967)	courage, comfort and doubt from start to closing toast	symbol
vodka and loud music	1	Demon (2015)		symbol
voice learning words	1	Under the Skin (2013)		omen
voice of god	1	Saint Maud (2019)		omen
voice on a record	1	The Legend of Hell House (1973)	Belasco's recorded greeting plays by itself	omen
voice on baby monitor	1	Insidious (2010)		omen
voices in the head	1	Scanners (1981)		omen
volcano	1	Ringu (1998)	Shizuko, Sadako's mother, predicted the Mt. Mihara eruption	symbol
vomit	1	Hatching (2022)		symbol
vomited earthworms	1	The Taking of Deborah Logan (2014)		omen
vomited nails	1	Munafik (2016)	taken as proof she has been cursed	threat
voodoo doll	1	Child's Play (1988)		weapon
voodoo drums	1	Zombi 2 (1979)	drumming heard on the island throughout, growing louder before the dead attack	setting
voodoo parade	1	The Serpent and the Rainbow (1988)		omen
votive candle	1	Seklusyon (2016)		symbol
voyeur game show	1	Sisters (1972)	the film opens on a TV prank show in which Danielle plays a blind girl undressin	symbol
vultures	1	White Zombie (1932)		omen
wailing goats	1	Svaha: The Sixth Finger (2019)		omen
waiting room	1	Beetlejuice (1988)		setting
walk of fame star	1	The Substance (2024)		symbol
walking corpse	1	Children of the Corn (1984)		threat
walking stick	1	Dr. Jekyll and Mr. Hyde (1931)		weapon
wall	1	The Village (2004)		setting
wall and gate	1	King Kong (1933)		setting
wall clock	1	Saw (2004)		omen
wall graffiti	1	Gonjiam: Haunted Asylum (2018)		omen
wall writing	1	Stree (2018)		symbol
war paint	1	Green Room (2015)		symbol
wardrobe	1	A Tale of Two Sisters (2003)		threat
warm mountain wind	1	Phenomena (1985)	the Föhn wind, blamed for madness and sleepwalking	omen
warning bell	1	The Village (2004)		omen
warning sign	1	Errementari (2017)	directions to the smithy, then the sign on its fence	omen
warning song	1	The Blob (1958)	the title song over the credits	omen
watches	1	We Are What We Are (2010)		symbol
watchman's cat	1	The Fly (1958)	the night watchman teases his tomcat Satan about the vanished Dandelo	omen
watchtowers and lamps	1	The Village (2004)		setting
water and fish	1	La Llorona (2019)	the counter-insurgency doctrine quoted at the trial	symbol
water hole	1	Razorback (1984)		setting
water into wine	1	Seklusyon (2016)		omen
water leak	1	Dark Water (2002)		omen
water puddle	1	Final Destination (2000)		weapon
water pump	1	Sewu Dino (2023)		omen
water snakes	1	Sleepaway Camp (1983)		omen
water taps	1	The Changeling (1980)		omen
water tower	1	Barbarian (2022)		setting
waterfall into a hole	1	Jennifer's Body (2009)	Devil's Kettle falls, site of the sacrifice	setting
watermelon	1	House (Hausu) (1977)		omen
waves on rocks	1	The Invisible Man (2020)		setting
wax museum	1	The Cremator (1969)		omen
waxwork figures	1	Tourist Trap (1979)		setting
webbed fossil hand	1	Creature from the Black Lagoon (1954)		omen
webcam	1	The Visit (2015)		turn
website diary	1	Perfect Blue (1997)		omen
wedding	1	The Lure (2015)		setting
wedding clothes	1	Beetlejuice (1988)		trigger
wedding dress	1	Demon (2015)		threat
wedding feast chant	1	Freaks (1932)	the 'gooba-gobble' chant welcoming Cleopatra, which she answers with insults	turn
wedding footage	1	Atlantics (2019)		clue
wedding gown	1	Let's Scare Jessica to Death (1971)		threat
wedding song	1	The Night House (2020)	the couple's song blares by itself in the night	symbol
wedding wishes	1	Dumplings (2004)	closing flashback to Mei's wedding: love, happiness, youth and beauty	mirror
weeping	1	La Llorona (2019)		omen
weeping apparition	1	The Innocents (1961)		threat
weeping fig	1	Kuntilanak (2006)		setting
weeping voices	1	House of Usher (1960)	Philip's nightmare of the Usher dead	omen
werewolf	1	Nosferatu (1922)		omen
wet paddle	1	Pee Mak (2013)		clue
wheelbarrow	1	It Comes at Night (2017)	carries Bud to his pyre, later the intruder and Will's supplies	symbol
wheelchair restraints	1	The Girl with All the Gifts (2016)		setting
whip	1	Island of Lost Souls (1932)		weapon
whirl clouds	1	Uzumaki (2000)		omen
whisky bottle	1	The Thing (1982)		symbol
whispered 'sweet girl'	1	Black Swan (2010)	the mother's pet name, later whispered by the paintings and the double	omen
whispering ghost children	1	Gretel & Hansel (2020)		omen
whispering voice	1	Them (Ils) (2006)		omen
whispering wind	1	The Wind (2018)		threat
whispers	1	KM 31 (2006)		omen
whistling	1	Starve Acre (2023)		omen
white border	1	Bring Her Back (2025)		threat
white featureless mask	1	Blood and Black Lace (1964)		threat
white gloves	1	Funny Games (1997)		symbol
white mask	1	Halloween (1978)		symbol
white pigeons	1	Roh (2019)		turn
white rabbits	1	Us (2019)		symbol
white rose	1	The Masque of the Red Death (1964)		omen
white shadows in photos	1	Shutter (2004)		omen
white swan	1	Picnic at Hanging Rock (1975)		symbol
white-headed fly	1	The Fly (1958)		clue
white-water rapids	1	The Descent (2005)	the film opens with the friends rafting before the crash	setting
whiteboard	1	Dawn of the Dead (2004)		symbol
who are you message	1	Perfect Blue (1997)	the line Mima must say in her drama, repeated on screen and online	omen
wicker man	1	The Wicker Man (1973)		weapon
wicker trunk	1	Les Diaboliques (1955)		
wife dressed like a doll	1	I Walked with a Zombie (1943)		symbol
wig	1	Perfect Blue (1997)		turn
wild hair	1	Hantu Kak Limah Balik Rumah (2010)		omen
wild mushrooms	1	The Wailing (2016)	the official explanation, which the police doubt	clue
william blake book	1	Saint Maud (2019)		clue
willow song	1	The Innocents (1961)	'O Willow Waly', a song of a dead lover, sung over the black opening and recurri	omen
wind	1	A Field in England (2013)		symbol
wind in organ pipes	1	Black Sunday (1960)		omen
windfall apple	1	The Company of Wolves (1984)		omen
windstorm	1	Night of the Demon (1957)		omen
wine bottle	1	The Invitation (2015)		weapon
wine cask	1	The Other (1972)		threat
wine cup	1	Freaks (1932)		turn
wine glass	1	Host (2020)		omen
wing	1	Jeepers Creepers (2001)		turn
winged skeletal creature	1	Hellraiser (1987)		threat
wings	1	Splice (2009)		symbol
wire hanger	1	Halloween (1978)		weapon
wire saw	1	Audition (1999)		weapon
wire trap	1	Cube (1997)		threat
witch bottle	1	The Love Witch (2016)		clue
witch burning	1	Witchfinder General (1968)		threat
witch riding a man	1	Viy (1967)		omen
witch stories	1	Bulbbul (2020)		omen
witches turned to cats	1	Häxan (1922)		symbol
wolf bite	1	The Howling (1981)		trigger
wolf corpse	1	The Company of Wolves (1984)		clue
wolf enclosure	1	An American Werewolf in London (1981)		setting
wolf howling	1	Dracula (Horror of Dracula) (1958)		omen
wolf howls	1	Ravenous (1999)	as Boyd first eats human flesh	omen
wolf trap	1	Rare Exports (2010)		trigger
wolfsbane	1	The Wolf Man (1941)		omen
wolfsbane wreath	1	Dracula (1931)		weapon
wolves at night	1	The Wind (2018)		threat
wolves howling	1	Bone Tomahawk (2015)		omen
woman at the window	1	Pontypool (2008)		omen
woman covered in blood	1	Dead Snow (2009)		omen
woman crying in the tower	1	I Walked with a Zombie (1943)		omen
woman floating	1	Mama (2013)		threat
woman in black	1	Dachra (2018)		threat
woman in flames	1	Kuntilanak (2006)		omen
woman in white	1	Satan's Slave (1982)		omen
woman jumping from balcony	1	Huesera (2022)		omen
woman standing over bed	1	Paranormal Activity (2007)		omen
woman swimming	1	Creature from the Black Lagoon (1954)		symbol
woman who removes her face	1	Hour of the Wolf (1968)	the lady with a hat whose face comes off with it	threat
womb	1	Tumbbad (2018)		setting
wood chipper	1	Evil Dead Rise (2023)		weapon
woodcuts and paintings	1	Häxan (1922)		setting
wooded road	1	KM 31 (2006)		setting
wooden chair	1	The Seventh Victim (1943)		symbol
wooden chandelier	1	From Dusk till Dawn (1996)		weapon
wooden church	1	Mandy (2018)		setting
wooden cross	1	City of the Living Dead (1980)		weapon
wooden golem	1	Oddity (2024)		threat
wooden head	1	Magic (1978)		weapon
wooden heart	1	Magic (1978)		symbol
wooden paddle	1	Juan of the Dead (2011)	Juan's raft paddle, his weapon of choice	weapon
wooden pickaxe	1	Exhuma (2024)		weapon
wooden staff	1	Gretel & Hansel (2020)		weapon
wooden stakes	1	Sinners (2025)		weapon
woodland house	1	Pyewacket (2017)		setting
woodlice	1	Hellraiser (1987)	they scurry from Frank's bedding and scrabble in the attic room	omen
word in a mirror	1	The Shining (1980)		clue
word spelled on the ground	1	28 Days Later (2002)		symbol
words carved in skin	1	The Exorcist (1973)		clue
words written in the air	1	The Cabinet of Dr. Caligari (1920)		omen
work gloves	1	Frailty (2001)		weapon
workout videotape	1	Under the Shadow (2016)		symbol
worm creatures	1	Splice (2009)		omen
wound	1	The Wolf Man (1941)		clue
wound on the side	1	Mother! (2017)		clue
wrecked helicopter	1	30 Days of Night (2007)		omen
wrecked ship	1	Matango (1963)		omen
writing on the wall	1	Lights Out (2016)	Diana's scrawled messages in the basement	clue
writing on wall	1	The Haunting (1963)		omen
writing on walls	1	Pontypool (2008)		omen
x carved into flesh	1	Cure (1997)		symbol
x on the wall	1	Saw (2004)		clue
x painted on wall	1	Cure (1997)		omen
yacht	1	Dawn of the Dead (2004)		setting
yearbook photos	1	Prom Night (1980)		omen
yearbooks	1	Whispering Corridors (1998)		clue
yellow cloak	1	The Village (2004)		symbol
yellow powder tincture	1	Mother! (2017)		clue
yellow raincoat	1	Dark Water (2002)		clue
zippered wound	1	Crimes of the Future (2022)		symbol
zodiac animals	1	Feng Shui (2004)		clue
zombie baby	1	Braindead (1992)		symbol
zombie blood	1	One Cut of the Dead (2017)		symbol
zombie child	1	Dawn of the Dead (2004)		threat
zombie corral	1	Day of the Dead (1985)		setting
zombie infant	1	Dawn of the Dead (2004)		threat
zombie powder	1	The Serpent and the Rainbow (1988)		weapon
