08:47:28 done 1913-the-student-of-prague
08:48:19 done 1920-the-cabinet-of-dr-caligari
08:49:00 done 1920-the-golem
08:49:00 batch finished 3
08:49:11 done 1913-the-student-of-prague
08:49:11 done 1920-the-cabinet-of-dr-caligari
08:49:11 done 1920-the-golem
08:49:11 done 1913-the-student-of-prague
08:49:11 done 1920-the-cabinet-of-dr-caligari
08:49:11 done 1920-the-golem
08:49:11 done 1913-the-student-of-prague
08:49:11 done 1920-the-cabinet-of-dr-caligari
08:49:11 done 1920-the-golem
08:49:11 done 1913-the-student-of-prague
08:49:11 done 1920-the-cabinet-of-dr-caligari
08:49:11 done 1920-the-golem
08:49:13 done 1922-h-xan
08:49:14 done 1922-nosferatu
08:49:15 done 1922-h-xan
08:49:15 done 1924-the-hands-of-orlac
08:49:17 done 1925-the-phantom-of-the-opera
08:49:17 done 1922-nosferatu
08:49:18 done 1931-dr-jekyll-and-mr-hyde
08:49:20 done 1931-dracula
08:49:21 done 1931-frankenstein
08:49:22 done 1924-the-hands-of-orlac
08:49:23 done 1932-freaks
08:49:23 done 1922-h-xan
08:49:23 done 1922-nosferatu
08:49:24 done 1932-island-of-lost-souls
08:49:24 done 1925-the-phantom-of-the-opera
08:49:25 done 1932-the-mummy
08:49:26 done 1922-h-xan
08:49:27 done 1932-the-old-dark-house
08:49:28 done 1932-vampyr
08:49:29 done 1931-dr-jekyll-and-mr-hyde
08:49:30 done 1932-white-zombie
08:49:31 done 1933-king-kong
08:49:31 done 1924-the-hands-of-orlac
08:49:32 done 1931-dracula
08:49:32 done 1933-the-invisible-man
08:49:34 done 1934-the-black-cat
08:49:35 done 1935-bride-of-frankenstein
08:49:37 done 1941-the-wolf-man
08:49:37 done 1931-frankenstein
08:49:38 done 1942-cat-people
08:49:39 done 1943-i-walked-with-a-zombie
08:49:40 done 1932-freaks
08:49:41 done 1943-the-seventh-victim
08:49:41 done 1922-nosferatu
08:49:42 done 1944-the-uninvited
08:49:42 done 1932-island-of-lost-souls
08:49:43 done 1945-dead-of-night
08:49:45 done 1945-the-picture-of-dorian-gray
08:49:45 done 1932-the-mummy
08:49:46 done 1949-mahal
08:49:48 done 1953-ugetsu
08:49:48 done 1932-the-old-dark-house
08:49:49 done 1954-creature-from-the-black-lagoon
08:49:50 done 1954-godzilla
08:49:51 done 1932-vampyr
08:49:52 done 1954-them
08:49:53 done 1955-les-diaboliques
08:49:54 done 1956-invasion-of-the-body-snatchers
08:49:55 done 1932-white-zombie
08:49:55 done 1924-the-hands-of-orlac
08:49:56 done 1957-night-of-the-demon
08:49:57 done 1957-the-curse-of-frankenstein
08:49:58 done 1925-the-phantom-of-the-opera
08:49:58 done 1933-king-kong
08:49:59 done 1958-dracula-horror-of-dracula
08:50:00 done 1958-the-blob
08:50:01 done 1933-the-invisible-man
08:50:01 done 1958-the-fly
08:50:03 done 1959-house-on-haunted-hill
08:50:03 done 1934-the-black-cat
08:50:04 done 1960-black-sunday
08:50:06 done 1960-eyes-without-a-face
08:50:07 done 1935-bride-of-frankenstein
08:50:07 done 1960-house-of-usher
08:50:09 done 1960-jigoku
08:50:10 done 1960-peeping-tom
08:50:10 done 1960-psycho
08:50:10 done 1941-the-wolf-man
08:50:11 done 1931-dr-jekyll-and-mr-hyde
08:50:11 done 1960-the-housemaid
08:50:12 done 1942-cat-people
08:50:13 done 1960-village-of-the-damned
08:50:14 done 1961-the-innocents
08:50:15 done 1943-i-walked-with-a-zombie
08:50:16 done 1961-the-pit-and-the-pendulum
08:50:17 done 1962-bees-saal-baad
08:50:18 done 1943-the-seventh-victim
08:50:18 done 1962-carnival-of-souls
08:50:20 done 1962-night-of-the-eagle
08:50:21 done 1963-black-sabbath
08:50:22 done 1944-the-uninvited
08:50:22 done 1963-matango
08:50:24 done 1963-the-birds
08:50:25 done 1931-dracula
08:50:26 done 1945-dead-of-night
08:50:26 done 1963-the-haunting
08:50:27 done 1964-at-midnight-i-ll-take-your-soul
08:50:28 done 1925-the-phantom-of-the-opera
08:50:29 done 1964-blood-and-black-lace
08:50:29 done 1945-the-picture-of-dorian-gray
08:50:30 done 1964-kwaidan
08:50:31 done 1964-onibaba
08:50:33 done 1964-the-masque-of-the-red-death
08:50:33 done 1949-mahal
08:50:34 done 1965-repulsion
08:50:36 done 1966-kill-baby-kill
08:50:37 done 1953-ugetsu
08:50:37 done 1967-viy
08:50:38 done 1968-hour-of-the-wolf
08:50:39 done 1931-dr-jekyll-and-mr-hyde
08:50:39 done 1931-frankenstein
08:50:40 done 1954-creature-from-the-black-lagoon
08:50:40 done 1968-kuroneko
08:50:42 done 1968-night-of-the-living-dead
08:50:43 done 1968-rosemary-s-baby
08:50:44 done 1954-godzilla
08:50:45 done 1968-the-devil-rides-out
08:50:46 done 1968-witchfinder-general
08:50:47 done 1969-the-cremator
08:50:47 done 1954-them
08:50:49 done 1970-valerie-and-her-week-of-wonders
08:50:50 done 1971-blood-on-satan-s-claw
08:50:51 done 1955-les-diaboliques
08:50:51 done 1971-daughters-of-darkness
08:50:53 done 1932-freaks
08:50:53 done 1971-let-s-scare-jessica-to-death
08:50:54 done 1956-invasion-of-the-body-snatchers
08:50:54 done 1972-don-t-torture-a-duckling
08:50:56 done 1972-sisters
08:50:57 done 1957-night-of-the-demon
08:50:57 done 1972-the-last-house-on-the-left
08:50:59 done 1972-the-other
08:50:59 done 1957-the-curse-of-frankenstein
08:51:00 done 1972-tombs-of-the-blind-dead
08:51:02 done 1973-don-t-look-now
08:51:02 done 1958-dracula-horror-of-dracula
08:51:03 done 1958-the-blob
08:51:03 done 1973-ganja-hess
08:51:05 done 1973-lisa-and-the-devil
08:51:06 done 1958-the-fly
08:51:06 done 1973-messiah-of-evil
08:51:06 done 1973-the-exorcist
08:51:07 done 1932-island-of-lost-souls
08:51:08 done 1973-the-legend-of-hell-house
08:51:08 done 1932-the-mummy
08:51:09 done 1973-the-wicker-man
08:51:10 done 1959-house-on-haunted-hill
08:51:11 done 1974-black-christmas
08:51:13 done 1974-deathdream
08:51:14 done 1960-black-sunday
08:51:14 done 1974-it-s-alive
08:51:14 done 1931-dracula
08:51:15 done 1960-eyes-without-a-face
08:51:16 done 1974-the-texas-chain-saw-massacre
08:51:17 done 1975-deep-red
08:51:18 done 1960-house-of-usher
08:51:18 done 1975-jaws
08:51:20 done 1975-picnic-at-hanging-rock
08:51:21 done 1975-shivers
08:51:22 done 1960-jigoku
08:51:22 done 1932-the-old-dark-house
08:51:23 done 1975-the-stepford-wives
08:51:24 done 1976-burnt-offerings
08:51:26 done 1960-peeping-tom
08:51:26 done 1960-psycho
08:51:26 done 1976-carrie
08:51:28 done 1976-the-house-with-laughing-windows
08:51:29 done 1960-the-housemaid
08:51:30 done 1976-the-omen
08:51:31 done 1976-who-can-kill-a-child
08:51:32 done 1977-alucarda
08:51:33 done 1960-village-of-the-damned
08:51:34 done 1977-eraserhead
08:51:34 done 1961-the-innocents
08:51:35 done 1920-the-cabinet-of-dr-caligari
08:51:35 done 1924-the-hands-of-orlac
08:51:35 done 1920-the-golem
08:51:35 done 1925-the-phantom-of-the-opera
08:51:35 done 1913-the-student-of-prague
08:51:35 done 1922-nosferatu
08:51:35 done 1931-dracula
08:51:35 done 1922-h-xan
08:51:35 done 1931-dr-jekyll-and-mr-hyde
08:51:35 done 1977-house-hausu
08:51:37 done 1977-martin
08:51:37 done 1932-vampyr
08:51:37 done 1961-the-pit-and-the-pendulum
08:51:38 done 1977-rabid
08:51:38 done 1932-white-zombie
08:51:39 done 1977-suspiria
08:51:40 done 1962-bees-saal-baad
08:51:41 done 1962-carnival-of-souls
08:51:41 done 1977-the-hills-have-eyes
08:51:43 done 1977-the-sentinel
08:51:44 done 1978-dawn-of-the-dead
08:51:44 done 1962-night-of-the-eagle
08:51:45 done 1978-halloween
08:51:47 done 1932-freaks
08:51:47 done 1978-invasion-of-the-body-snatchers
08:51:48 done 1963-black-sabbath
08:51:48 done 1978-long-weekend
08:51:50 done 1978-magic
08:51:51 done 1978-the-shout
08:51:51 done 1963-matango
08:51:53 done 1979-alien
08:51:53 done 1933-king-kong
08:51:54 done 1979-nosferatu-the-vampyre
08:51:54 done 1933-the-invisible-man
08:51:55 done 1963-the-birds
08:51:55 done 1979-phantasm
08:51:56 done 1934-the-black-cat
08:51:56 done 1963-the-haunting
08:51:57 done 1979-the-amityville-horror
08:51:58 done 1935-bride-of-frankenstein
08:51:59 done 1979-the-brood
08:52:00 done 1964-at-midnight-i-ll-take-your-soul
08:52:00 done 1979-tourist-trap
08:52:02 done 1979-zombi-2
08:52:03 done 1980-cannibal-holocaust
08:52:04 done 1964-blood-and-black-lace
08:52:04 done 1980-city-of-the-living-dead
08:52:06 done 1980-friday-the-13th
08:52:07 done 1964-kwaidan
08:52:07 done 1980-inferno
08:52:09 done 1980-prom-night
08:52:10 done 1980-the-changeling
08:52:10 done 1964-onibaba
08:52:12 done 1980-the-fog
08:52:12 done 1941-the-wolf-man
08:52:13 done 1932-island-of-lost-souls
08:52:13 done 1931-frankenstein
08:52:14 done 1964-the-masque-of-the-red-death
08:52:14 done 1932-the-mummy
08:52:14 done 1980-the-shining
08:52:15 done 1965-repulsion
08:52:16 done 1981-an-american-werewolf-in-london
08:52:17 done 1932-vampyr
08:52:17 done 1981-ghost-story
08:52:17 done 1966-kill-baby-kill
08:52:18 done 1981-my-bloody-valentine
08:52:20 done 1981-mystics-in-bali
08:52:20 done 1967-viy
08:52:21 done 1968-hour-of-the-wolf
08:52:21 done 1981-possession
08:52:22 done 1968-kuroneko
08:52:23 done 1981-scanners
08:52:24 done 1968-night-of-the-living-dead
08:52:24 done 1932-the-old-dark-house
08:52:24 done 1933-king-kong
08:52:24 done 1981-the-beyond
08:52:26 done 1934-the-black-cat
08:52:26 done 1981-the-evil-dead
08:52:26 done 1968-rosemary-s-baby
08:52:27 done 1942-cat-people
08:52:28 done 1981-the-howling
08:52:29 done 1981-the-queen-of-black-magic
08:52:29 done 1943-i-walked-with-a-zombie
08:52:29 done 1968-the-devil-rides-out
08:52:30 done 1982-cat-people
08:52:32 done 1982-next-of-kin
08:52:33 done 1968-witchfinder-general
08:52:34 done 1982-poltergeist
08:52:35 done 1982-tenebrae
08:52:37 done 1982-the-entity
08:52:37 done 1969-the-cremator
08:52:38 done 1982-the-thing
08:52:40 done 1983-christine
08:52:40 done 1970-valerie-and-her-week-of-wonders
08:52:41 done 1983-cujo
08:52:43 done 1943-the-seventh-victim
08:52:43 done 1983-sleepaway-camp
08:52:44 done 1971-blood-on-satan-s-claw
08:52:44 done 1983-the-dead-zone
08:52:46 done 1983-the-hunger
08:52:47 done 1983-videodrome
08:52:47 done 1971-daughters-of-darkness
08:52:49 done 1984-a-nightmare-on-elm-street
08:52:50 done 1971-let-s-scare-jessica-to-death
08:52:51 done 1984-children-of-the-corn
08:52:52 done 1984-gremlins
08:52:53 done 1972-don-t-torture-a-duckling
08:52:53 done 1984-purana-mandir
08:52:55 done 1984-razorback
08:52:56 done 1944-the-uninvited
08:52:56 done 1984-shake-rattle-roll
08:52:57 done 1972-sisters
08:52:58 done 1984-the-company-of-wolves
08:52:59 done 1985-day-of-the-dead
08:53:00 done 1972-the-last-house-on-the-left
08:53:00 done 1985-demons
08:53:02 done 1985-fright-night
08:53:03 done 1985-lifeforce
08:53:03 done 1972-the-other
08:53:05 done 1985-mr-vampire
08:53:06 done 1985-phenomena
08:53:07 done 1985-re-animator
08:53:07 done 1972-tombs-of-the-blind-dead
08:53:09 done 1985-the-return-of-the-living-dead
08:53:10 done 1945-dead-of-night
08:53:10 done 1973-don-t-look-now
08:53:11 done 1986-aliens
08:53:12 done 1932-white-zombie
08:53:12 done 1945-the-picture-of-dorian-gray
08:53:13 done 1986-from-beyond
08:53:14 done 1949-mahal
08:53:14 done 1973-ganja-hess
08:53:14 done 1986-the-fly
08:53:15 done 1987-a-chinese-ghost-story
08:53:17 done 1987-angel-heart
08:53:17 done 1973-lisa-and-the-devil
08:53:19 done 1987-evil-dead-ii
08:53:20 done 1987-hellraiser
08:53:21 done 1973-messiah-of-evil
08:53:21 done 1973-the-exorcist
08:53:22 done 1987-near-dark
08:53:22 done 1973-the-legend-of-hell-house
08:53:23 done 1973-the-wicker-man
08:53:23 done 1987-opera
08:53:23 done 1935-bride-of-frankenstein
08:53:23 done 1941-the-wolf-man
08:53:24 done 1974-black-christmas
08:53:25 done 1987-prince-of-darkness
08:53:25 done 1943-i-walked-with-a-zombie
08:53:26 done 1987-the-gate
08:53:26 done 1974-deathdream
08:53:28 done 1987-the-lost-boys
08:53:28 done 1953-ugetsu
08:53:30 done 1954-creature-from-the-black-lagoon
08:53:30 done 1988-beetlejuice
08:53:30 done 1974-it-s-alive
08:53:31 done 1974-the-texas-chain-saw-massacre
08:53:32 done 1988-child-s-play
08:53:32 done 1975-deep-red
08:53:33 done 1944-the-uninvited
08:53:33 done 1954-godzilla
08:53:33 done 1988-lady-terminator
08:53:34 done 1975-jaws
08:53:35 done 1988-night-of-the-demons
08:53:35 done 1945-the-picture-of-dorian-gray
08:53:36 done 1988-paperhouse
08:53:37 done 1975-picnic-at-hanging-rock
08:53:37 done 1988-pumpkinhead
08:53:39 done 1988-the-serpent-and-the-rainbow
08:53:39 done 1975-shivers
08:53:41 done 1988-they-live
08:53:42 done 1988-veerana
08:53:43 done 1989-pet-sematary
08:53:44 done 1975-the-stepford-wives
08:53:44 done 1954-godzilla
08:53:45 done 1989-santa-sangre
08:53:46 done 1954-them
08:53:46 done 1989-society
08:53:47 done 1976-burnt-offerings
08:53:48 done 1989-sweet-home
08:53:48 done 1955-les-diaboliques
08:53:48 done 1976-carrie
08:53:49 done 1989-tetsuo-the-iron-man
08:53:50 done 1956-invasion-of-the-body-snatchers
08:53:51 done 1990-jacob-s-ladder
08:53:52 done 1976-the-house-with-laughing-windows
08:53:52 done 1990-misery
08:53:53 done 1976-the-omen
08:53:54 done 1957-night-of-the-demon
08:53:54 done 1990-tremors
08:53:55 done 1991-the-people-under-the-stairs
08:53:56 done 1976-who-can-kill-a-child
08:53:57 done 1991-the-silence-of-the-lambs
08:53:58 done 1992-braindead
08:53:59 done 1992-bram-stoker-s-dracula
08:54:00 done 1977-alucarda
08:54:01 done 1977-eraserhead
08:54:01 done 1992-candyman
08:54:03 done 1992-ghostwatch
08:54:03 done 1957-night-of-the-demon
08:54:04 done 1992-raat
08:54:05 done 1993-cronos
08:54:06 done 1977-house-hausu
08:54:07 done 1993-manichitrathazhu
08:54:08 done 1994-cemetery-man
08:54:10 done 1977-martin
08:54:10 done 1994-in-the-mouth-of-madness
08:54:11 done 1994-interview-with-the-vampire
08:54:13 done 1958-the-blob
08:54:13 done 1977-rabid
08:54:13 done 1994-wes-craven-s-new-nightmare
08:54:14 done 1977-suspiria
08:54:15 done 1995-the-day-of-the-beast
08:54:16 done 1996-from-dusk-till-dawn
08:54:17 done 1977-the-hills-have-eyes
08:54:17 done 1996-scream
08:54:18 done 1957-the-curse-of-frankenstein
08:54:19 done 1996-the-craft
08:54:20 done 1958-dracula-horror-of-dracula
08:54:20 done 1977-the-sentinel
08:54:20 done 1996-thesis
08:54:21 done 1943-the-seventh-victim
08:54:22 done 1958-the-blob
08:54:22 done 1997-cube
08:54:23 done 1997-cure
08:54:23 done 1978-dawn-of-the-dead
08:54:24 done 1978-halloween
08:54:25 done 1958-the-fly
08:54:25 done 1997-event-horizon
08:54:25 done 1978-invasion-of-the-body-snatchers
08:54:26 done 1997-funny-games
08:54:26 done 1959-house-on-haunted-hill
08:54:28 done 1998-ringu
08:54:29 done 1978-long-weekend
08:54:29 done 1998-whispering-corridors
08:54:30 done 1999-audition
08:54:30 done 1960-eyes-without-a-face
08:54:30 done 1960-psycho
08:54:31 done 1949-mahal
08:54:32 done 1999-nang-nak
08:54:33 done 1978-magic
08:54:33 done 1999-ravenous
08:54:33 done 1953-ugetsu
08:54:35 done 1999-sleepy-hollow
08:54:35 done 1933-the-invisible-man
08:54:36 done 1978-the-shout
08:54:37 done 1999-stir-of-echoes
08:54:38 done 1999-the-blair-witch-project
08:54:39 done 1979-alien
08:54:40 done 1999-the-ninth-gate
08:54:40 done 1960-black-sunday
08:54:40 done 1961-the-pit-and-the-pendulum
08:54:41 done 1999-the-sixth-sense
08:54:42 done 1979-nosferatu-the-vampyre
08:54:43 done 1960-eyes-without-a-face
08:54:43 done 1979-phantasm
08:54:43 done 2000-final-destination
08:54:44 done 1979-the-amityville-horror
08:54:44 done 2000-ginger-snaps
08:54:44 done 1960-house-of-usher
08:54:45 done 1960-jigoku
08:54:46 done 2000-uzumaki
08:54:47 done 1979-the-brood
08:54:47 done 2001-frailty
08:54:48 done 1979-tourist-trap
08:54:49 done 2001-jeepers-creepers
08:54:49 done 1955-les-diaboliques
08:54:50 done 2001-pulse-kairo
08:54:51 done 2001-session-9
08:54:52 done 1979-zombi-2
08:54:53 done 2001-the-devil-s-backbone
08:54:55 done 2001-the-others
08:54:55 done 1980-cannibal-holocaust
08:54:56 done 2002-28-days-later
08:54:57 done 2002-dark-water
08:54:58 done 1958-dracula-horror-of-dracula
08:54:59 done 1980-city-of-the-living-dead
08:54:59 done 2002-dog-soldiers
08:54:59 done 1960-peeping-tom
08:54:59 done 1960-psycho
08:55:00 done 1980-friday-the-13th
08:55:00 done 2002-may
08:55:01 done 1960-the-housemaid
08:55:02 done 2002-phone
08:55:03 done 2002-the-eye
08:55:04 done 1980-inferno
08:55:05 done 2002-the-ring
08:55:06 done 2003-a-tale-of-two-sisters
08:55:07 done 1980-prom-night
08:55:07 done 2003-bhoot
08:55:08 done 1980-the-changeling
08:55:09 done 2003-high-tension
08:55:09 done 1980-the-fog
08:55:10 done 2003-house-of-1000-corpses
08:55:10 done 1980-the-shining
08:55:11 done 1981-an-american-werewolf-in-london
08:55:12 done 2003-one-missed-call
08:55:13 done 2004-art-of-the-devil
08:55:14 done 2004-calvaire
08:55:15 done 1960-village-of-the-damned
08:55:15 done 1981-ghost-story
08:55:16 done 2004-dawn-of-the-dead
08:55:16 done 1981-my-bloody-valentine
08:55:17 done 1959-house-on-haunted-hill
08:55:18 done 2004-dumplings
08:55:19 done 2004-feng-shui
08:55:19 done 1981-mystics-in-bali
08:55:20 done 2004-marebito
08:55:22 done 2004-pontianak-harum-sundal-malam
08:55:22 done 1981-possession
08:55:23 done 2004-r-point
08:55:25 done 1981-scanners
08:55:25 done 2004-saw
08:55:25 done 1963-black-sabbath
08:55:26 done 1981-the-beyond
08:55:26 done 1960-jigoku
08:55:27 done 2004-shaun-of-the-dead
08:55:27 done 1981-the-evil-dead
08:55:28 done 2004-shutter
08:55:28 done 1981-the-howling
08:55:28 done 1961-the-innocents
08:55:30 done 2004-the-village
08:55:30 done 1954-them
08:55:31 done 2005-hostel
08:55:31 done 1961-the-pit-and-the-pendulum
08:55:32 done 2005-noroi-the-curse
08:55:33 done 1981-the-queen-of-black-magic
08:55:33 done 1962-bees-saal-baad
08:55:34 done 2005-the-descent
08:55:35 done 1942-cat-people
08:55:35 done 1964-at-midnight-i-ll-take-your-soul
08:55:36 done 2005-the-exorcism-of-emily-rose
08:55:37 done 1982-cat-people
08:55:37 done 2005-the-heirloom
08:55:38 done 1960-village-of-the-damned
08:55:38 done 2005-wolf-creek
08:55:40 done 2006-kuntilanak
08:55:40 done 1982-next-of-kin
08:55:40 done 1957-the-curse-of-frankenstein
08:55:41 done 2006-pan-s-labyrinth
08:55:41 done 1982-poltergeist
08:55:43 done 2006-silent-hill
08:55:44 done 1982-tenebrae
08:55:44 done 2006-slither
08:55:45 done 2006-the-host
08:55:46 done 1964-the-masque-of-the-red-death
08:55:46 done 1945-dead-of-night
08:55:47 done 1982-the-entity
08:55:47 done 2006-them-ils
08:55:47 done 1962-carnival-of-souls
08:55:48 done 1962-carnival-of-souls
08:55:48 done 1982-the-thing
08:55:49 done 1962-night-of-the-eagle
08:55:49 done 2007-1408
08:55:50 done 2007-30-days-of-night
08:55:51 done 1983-christine
08:55:51 done 2007-bhool-bhulaiyaa
08:55:52 done 1983-cujo
08:55:53 done 2007-carved
08:55:53 done 1983-sleepaway-camp
08:55:54 done 2007-frontier-s
08:55:56 done 2007-hansel-and-gretel
08:55:56 done 1983-the-dead-zone
08:55:57 done 2007-inside
08:55:58 done 1963-the-birds
08:55:58 done 2007-jangan-pandang-belakang
08:55:59 done 1983-the-hunger
08:56:00 done 1983-videodrome
08:56:00 done 2007-paranormal-activity
08:56:01 done 1984-a-nightmare-on-elm-street
08:56:01 done 2007-rec
08:56:02 done 1984-children-of-the-corn
08:56:02 done 1963-black-sabbath
08:56:03 done 2007-the-mist
08:56:03 done 1984-gremlins
08:56:04 done 2007-the-orphanage
08:56:04 done 1963-matango
08:56:06 done 2007-trick-r-treat
08:56:06 done 1984-purana-mandir
08:56:08 done 2008-coming-soon
08:56:09 done 2008-eden-lake
08:56:09 done 1984-razorback
08:56:10 done 2008-lake-mungo
08:56:12 done 2008-let-the-right-one-in
08:56:12 done 1984-shake-rattle-roll
08:56:13 done 2008-martyrs
08:56:14 done 2008-pontypool
08:56:16 done 1984-the-company-of-wolves
08:56:16 done 2008-the-strangers
08:56:16 done 1964-kwaidan
08:56:17 done 1985-day-of-the-dead
08:56:17 done 2009-13b
08:56:19 done 2009-antichrist
08:56:19 done 1963-the-birds
08:56:20 done 2009-coraline
08:56:20 done 1968-hour-of-the-wolf
08:56:21 done 1985-demons
08:56:21 done 1954-creature-from-the-black-lagoon
08:56:21 done 2009-dead-snow
08:56:22 done 1985-fright-night
08:56:23 done 2009-drag-me-to-hell
08:56:24 done 2009-jennifer-s-body
08:56:26 done 2009-macabre
08:56:26 done 1985-lifeforce
08:56:28 done 2009-orphan
08:56:29 done 1966-kill-baby-kill
08:56:29 done 2009-splice
08:56:29 done 1985-mr-vampire
08:56:29 done 1968-the-devil-rides-out
08:56:31 done 2009-the-house-of-the-devil
08:56:31 done 1985-phenomena
08:56:32 done 1985-re-animator
08:56:32 done 2009-the-loved-ones
08:56:32 done 1963-the-haunting
08:56:33 done 1985-the-return-of-the-living-dead
08:56:33 done 2009-thirst
08:56:34 done 1986-aliens
08:56:35 done 2009-triangle
08:56:36 done 2010-black-swan
08:56:38 done 1972-don-t-torture-a-duckling
08:56:38 done 2010-insidious
08:56:38 done 1968-night-of-the-living-dead
08:56:38 done 1986-from-beyond
08:56:39 done 2010-trollhunter
08:56:39 done 1986-the-fly
08:56:40 done 2010-we-are-what-we-are
08:56:42 done 2011-23-59
08:56:43 done 1987-a-chinese-ghost-story
08:56:43 done 2011-juan-of-the-dead
08:56:45 done 2011-kill-list
08:56:46 done 1964-at-midnight-i-ll-take-your-soul
08:56:46 done 2011-the-awakening
08:56:47 done 1987-angel-heart
08:56:47 done 2011-the-cabin-in-the-woods
08:56:49 done 2011-the-innkeepers
08:56:50 done 1987-evil-dead-ii
08:56:51 done 2011-you-re-next
08:56:51 done 1987-hellraiser
08:56:52 done 2012-byzantium
08:56:54 done 2012-here-comes-the-devil
08:56:54 done 1987-near-dark
08:56:55 done 2012-sinister
08:56:56 done 2012-the-woman-in-black
08:56:58 done 2013-a-field-in-england
08:56:58 done 1987-opera
08:56:58 done 1964-blood-and-black-lace
08:56:59 done 1987-prince-of-darkness
08:56:59 done 2013-djinn
08:57:01 done 2013-evil-dead
08:57:02 done 2013-mama
08:57:03 done 1987-the-gate
08:57:04 done 2013-oculus
08:57:04 done 1987-the-lost-boys
08:57:05 done 2013-pee-mak
08:57:07 done 2013-rigor-mortis
08:57:08 done 1988-beetlejuice
08:57:08 done 2013-the-conjuring
08:57:10 done 2013-under-the-skin
08:57:11 done 1988-child-s-play
08:57:11 done 1964-kwaidan
08:57:11 done 2014-a-girl-walks-home-alone-at-night
08:57:12 done 1958-the-fly
08:57:13 done 2014-goodnight-mommy
08:57:14 done 1969-the-cremator
08:57:14 done 1972-tombs-of-the-blind-dead
08:57:14 done 1988-lady-terminator
08:57:14 done 2014-housebound
08:57:16 done 2014-it-follows
08:57:17 done 2014-the-babadook
08:57:18 done 1988-night-of-the-demons
08:57:18 done 2014-the-canal
08:57:19 done 1956-invasion-of-the-body-snatchers
08:57:19 done 1988-paperhouse
08:57:20 done 2014-the-taking-of-deborah-logan
08:57:21 done 1988-pumpkinhead
08:57:21 done 2014-what-we-do-in-the-shadows
08:57:22 done 1960-house-of-usher
08:57:23 done 2015-baskin
08:57:24 done 1973-messiah-of-evil
08:57:24 done 2015-bone-tomahawk
08:57:25 done 1964-onibaba
08:57:25 done 1971-daughters-of-darkness
08:57:25 done 1988-the-serpent-and-the-rainbow
08:57:25 done 2015-demon
08:57:27 done 2015-green-room
08:57:28 done 2015-the-blackcoat-s-daughter
08:57:29 done 1988-they-live
08:57:30 done 2015-the-hallow
08:57:31 done 2015-the-invitation
08:57:32 done 1988-veerana
08:57:32 done 2015-the-lure
08:57:33 done 1974-black-christmas
08:57:34 done 1989-pet-sematary
08:57:34 done 2015-the-tag-along
08:57:35 done 2015-the-visit
08:57:35 done 1964-the-masque-of-the-red-death
08:57:36 done 1989-santa-sangre
08:57:37 done 2015-the-witch
08:57:38 done 1989-society
08:57:38 done 2016-don-t-breathe
08:57:39 done 1975-deep-red
08:57:40 done 2016-hush
08:57:41 done 2016-lights-out
08:57:41 done 1989-sweet-home
08:57:43 done 2016-munafik
08:57:44 done 1989-tetsuo-the-iron-man
08:57:44 done 2016-personal-shopper
08:57:45 done 2016-raw
08:57:46 done 1990-jacob-s-ladder
08:57:47 done 2016-seklusyon
08:57:47 done 1990-misery
08:57:48 done 1990-tremors
08:57:48 done 2016-the-autopsy-of-jane-doe
08:57:49 done 1991-the-people-under-the-stairs
08:57:50 done 2016-the-eyes-of-my-mother
08:57:50 done 1965-repulsion
08:57:51 done 2016-the-girl-with-all-the-gifts
08:57:52 done 1991-the-silence-of-the-lambs
08:57:52 done 2016-the-housemaid
08:57:54 done 2016-the-love-witch
08:57:55 done 2016-the-untamed
08:57:56 done 1992-braindead
08:57:57 done 2016-the-void
08:57:58 done 2016-the-wailing
08:57:58 done 1992-bram-stoker-s-dracula
08:57:59 done 2016-train-to-busan
08:57:59 done 1992-candyman
08:58:00 done 1992-ghostwatch
08:58:01 done 2016-under-the-shadow
08:58:02 done 2017-errementari
08:58:04 done 2017-ezra
08:58:04 done 2017-get-out
08:58:04 done 1992-raat
08:58:05 done 1966-kill-baby-kill
08:58:05 done 2017-ghost-stories
08:58:06 done 1993-cronos
08:58:06 done 2017-good-manners
08:58:08 done 2017-hagazussa
08:58:08 done 1975-the-stepford-wives
08:58:09 done 2017-it-comes-at-night
08:58:10 done 1993-manichitrathazhu
08:58:11 done 2017-mother
08:58:12 done 2017-one-cut-of-the-dead
08:58:13 done 1994-cemetery-man
08:58:13 done 2017-pyewacket
08:58:14 done 1994-in-the-mouth-of-madness
08:58:14 done 1976-the-omen
08:58:15 done 2017-satan-s-slaves
08:58:15 done 1994-interview-with-the-vampire
08:58:16 done 2017-terrified
08:58:17 done 2017-the-killing-of-a-sacred-deer
08:58:18 done 1994-wes-craven-s-new-nightmare
08:58:19 done 2017-the-ritual
08:58:19 done 1960-black-sunday
08:58:19 done 1967-viy
08:58:20 done 2017-thelma
08:58:21 done 1995-the-day-of-the-beast
08:58:22 done 2017-tigers-are-not-afraid
08:58:23 done 2017-veronica
08:58:23 done 1996-from-dusk-till-dawn
08:58:23 done 1960-the-housemaid
08:58:24 done 1972-the-last-house-on-the-left
08:58:24 done 2018-a-quiet-place
08:58:25 done 1996-scream
08:58:25 done 1977-house-hausu
08:58:26 done 1996-the-craft
08:58:26 done 2018-annihilation
08:58:27 done 1996-thesis
08:58:27 done 2018-apostle
08:58:28 done 1997-cube
08:58:29 done 2018-border
08:58:29 done 1960-peeping-tom
08:58:30 done 2018-climax
08:58:31 done 1997-cure
08:58:31 done 2018-dachra
08:58:32 done 1997-event-horizon
08:58:33 done 2018-eerie
08:58:33 done 1973-ganja-hess
08:58:33 done 1968-hour-of-the-wolf
08:58:33 done 1997-funny-games
08:58:33 done 1998-ringu
08:58:34 done 1968-kuroneko
08:58:34 done 2018-gonjiam-haunted-asylum
08:58:34 done 2018-hereditary
08:58:34 done 1977-the-hills-have-eyes
08:58:36 done 2018-in-fabric
08:58:37 done 1998-whispering-corridors
08:58:38 done 2018-mandy
08:58:39 done 1999-audition
08:58:39 done 2018-may-the-devil-take-you
08:58:40 done 1978-invasion-of-the-body-snatchers
08:58:40 done 2018-pari
08:58:41 done 1999-nang-nak
08:58:42 done 2018-possum
08:58:42 done 1999-ravenous
08:58:42 done 1973-the-legend-of-hell-house
08:58:43 done 2018-stree
08:58:43 done 1999-sleepy-hollow
08:58:45 done 1999-stir-of-echoes
08:58:45 done 2018-suspiria
08:58:46 done 2018-the-wind
08:58:47 done 2018-the-wolf-house
08:58:47 done 1999-the-blair-witch-project
08:58:48 done 1974-it-s-alive
08:58:48 done 1968-night-of-the-living-dead
08:58:49 done 2018-tumbbad
08:58:49 done 1979-alien
08:58:50 done 2019-atlantics
08:58:50 done 1999-the-ninth-gate
08:58:52 done 2019-color-out-of-space
08:58:52 done 1999-the-sixth-sense
08:58:53 done 2000-final-destination
08:58:53 done 2019-detention
08:58:54 done 2019-impetigore
08:58:56 done 2019-la-llorona
08:58:56 done 2000-ginger-snaps
08:58:57 done 2019-midsommar
08:58:57 done 2000-uzumaki
08:58:58 done 1975-picnic-at-hanging-rock
08:58:59 done 1968-rosemary-s-baby
08:58:59 done 2019-ready-or-not
08:59:00 done 1979-the-amityville-horror
08:59:00 done 2001-frailty
08:59:00 done 2019-roh
08:59:01 done 2001-jeepers-creepers
08:59:02 done 2019-saint-maud
08:59:03 done 2019-svaha-the-sixth-finger
08:59:04 done 2001-pulse-kairo
08:59:05 done 2019-the-hole-in-the-ground
08:59:06 done 2001-session-9
08:59:06 done 2019-the-lighthouse
08:59:08 done 2019-the-platform
08:59:09 done 1968-the-devil-rides-out
08:59:09 done 2019-us
08:59:09 done 2001-the-devil-s-backbone
08:59:11 done 2001-the-others
08:59:11 done 1976-carrie
08:59:11 done 2019-vivarium
08:59:12 done 2002-28-days-later
08:59:12 done 2020-bulbbul
08:59:14 done 2020-gretel-hansel
08:59:14 done 1980-cannibal-holocaust
08:59:15 done 2020-his-house
08:59:15 done 2002-dark-water
08:59:16 done 1968-witchfinder-general
08:59:16 done 2020-host
08:59:16 done 2002-dog-soldiers
08:59:18 done 2020-kandisha
08:59:19 done 2020-possessor
08:59:19 done 2002-may
08:59:21 done 2020-relic
08:59:22 done 2020-the-dark-and-the-wicked
08:59:22 done 1980-prom-night
08:59:23 done 2002-phone
08:59:23 done 2020-the-invisible-man
08:59:24 done 1977-alucarda
08:59:24 done 2002-the-eye
08:59:25 done 2020-the-night-house
08:59:26 done 2002-the-ring
08:59:26 done 2021-antlers
08:59:27 done 2003-a-tale-of-two-sisters
08:59:27 done 1961-the-innocents
08:59:28 done 1969-the-cremator
08:59:28 done 1981-an-american-werewolf-in-london
08:59:28 done 2021-candyman
08:59:29 done 1970-valerie-and-her-week-of-wonders
08:59:29 done 2021-censor
08:59:30 done 2003-bhoot
08:59:31 done 2003-high-tension
08:59:31 done 2021-gaia
08:59:31 done 1971-blood-on-satan-s-claw
08:59:32 done 2003-house-of-1000-corpses
08:59:32 done 2021-good-madam
08:59:34 done 2021-lamb
08:59:35 done 2021-malignant
08:59:36 done 2003-one-missed-call
08:59:37 done 2021-saloum
08:59:38 done 2021-the-black-phone
08:59:39 done 2004-art-of-the-devil
08:59:40 done 2021-the-innocents
08:59:41 done 2021-the-medium
08:59:41 done 2004-calvaire
08:59:43 done 2021-the-sadness
08:59:43 done 2004-dawn-of-the-dead
08:59:43 done 1981-possession
08:59:44 done 2021-titane
08:59:44 done 1971-daughters-of-darkness
08:59:45 done 2021-you-are-not-my-mother
08:59:46 done 2004-dumplings
08:59:47 done 2022-barbarian
08:59:48 done 2022-bhoothakaalam
08:59:49 done 2004-feng-shui
08:59:49 done 1981-the-howling
08:59:50 done 2022-bones-and-all
08:59:51 done 2022-crimes-of-the-future
08:59:51 done 2004-marebito
08:59:53 done 2022-enys-men
08:59:54 done 1982-poltergeist
08:59:54 done 2004-pontianak-harum-sundal-malam
08:59:55 done 2022-fresh
08:59:56 done 2022-hatching
08:59:56 done 1971-let-s-scare-jessica-to-death
08:59:57 done 2004-r-point
08:59:57 done 2022-huesera
08:59:58 done 2004-saw
08:59:59 done 2022-incantation
09:00:00 done 2004-shaun-of-the-dead
09:00:00 done 2022-kkn-di-desa-penari
09:00:01 done 2004-shutter
09:00:01 done 2022-m3gan
09:00:02 done 2004-the-village
09:00:02 done 1972-don-t-torture-a-duckling
09:00:03 done 2022-men
09:00:03 done 2005-hostel
09:00:04 done 2005-noroi-the-curse
09:00:05 done 1972-sisters
09:00:05 done 2022-nanny
09:00:06 done 2005-the-descent
09:00:07 done 2005-the-exorcism-of-emily-rose
09:00:07 done 2022-nope
09:00:07 done 1972-the-last-house-on-the-left
09:00:08 done 2022-qodrat
09:00:10 done 2022-skinamarink
09:00:11 done 2005-the-heirloom
09:00:11 done 2022-smile
09:00:13 done 2022-speak-no-evil
09:00:14 done 2022-talk-to-me
09:00:14 done 2005-wolf-creek
09:00:15 done 2022-x
09:00:17 done 2023-cobweb
09:00:17 done 2006-kuntilanak
09:00:18 done 2023-evil-dead-rise
09:00:18 done 1977-rabid
09:00:20 done 2023-godzilla-minus-one
09:00:20 done 2006-pan-s-labyrinth
09:00:21 done 2023-late-night-with-the-devil
09:00:21 done 2006-silent-hill
09:00:22 done 1972-the-other
09:00:23 done 2006-slither
09:00:23 done 2023-sewu-dino
09:00:24 done 1972-tombs-of-the-blind-dead
09:00:24 done 2023-starve-acre
09:00:26 done 2006-the-host
09:00:26 done 2023-when-evil-lurks
09:00:27 done 2024-bramayugam
09:00:29 done 2024-exhuma
09:00:29 done 2006-them-ils
09:00:30 done 2024-heretic
09:00:30 done 1962-bees-saal-baad
09:00:30 done 2007-1408
09:00:31 done 2007-30-days-of-night
09:00:32 done 2024-i-saw-the-tv-glow
09:00:33 done 2024-in-a-violent-nature
09:00:34 done 2007-bhool-bhulaiyaa
09:00:34 done 2024-longlegs
09:00:36 done 2024-nosferatu
09:00:37 done 2024-oddity
09:00:37 done 2007-carved
09:00:38 done 1973-don-t-look-now
09:00:39 done 2024-the-first-omen
09:00:40 done 2024-the-substance
09:00:41 done 2007-frontier-s
09:00:42 done 2025-bring-her-back
09:00:43 done 2025-sinners
09:00:45 done 2025-weapons
09:00:45 batch finished 482
09:00:47 done 2007-hansel-and-gretel
09:00:48 done 2007-inside
09:00:51 done 2007-jangan-pandang-belakang
09:00:52 done 2007-paranormal-activity
09:00:53 done 2007-rec
09:00:53 done 1973-ganja-hess
09:00:54 done 2007-the-mist
09:00:55 done 2007-the-orphanage
09:00:58 done 2007-trick-r-treat
09:01:00 done 2008-coming-soon
09:01:01 done 2008-eden-lake
09:01:02 done 2008-lake-mungo
09:01:03 done 2008-let-the-right-one-in
09:01:04 done 2008-martyrs
09:01:05 done 2008-pontypool
09:01:06 done 1973-lisa-and-the-devil
09:01:07 done 2008-the-strangers
09:01:09 done 2009-13b
09:01:12 done 2009-antichrist
09:01:15 done 2009-coraline
09:01:16 done 1973-messiah-of-evil
09:01:16 done 1973-the-exorcist
09:01:16 done 2009-dead-snow
09:01:17 done 1973-the-legend-of-hell-house
09:01:18 done 2009-drag-me-to-hell
09:01:20 done 2009-jennifer-s-body
09:01:24 done 2009-macabre
09:01:26 done 2009-orphan
09:01:28 done 2009-splice
09:01:29 done 2009-the-house-of-the-devil
09:01:30 done 2009-the-loved-ones
09:01:30 done 1973-the-wicker-man
09:01:33 done 2009-thirst
09:01:34 done 2009-triangle
09:01:35 done 1962-night-of-the-eagle
09:01:35 done 2010-black-swan
09:01:36 done 2010-insidious
09:01:39 done 2010-trollhunter
09:01:43 done 2010-we-are-what-we-are
09:01:45 done 1974-black-christmas
09:01:47 done 2011-23-59
09:01:47 done 1974-deathdream
09:01:49 done 1974-it-s-alive
09:01:51 done 2011-juan-of-the-dead
09:01:51 done 1974-the-texas-chain-saw-massacre
09:01:52 done 2011-kill-list
09:01:53 done 2011-the-awakening
09:01:56 done 2011-the-cabin-in-the-woods
09:01:57 done 2011-the-innkeepers
09:01:59 done 2011-you-re-next
09:02:02 done 1975-deep-red
09:02:03 done 2012-byzantium
09:02:05 done 1982-the-thing
09:02:06 done 2012-here-comes-the-devil
09:02:08 done 2012-sinister
09:02:09 done 2012-the-woman-in-black
09:02:12 done 2013-a-field-in-england
09:02:15 done 2013-djinn
09:02:15 done 1975-jaws
09:02:16 done 2013-evil-dead
09:02:17 done 2013-mama
09:02:18 done 2013-oculus
09:02:22 done 2013-pee-mak
09:02:24 done 1978-dawn-of-the-dead
09:02:26 done 2013-rigor-mortis
09:02:27 done 2013-the-conjuring
09:02:29 done 1975-picnic-at-hanging-rock
09:02:30 done 2013-under-the-skin
09:02:33 done 2014-a-girl-walks-home-alone-at-night
09:02:34 done 1963-the-haunting
09:02:34 done 2014-goodnight-mommy
09:02:35 done 2014-housebound
09:02:35 done 1978-magic
09:02:36 done 2014-it-follows
09:02:37 done 2014-the-babadook
09:02:38 done 2014-the-canal
09:02:39 done 2014-the-taking-of-deborah-logan
09:02:40 done 1963-matango
09:02:43 done 1975-shivers
09:02:43 done 2014-what-we-do-in-the-shadows
09:02:44 done 2015-baskin
09:02:44 done 1975-the-stepford-wives
09:02:46 done 1976-burnt-offerings
09:02:48 done 2015-bone-tomahawk
09:02:51 done 2015-demon
09:02:53 done 2015-green-room
09:02:55 done 2015-the-blackcoat-s-daughter
09:02:57 done 2015-the-hallow
09:02:58 done 2015-the-invitation
09:03:00 done 1976-carrie
09:03:00 done 2015-the-lure
09:03:02 done 1976-the-house-with-laughing-windows
09:03:04 done 2015-the-tag-along
09:03:07 done 2015-the-visit
09:03:08 done 2015-the-witch
09:03:11 done 2016-don-t-breathe
09:03:12 done 2016-hush
09:03:13 done 2016-lights-out
09:03:14 done 1976-the-omen
09:03:16 done 1964-blood-and-black-lace
09:03:16 done 1976-who-can-kill-a-child
09:03:17 done 2016-munafik
09:03:18 done 2016-personal-shopper
09:03:18 done 1977-alucarda
09:03:19 done 2016-raw
09:03:22 done 2016-seklusyon
09:03:23 done 2016-the-autopsy-of-jane-doe
09:03:25 done 2016-the-eyes-of-my-mother
09:03:26 done 2016-the-girl-with-all-the-gifts
09:03:29 done 2016-the-housemaid
09:03:31 done 2016-the-love-witch
09:03:31 done 1977-eraserhead
09:03:35 done 2016-the-untamed
09:03:36 done 2016-the-void
09:03:37 done 2016-the-wailing
09:03:37 done 2016-train-to-busan
09:03:39 done 2016-under-the-shadow
09:03:42 done 2017-errementari
09:03:45 done 1977-house-hausu
09:03:45 done 2017-ezra
09:03:45 done 2017-get-out
09:03:47 done 1977-martin
09:03:47 done 2017-ghost-stories
09:03:51 done 2017-good-manners
09:03:53 done 2017-hagazussa
09:03:54 done 2017-it-comes-at-night
09:03:55 done 1977-rabid
09:03:56 done 2017-mother
09:03:59 done 2017-one-cut-of-the-dead
09:04:02 done 2017-pyewacket
09:04:05 done 2017-satan-s-slaves
09:04:05 done 1977-suspiria
09:04:07 done 1977-the-hills-have-eyes
09:04:08 done 2017-terrified
09:04:10 done 2017-the-killing-of-a-sacred-deer
09:04:11 done 1983-the-dead-zone
09:04:11 done 2017-the-ritual
09:04:14 done 2017-thelma
09:04:15 done 1965-repulsion
09:04:17 done 2017-tigers-are-not-afraid
09:04:19 done 2017-veronica
09:04:21 done 2018-a-quiet-place
09:04:22 done 1977-the-sentinel
09:04:22 done 2018-annihilation
09:04:23 done 2018-apostle
09:04:26 done 2018-border
09:04:30 done 2018-climax
09:04:32 done 1978-dawn-of-the-dead
09:04:33 done 2018-dachra
09:04:37 done 2018-eerie
09:04:40 done 2018-gonjiam-haunted-asylum
09:04:40 done 2018-hereditary
09:04:41 done 1978-halloween
09:04:42 done 1978-invasion-of-the-body-snatchers
09:04:43 done 2018-in-fabric
09:04:44 done 1978-long-weekend
09:04:44 done 2018-mandy
09:04:45 done 1964-onibaba
09:04:45 done 1979-phantasm
09:04:47 done 2018-may-the-devil-take-you
09:04:50 done 2018-pari
09:04:52 done 2018-possum
09:04:55 done 2018-stree
09:04:56 done 1978-magic
09:04:56 done 2018-suspiria
09:05:00 done 2018-the-wind
09:05:04 done 2018-the-wolf-house
09:05:06 done 2018-tumbbad
09:05:09 done 1978-the-shout
09:05:10 done 2019-atlantics
09:05:10 done 1979-alien
09:05:11 done 2019-color-out-of-space
09:05:12 done 1979-nosferatu-the-vampyre
09:05:13 done 1979-phantasm
09:05:13 done 1968-kuroneko
09:05:15 done 2019-detention
09:05:16 done 2019-impetigore
09:05:19 done 1967-viy
09:05:19 done 2019-la-llorona
09:05:19 done 1979-tourist-trap
09:05:20 done 2019-midsommar
09:05:21 done 2019-ready-or-not
09:05:24 done 2019-roh
09:05:28 done 2019-saint-maud
09:05:28 done 1979-the-amityville-horror
09:05:31 done 2019-svaha-the-sixth-finger
09:05:32 done 2019-the-hole-in-the-ground
09:05:33 done 2019-the-lighthouse
09:05:35 done 1979-the-brood
09:05:37 done 2019-the-platform
09:05:37 done 1979-tourist-trap
09:05:38 done 2019-us
09:05:39 done 1979-zombi-2
09:05:41 done 1980-cannibal-holocaust
09:05:41 done 2019-vivarium
09:05:45 done 2020-bulbbul
09:05:46 done 2020-gretel-hansel
09:05:48 done 2020-his-house
09:05:50 done 2020-host
09:05:53 done 2020-kandisha
09:05:55 done 1980-city-of-the-living-dead
09:05:56 done 2020-possessor
09:05:57 done 2020-relic
09:05:59 done 2020-the-dark-and-the-wicked
09:06:00 done 2020-the-invisible-man
09:06:03 done 1980-friday-the-13th
09:06:04 done 1980-inferno
09:06:04 done 2020-the-night-house
09:06:05 done 2021-antlers
09:06:06 done 1980-prom-night
09:06:07 done 2021-candyman
09:06:08 done 1980-the-changeling
09:06:08 done 2021-censor
09:06:10 done 2021-gaia
09:06:12 done 1968-witchfinder-general
09:06:12 done 2021-good-madam
09:06:14 done 1980-friday-the-13th
09:06:15 done 2021-lamb
09:06:16 done 2021-malignant
09:06:16 done 1984-children-of-the-corn
09:06:18 done 1968-rosemary-s-baby
09:06:20 done 2021-saloum
09:06:21 done 1980-the-fog
09:06:22 done 1971-blood-on-satan-s-claw
09:06:24 done 2021-the-black-phone
09:06:24 done 1980-the-fog
09:06:26 done 2021-the-innocents
09:06:27 done 2021-the-medium
09:06:31 done 2021-the-sadness
09:06:33 done 1980-the-shining
09:06:34 done 2021-titane
09:06:38 done 2021-you-are-not-my-mother
09:06:42 done 2022-barbarian
09:06:45 done 2022-bhoothakaalam
09:06:47 done 1981-an-american-werewolf-in-london
09:06:48 done 2022-bones-and-all
09:06:49 done 2022-crimes-of-the-future
09:06:49 done 1981-ghost-story
09:06:51 done 1981-my-bloody-valentine
09:06:52 done 2022-enys-men
09:06:53 done 1981-mystics-in-bali
09:06:55 done 2022-fresh
09:06:59 done 2022-hatching
09:07:03 done 2022-huesera
09:07:04 done 1981-possession
09:07:07 done 2022-incantation
09:07:10 done 2022-kkn-di-desa-penari
09:07:13 done 2022-m3gan
09:07:14 done 1981-scanners
09:07:17 done 2022-men
09:07:17 done 1970-valerie-and-her-week-of-wonders
09:07:20 done 2022-nanny
09:07:21 done 1972-sisters
09:07:21 done 1981-the-beyond
09:07:21 done 2022-nope
09:07:23 done 1981-the-evil-dead
09:07:25 done 2022-qodrat
09:07:27 done 2022-skinamarink
09:07:28 done 2022-smile
09:07:32 done 2022-speak-no-evil
09:07:33 done 2022-talk-to-me
09:07:34 done 2022-x
09:07:37 done 1981-the-howling
09:07:38 done 2023-cobweb
09:07:39 done 1981-the-queen-of-black-magic
09:07:41 done 2023-evil-dead-rise
09:07:44 done 2023-godzilla-minus-one
09:07:45 done 1982-cat-people
09:07:47 done 1982-next-of-kin
09:07:47 done 2023-late-night-with-the-devil
09:07:51 done 2023-sewu-dino
09:07:53 done 2023-starve-acre
09:07:56 done 1982-poltergeist
09:07:56 done 2023-when-evil-lurks
09:07:58 done 1982-tenebrae
09:07:59 done 2024-bramayugam
09:08:03 done 2024-exhuma
09:08:06 done 1982-the-entity
09:08:06 done 2024-heretic
09:08:09 done 2024-i-saw-the-tv-glow
09:08:13 done 2024-in-a-violent-nature
09:08:15 done 2024-longlegs
09:08:16 done 1971-let-s-scare-jessica-to-death
09:08:17 done 1973-don-t-look-now
09:08:17 done 1973-the-exorcist
09:08:17 done 1984-shake-rattle-roll
09:08:18 done 1982-the-thing
09:08:19 done 2024-nosferatu
09:08:19 done 1974-deathdream
09:08:20 done 1983-christine
09:08:21 done 1983-cujo
09:08:22 done 2024-oddity
09:08:22 done 1972-the-other
09:08:23 done 1983-sleepaway-camp
09:08:24 done 2024-the-first-omen
09:08:27 done 2024-the-substance
09:08:28 done 1983-the-dead-zone
09:08:30 done 1981-my-bloody-valentine
09:08:30 done 2025-bring-her-back
09:08:34 done 2025-sinners
09:08:37 done 2025-weapons
09:08:37 batch finished 482
09:08:37 done 1983-the-hunger
09:08:50 done 1983-videodrome
09:08:58 done 1984-a-nightmare-on-elm-street
09:09:00 done 1984-children-of-the-corn
09:09:14 done 1984-gremlins
09:09:15 done 1975-jaws
09:09:16 done 1984-purana-mandir
09:09:17 done 1973-lisa-and-the-devil
09:09:17 done 1976-burnt-offerings
09:09:19 done 1973-the-wicker-man
09:09:24 done 1984-razorback
09:09:24 done 1981-the-beyond
09:09:26 done 1984-shake-rattle-roll
09:09:26 done 1974-the-texas-chain-saw-massacre
09:09:28 done 1975-shivers
09:09:29 done 1976-who-can-kill-a-child
09:09:30 done 1982-cat-people
09:09:39 done 1984-the-company-of-wolves
09:09:52 done 1985-day-of-the-dead
09:10:07 done 1985-demons
09:10:09 done 1985-fright-night
09:10:19 done 1985-fright-night
09:10:21 done 1985-lifeforce
09:10:23 done 1985-mr-vampire
09:10:37 done 1985-phenomena
09:10:44 done 1985-re-animator
09:10:46 done 1985-the-return-of-the-living-dead
09:10:54 done 1986-aliens
09:11:09 done 1986-from-beyond
09:11:22 done 1986-the-fly
09:11:24 done 1987-a-chinese-ghost-story
09:11:31 done 1977-martin
09:11:34 done 1982-tenebrae
09:11:35 done 1987-angel-heart
09:11:37 done 1987-evil-dead-ii
09:11:38 done 1987-hellraiser
09:11:38 done 1976-the-house-with-laughing-windows
09:11:51 done 1987-near-dark
09:12:04 done 1987-opera
09:12:06 done 1987-prince-of-darkness
09:12:08 done 1987-the-gate
09:12:09 done 1977-eraserhead
09:12:18 done 1987-the-lost-boys
09:12:21 done 1977-suspiria
09:12:22 done 1977-the-sentinel
09:12:22 done 1985-re-animator
09:12:28 done 1978-halloween
09:12:29 done 1988-beetlejuice
09:12:42 done 1988-child-s-play
09:12:44 done 1988-lady-terminator
09:12:46 done 1988-night-of-the-demons
09:12:48 done 1988-paperhouse
09:12:50 done 1988-pumpkinhead
09:12:52 done 1988-the-serpent-and-the-rainbow
09:12:54 done 1988-they-live
09:12:55 done 1988-veerana
09:12:58 done 1989-pet-sematary
09:13:13 done 1989-santa-sangre
09:13:13 done 1978-long-weekend
09:13:16 done 1979-nosferatu-the-vampyre
09:13:18 done 1978-the-shout
09:13:22 done 1989-society
09:13:23 done 1979-the-brood
09:13:24 done 1989-sweet-home
09:13:27 done 1979-zombi-2
09:13:31 done 1980-city-of-the-living-dead
09:13:34 done 1980-inferno
09:13:38 done 1989-tetsuo-the-iron-man
09:13:40 done 1983-cujo
09:13:51 done 1990-jacob-s-ladder
09:14:05 done 1990-misery
09:14:07 done 1990-tremors
09:14:09 done 1991-the-people-under-the-stairs
09:14:12 done 1983-videodrome
09:14:23 done 1991-the-silence-of-the-lambs
09:14:25 done 1992-braindead
09:14:28 done 1986-the-fly
09:14:35 done 1992-bram-stoker-s-dracula
09:14:48 done 1992-candyman
09:14:50 done 1992-ghostwatch
09:14:52 done 1992-raat
09:14:58 done 1993-cronos
09:15:00 done 1993-manichitrathazhu
09:15:02 done 1994-cemetery-man
09:15:07 done 1984-purana-mandir
09:15:14 done 1985-day-of-the-dead
09:15:15 done 1994-in-the-mouth-of-madness
09:15:20 done 1985-mr-vampire
09:15:27 done 1994-interview-with-the-vampire
09:15:29 done 1994-wes-craven-s-new-nightmare
09:15:31 done 1995-the-day-of-the-beast
09:15:32 done 1996-from-dusk-till-dawn
09:15:37 done 1980-the-shining
09:15:38 done 1980-the-changeling
09:15:47 done 1996-scream
09:16:00 done 1996-the-craft
09:16:01 done 1996-thesis
09:16:03 done 1981-mystics-in-bali
09:16:14 done 1997-cube
09:16:16 done 1997-cure
09:16:17 done 1986-aliens
09:16:24 done 1987-angel-heart
09:16:29 done 1997-event-horizon
09:16:30 done 1987-hellraiser
09:16:42 done 1997-funny-games
09:16:42 done 1998-ringu
09:16:56 done 1998-whispering-corridors
09:17:10 done 1999-audition
09:17:12 done 1999-nang-nak
09:17:19 done 1987-opera
09:17:26 done 1999-ravenous
09:17:40 done 1999-sleepy-hollow
09:17:42 done 1999-stir-of-echoes
09:17:44 done 1999-the-blair-witch-project
09:17:45 done 1981-ghost-story
09:17:46 done 1999-the-ninth-gate
09:18:00 done 1999-the-sixth-sense
09:18:02 done 2000-final-destination
09:18:10 done 1981-the-evil-dead
09:18:15 done 1988-beetlejuice
09:18:16 done 1982-next-of-kin
09:18:16 done 2000-ginger-snaps
09:18:16 done 1981-scanners
09:18:31 done 2000-uzumaki
09:18:33 done 1987-the-gate
09:18:33 done 2001-frailty
09:18:35 done 2001-jeepers-creepers
09:18:37 done 2001-pulse-kairo
09:18:50 done 2001-session-9
09:19:04 done 2001-the-devil-s-backbone
09:19:09 done 1981-the-queen-of-black-magic
09:19:09 done 1988-paperhouse
09:19:13 done 1982-the-entity
09:19:16 done 1988-veerana
09:19:16 done 1983-christine
09:19:18 done 2001-the-others
09:19:32 done 2002-28-days-later
09:19:34 done 2002-dark-water
09:19:48 done 2002-dog-soldiers
09:19:50 done 2002-may
09:19:51 done 2002-phone
09:19:54 done 2002-the-eye
09:20:00 done 2002-the-ring
09:20:07 done 1983-the-hunger
09:20:08 done 1989-sweet-home
09:20:09 done 1983-sleepaway-camp
09:20:14 done 2003-a-tale-of-two-sisters
09:20:14 done 1984-gremlins
09:20:16 done 2003-bhoot
09:20:18 done 2003-high-tension
09:20:31 done 2003-house-of-1000-corpses
09:20:33 done 2003-one-missed-call
09:20:35 done 2004-art-of-the-devil
09:20:36 done 1988-lady-terminator
09:20:49 done 2004-calvaire
09:20:51 done 2004-dawn-of-the-dead
09:21:04 done 1984-the-company-of-wolves
09:21:04 done 2004-dumplings
09:21:06 done 2004-feng-shui
09:21:07 done 1985-lifeforce
09:21:08 done 1988-the-serpent-and-the-rainbow
09:21:08 done 2004-marebito
09:21:10 done 2004-pontianak-harum-sundal-malam
09:21:12 done 2004-r-point
09:21:14 done 1985-the-return-of-the-living-dead
09:21:26 done 2004-saw
09:21:40 done 2004-shaun-of-the-dead
09:21:42 done 2004-shutter
09:21:57 done 2004-the-village
09:21:59 done 2005-hostel
09:22:01 done 2005-noroi-the-curse
09:22:04 done 1987-a-chinese-ghost-story
09:22:15 done 2005-the-descent
09:22:15 done 1990-tremors
09:22:16 done 1984-a-nightmare-on-elm-street
09:22:17 done 2005-the-exorcism-of-emily-rose
09:22:19 done 2005-the-heirloom
09:22:21 done 2005-wolf-creek
09:22:23 done 2006-kuntilanak
09:22:36 done 2006-pan-s-labyrinth
09:22:39 done 2006-silent-hill
09:22:41 done 2006-slither
09:22:55 done 2006-the-host
09:22:57 done 2006-them-ils
09:22:59 done 2007-1408
09:23:12 done 1992-bram-stoker-s-dracula
09:23:12 done 1984-razorback
09:23:13 done 2007-30-days-of-night
09:23:14 done 2007-bhool-bhulaiyaa
09:23:16 done 2007-carved
09:23:18 done 2007-frontier-s
09:23:20 done 2007-hansel-and-gretel
09:23:20 done 1989-santa-sangre
09:23:22 done 2007-inside
09:23:24 done 2007-jangan-pandang-belakang
09:23:26 done 2007-paranormal-activity
09:23:28 done 2007-rec
09:23:30 done 2007-the-mist
09:23:44 done 2007-the-orphanage
09:23:56 done 2007-trick-r-treat
09:23:58 done 2008-coming-soon
09:24:03 done 1985-demons
09:24:07 done 1987-near-dark
09:24:11 done 2008-eden-lake
09:24:12 done 2008-lake-mungo
09:24:13 done 1993-cronos
09:24:14 done 1987-the-lost-boys
09:24:16 done 1985-phenomena
09:24:19 done 1994-interview-with-the-vampire
09:24:20 done 1988-night-of-the-demons
09:24:25 done 2008-let-the-right-one-in
09:24:38 done 2008-martyrs
09:24:52 done 2008-pontypool
09:24:54 done 2008-the-strangers
09:24:56 done 2009-13b
09:25:10 done 2009-antichrist
09:25:12 done 1986-from-beyond
09:25:16 done 1988-they-live
09:25:16 done 1996-scream
09:25:19 done 1987-evil-dead-ii
09:25:21 done 1987-prince-of-darkness
09:25:22 done 1997-cure
09:25:22 done 1998-ringu
09:25:23 done 1989-society
09:25:23 done 2009-coraline
09:25:25 done 2009-dead-snow
09:25:26 done 1990-jacob-s-ladder
09:25:27 done 1988-child-s-play
09:25:29 done 1990-misery
09:25:39 done 2009-drag-me-to-hell
09:25:54 done 2009-jennifer-s-body
09:25:56 done 2009-macabre
09:25:57 done 2009-orphan
09:26:12 done 2009-splice
09:26:26 done 2009-the-house-of-the-devil
09:26:40 done 2009-the-loved-ones
09:26:41 done 2009-thirst
09:26:43 done 2009-triangle
09:26:54 done 2010-black-swan
09:26:55 done 2010-insidious
09:26:57 done 2010-trollhunter
09:26:59 done 2010-we-are-what-we-are
09:27:00 done 2011-23-59
09:27:02 done 2011-juan-of-the-dead
09:27:17 done 2011-kill-list
09:27:19 done 2011-the-awakening
09:27:22 done 2011-the-cabin-in-the-woods
09:27:30 done 1999-ravenous
09:27:34 done 1988-pumpkinhead
09:27:36 done 1992-braindead
09:27:36 done 2011-the-innkeepers
09:27:39 done 2011-you-re-next
09:27:52 done 2012-byzantium
09:28:05 done 1992-raat
09:28:06 done 2012-here-comes-the-devil
09:28:13 done 1994-in-the-mouth-of-madness
09:28:20 done 2012-sinister
09:28:32 done 2012-the-woman-in-black
09:28:32 done 1999-the-ninth-gate
09:28:45 done 2013-a-field-in-england
09:28:47 done 2013-djinn
09:29:01 done 2013-evil-dead
09:29:09 done 1996-from-dusk-till-dawn
09:29:16 done 2013-mama
09:29:27 done 2000-uzumaki
09:29:30 done 2013-oculus
09:29:31 done 2013-pee-mak
09:29:34 done 1991-the-silence-of-the-lambs
09:29:40 done 1989-pet-sematary
09:29:45 done 2013-rigor-mortis
09:29:59 done 2013-the-conjuring
09:30:10 done 2013-under-the-skin
09:30:11 done 1989-tetsuo-the-iron-man
09:30:18 done 1991-the-people-under-the-stairs
09:30:22 done 2001-session-9
09:30:22 done 2014-a-girl-walks-home-alone-at-night
09:30:36 done 2014-goodnight-mommy
09:30:38 done 2014-housebound
09:30:51 done 2014-it-follows
09:31:05 done 2014-the-babadook
09:31:14 done 1992-candyman
09:31:16 done 1997-cube
09:31:17 done 2002-dark-water
09:31:18 done 2014-the-canal
09:31:20 done 2014-the-taking-of-deborah-logan
09:31:22 done 2014-what-we-do-in-the-shadows
09:31:35 done 2015-baskin
09:31:37 done 2015-bone-tomahawk
09:31:39 done 2015-demon
09:31:42 done 1992-ghostwatch
09:31:53 done 2015-green-room
09:32:06 done 2015-the-blackcoat-s-daughter
09:32:08 done 1993-manichitrathazhu
09:32:12 done 2002-phone
09:32:13 done 1999-nang-nak
09:32:14 done 2015-the-hallow
09:32:15 done 1994-wes-craven-s-new-nightmare
09:32:19 done 1999-the-blair-witch-project
09:32:27 done 2015-the-invitation
09:32:41 done 2015-the-lure
09:32:43 done 2015-the-tag-along
09:32:45 done 2015-the-visit
09:32:58 done 2015-the-witch
09:33:12 done 2016-don-t-breathe
09:33:14 done 2016-hush
09:33:16 done 2016-lights-out
09:33:18 done 2016-munafik
09:33:32 done 2016-personal-shopper
09:33:45 done 2016-raw
09:33:47 done 2016-seklusyon
09:34:01 done 2016-the-autopsy-of-jane-doe
09:34:14 done 2016-the-eyes-of-my-mother
09:34:27 done 2016-the-girl-with-all-the-gifts
09:34:28 done 2016-the-housemaid
09:34:41 done 2016-the-love-witch
09:34:55 done 2016-the-untamed
09:35:08 done 2016-the-void
09:35:23 done 2016-the-wailing
09:35:23 done 2016-train-to-busan
09:35:36 done 2016-under-the-shadow
09:35:38 done 2017-errementari
09:35:40 done 2017-ezra
09:35:40 done 2017-get-out
09:35:52 done 2017-ghost-stories
09:35:54 done 2017-good-manners
09:36:08 done 2017-hagazussa
09:36:21 done 2017-it-comes-at-night
09:36:37 done 2017-mother
09:36:39 done 2017-one-cut-of-the-dead
09:36:41 done 2017-pyewacket
09:36:55 done 2017-satan-s-slaves
09:37:08 done 2017-terrified
09:37:22 done 2017-the-killing-of-a-sacred-deer
09:37:36 done 2017-the-ritual
09:37:50 done 2017-thelma
09:37:52 done 2017-tigers-are-not-afraid
09:37:54 done 2017-veronica
09:38:08 done 2018-a-quiet-place
09:38:22 done 2018-annihilation
09:38:35 done 2018-apostle
09:38:49 done 2018-border
09:38:51 done 2018-climax
09:38:53 done 2018-dachra
09:38:54 done 2018-eerie
09:38:56 done 2018-gonjiam-haunted-asylum
09:38:56 done 2018-hereditary
09:39:01 done 2018-in-fabric
09:39:02 done 2018-mandy
09:39:17 done 2018-may-the-devil-take-you
09:39:19 done 2018-pari
09:39:33 done 2018-possum
09:39:35 done 2018-stree
09:39:37 done 2018-suspiria
09:39:50 done 2018-the-wind
09:39:53 done 2018-the-wolf-house
09:39:54 done 2018-tumbbad
09:40:08 done 2019-atlantics
09:40:10 done 2019-color-out-of-space
09:40:12 done 2019-detention
09:40:25 done 2019-impetigore
09:40:25 done 2019-la-llorona
09:40:28 done 2019-midsommar
09:40:41 done 2019-ready-or-not
09:40:43 done 2019-roh
09:40:56 done 2019-saint-maud
09:40:58 done 2019-svaha-the-sixth-finger
09:41:11 done 2019-the-hole-in-the-ground
09:41:15 done 2019-the-lighthouse
09:41:18 done 2019-the-platform
09:41:31 done 2019-us
09:41:45 done 2019-vivarium
09:41:46 done 2020-bulbbul
09:42:00 done 2020-gretel-hansel
09:42:13 done 2020-his-house
09:42:15 done 2020-host
09:42:28 done 2020-kandisha
09:42:42 done 2020-possessor
09:42:44 done 2020-relic
09:42:46 done 2020-the-dark-and-the-wicked
09:42:47 done 2020-the-invisible-man
09:43:01 done 2020-the-night-house
09:43:03 done 2021-antlers
09:43:05 done 2021-candyman
09:43:19 done 2021-censor
09:43:21 done 2021-gaia
09:43:23 done 2021-good-madam
09:43:37 done 2021-lamb
09:43:51 done 2021-malignant
09:43:53 done 2021-saloum
09:44:07 done 2021-the-black-phone
09:44:09 done 2021-the-innocents
09:44:11 done 2021-the-medium
09:44:13 done 2021-the-sadness
09:44:27 done 2021-titane
09:44:40 done 2021-you-are-not-my-mother
09:44:53 done 2022-barbarian
09:44:55 done 2022-bhoothakaalam
09:45:09 done 2022-bones-and-all
09:45:22 done 2022-crimes-of-the-future
09:45:37 done 2022-enys-men
09:45:38 done 2022-fresh
09:45:49 done 2022-hatching
09:45:50 done 2022-huesera
09:45:52 done 2022-incantation
09:45:54 done 2022-kkn-di-desa-penari
09:46:07 done 2022-m3gan
09:46:20 done 2022-men
09:46:34 done 2022-nanny
09:46:46 done 2022-nope
09:46:47 done 2022-qodrat
09:47:01 done 2022-skinamarink
09:47:03 done 2022-smile
09:47:16 done 2022-speak-no-evil
09:47:28 done 2022-talk-to-me
09:47:29 done 2022-x
09:47:30 done 2023-cobweb
09:47:44 done 2023-evil-dead-rise
09:47:58 done 2023-godzilla-minus-one
09:48:11 done 2023-late-night-with-the-devil
09:48:13 done 2023-sewu-dino
09:48:27 done 2023-starve-acre
09:48:40 done 2023-when-evil-lurks
09:48:42 done 2024-bramayugam
09:48:44 done 2024-exhuma
09:48:46 done 2024-heretic
09:48:59 done 2024-i-saw-the-tv-glow
09:49:13 done 2024-in-a-violent-nature
09:49:14 done 2024-longlegs
09:49:17 done 2024-nosferatu
09:49:31 done 2024-oddity
09:49:45 done 2024-the-first-omen
09:49:57 done 2024-the-substance
09:49:59 done 2025-bring-her-back
09:50:13 done 2025-sinners
09:50:15 done 2025-weapons
09:50:15 batch finished 482
09:56:40 done 1913-the-student-of-prague
09:56:40 done 1920-the-cabinet-of-dr-caligari
09:56:40 done 1920-the-golem
09:56:40 done 1922-h-xan
09:56:40 done 1922-nosferatu
09:56:40 done 1924-the-hands-of-orlac
09:56:40 done 1925-the-phantom-of-the-opera
09:56:40 done 1931-dr-jekyll-and-mr-hyde
09:56:40 done 1931-dracula
09:56:40 done 1931-frankenstein
09:56:40 done 1932-freaks
09:56:40 done 1932-island-of-lost-souls
09:56:40 done 1932-the-mummy
09:56:40 done 1932-the-old-dark-house
09:56:40 done 1932-vampyr
09:56:40 done 1932-white-zombie
09:56:40 done 1933-king-kong
09:56:40 done 1933-the-invisible-man
09:56:40 done 1934-the-black-cat
09:56:40 done 1935-bride-of-frankenstein
09:56:40 done 1941-the-wolf-man
09:56:40 done 1942-cat-people
09:56:40 done 1943-i-walked-with-a-zombie
09:56:40 done 1943-the-seventh-victim
09:56:40 done 1944-the-uninvited
09:56:40 done 1945-dead-of-night
09:56:40 done 1945-the-picture-of-dorian-gray
09:56:40 done 1949-mahal
09:56:40 done 1953-ugetsu
09:56:40 done 1954-creature-from-the-black-lagoon
09:56:40 done 1954-godzilla
09:56:40 done 1954-them
09:56:40 done 1955-les-diaboliques
09:56:40 done 1956-invasion-of-the-body-snatchers
09:56:40 done 1957-night-of-the-demon
09:56:40 done 1957-the-curse-of-frankenstein
09:56:40 done 1958-dracula-horror-of-dracula
09:56:49 done 1958-sumpah-orang-minyak
09:56:49 done 1958-the-blob
09:56:49 done 1958-the-fly
09:56:49 done 1959-house-on-haunted-hill
09:56:49 done 1960-black-sunday
09:56:49 done 1960-eyes-without-a-face
09:56:49 done 1960-house-of-usher
09:56:49 done 1960-jigoku
09:56:49 done 1960-peeping-tom
09:56:49 done 1960-psycho
09:56:49 done 1960-the-housemaid
09:56:49 done 1960-village-of-the-damned
09:56:49 done 1961-the-innocents
09:56:49 done 1961-the-pit-and-the-pendulum
09:56:49 done 1962-bees-saal-baad
09:56:49 done 1962-carnival-of-souls
09:56:49 done 1962-night-of-the-eagle
09:56:49 done 1963-black-sabbath
09:56:49 done 1963-matango
09:56:49 done 1963-the-birds
09:56:49 done 1963-the-haunting
09:56:49 done 1964-at-midnight-i-ll-take-your-soul
09:56:49 done 1964-blood-and-black-lace
09:56:49 done 1964-kwaidan
09:56:49 done 1964-onibaba
09:56:49 done 1964-the-masque-of-the-red-death
09:56:49 done 1965-repulsion
09:56:49 done 1966-kill-baby-kill
09:56:49 done 1967-viy
09:56:49 done 1968-hour-of-the-wolf
09:56:49 done 1968-kuroneko
09:56:49 done 1968-night-of-the-living-dead
09:56:49 done 1968-rosemary-s-baby
09:56:49 done 1968-the-devil-rides-out
09:56:49 done 1968-witchfinder-general
09:56:49 done 1969-the-cremator
09:56:49 done 1970-valerie-and-her-week-of-wonders
09:56:59 done 1971-a-bay-of-blood
09:56:59 done 1971-blood-on-satan-s-claw
09:56:59 done 1971-daughters-of-darkness
09:56:59 done 1971-let-s-scare-jessica-to-death
09:56:59 done 1972-don-t-torture-a-duckling
09:56:59 done 1972-sisters
09:56:59 done 1972-the-last-house-on-the-left
09:56:59 done 1972-the-other
09:56:59 done 1972-tombs-of-the-blind-dead
09:56:59 done 1973-don-t-look-now
09:56:59 done 1973-ganja-hess
09:56:59 done 1973-lisa-and-the-devil
09:56:59 done 1973-messiah-of-evil
09:56:59 done 1973-the-exorcist
09:56:59 done 1973-the-legend-of-hell-house
09:56:59 done 1973-the-wicker-man
09:56:59 done 1974-black-christmas
09:56:59 done 1974-deathdream
09:56:59 done 1974-it-s-alive
09:56:59 done 1974-the-texas-chain-saw-massacre
09:56:59 done 1975-deep-red
09:56:59 done 1975-jaws
09:56:59 done 1975-picnic-at-hanging-rock
09:56:59 done 1975-shivers
09:56:59 done 1975-the-stepford-wives
09:56:59 done 1976-burnt-offerings
09:56:59 done 1976-carrie
09:56:59 done 1976-the-house-with-laughing-windows
09:56:59 done 1976-the-omen
09:56:59 done 1976-who-can-kill-a-child
09:56:59 done 1977-alucarda
09:56:59 done 1977-eraserhead
09:56:59 done 1977-house-hausu
09:56:59 done 1977-martin
09:56:59 done 1977-rabid
09:56:59 done 1977-suspiria
09:56:59 done 1977-the-hills-have-eyes
09:56:59 done 1977-the-sentinel
09:56:59 done 1978-dawn-of-the-dead
09:56:59 done 1978-halloween
09:56:59 done 1978-invasion-of-the-body-snatchers
09:56:59 done 1978-long-weekend
09:56:59 done 1978-magic
09:56:59 done 1978-the-shout
09:56:59 done 1979-alien
09:56:59 done 1979-nosferatu-the-vampyre
09:56:59 done 1979-phantasm
09:57:07 done 1979-salem-s-lot
09:57:07 done 1979-the-amityville-horror
09:57:07 done 1979-the-brood
09:57:07 done 1979-tourist-trap
09:57:07 done 1979-zombi-2
09:57:07 done 1980-cannibal-holocaust
09:57:07 done 1980-city-of-the-living-dead
09:57:07 done 1980-friday-the-13th
09:57:07 done 1980-inferno
09:57:07 done 1980-prom-night
09:57:07 done 1980-the-changeling
09:57:07 done 1980-the-fog
09:57:07 done 1980-the-shining
09:57:07 done 1981-an-american-werewolf-in-london
09:57:07 done 1981-ghost-story
09:57:07 done 1981-my-bloody-valentine
09:57:07 done 1981-mystics-in-bali
09:57:07 done 1981-possession
09:57:07 done 1981-scanners
09:57:07 done 1981-the-beyond
09:57:07 done 1981-the-evil-dead
09:57:07 done 1981-the-howling
09:57:07 done 1981-the-queen-of-black-magic
09:57:07 done 1982-cat-people
09:57:07 done 1982-next-of-kin
09:57:07 done 1982-poltergeist
09:57:13 done 1982-satan-s-slave
09:57:13 done 1982-tenebrae
09:57:13 done 1982-the-entity
09:57:13 done 1982-the-thing
09:57:13 done 1983-christine
09:57:13 done 1983-cujo
09:57:13 done 1983-sleepaway-camp
09:57:13 done 1983-the-dead-zone
09:57:13 done 1983-the-hunger
09:57:13 done 1983-videodrome
09:57:13 done 1984-a-nightmare-on-elm-street
09:57:13 done 1984-children-of-the-corn
09:57:13 done 1984-gremlins
09:57:13 done 1984-purana-mandir
09:57:13 done 1984-razorback
09:57:13 done 1984-shake-rattle-roll
09:57:13 done 1984-the-company-of-wolves
09:57:13 done 1985-day-of-the-dead
09:57:13 done 1985-demons
09:57:13 done 1985-fright-night
09:57:13 done 1985-lifeforce
09:57:13 done 1985-mr-vampire
09:57:13 done 1985-phenomena
09:57:13 done 1985-re-animator
09:57:13 done 1985-the-return-of-the-living-dead
09:57:13 done 1986-aliens
09:57:13 done 1986-from-beyond
09:57:13 done 1986-the-fly
09:57:13 done 1987-a-chinese-ghost-story
09:57:13 done 1987-angel-heart
09:57:13 done 1987-evil-dead-ii
09:57:13 done 1987-hellraiser
09:57:13 done 1987-near-dark
09:57:13 done 1987-opera
09:57:13 done 1987-prince-of-darkness
09:57:13 done 1987-the-gate
09:57:13 done 1987-the-lost-boys
09:57:13 done 1988-beetlejuice
09:57:13 done 1988-child-s-play
09:57:13 done 1988-lady-terminator
09:57:13 done 1988-night-of-the-demons
09:57:13 done 1988-paperhouse
09:57:13 done 1988-pumpkinhead
09:57:13 done 1988-the-serpent-and-the-rainbow
09:57:13 done 1988-they-live
09:57:13 done 1988-veerana
09:57:13 done 1989-pet-sematary
09:57:13 done 1989-santa-sangre
09:57:13 done 1989-society
09:57:13 done 1989-sweet-home
09:57:13 done 1989-tetsuo-the-iron-man
09:57:13 done 1990-jacob-s-ladder
09:57:13 done 1990-misery
09:57:13 done 1990-tremors
09:57:13 done 1991-the-people-under-the-stairs
09:57:13 done 1991-the-silence-of-the-lambs
09:57:13 done 1992-braindead
09:57:13 done 1992-bram-stoker-s-dracula
09:57:13 done 1992-candyman
09:57:13 done 1992-ghostwatch
09:57:13 done 1992-raat
09:57:13 done 1993-cronos
09:57:13 done 1993-manichitrathazhu
09:57:13 done 1994-cemetery-man
09:57:13 done 1994-in-the-mouth-of-madness
09:57:13 done 1994-interview-with-the-vampire
09:57:13 done 1994-wes-craven-s-new-nightmare
09:57:13 done 1995-the-day-of-the-beast
09:57:13 done 1996-from-dusk-till-dawn
09:57:13 done 1996-scream
09:57:13 done 1996-the-craft
09:57:13 done 1996-thesis
09:57:13 done 1997-cube
09:57:13 done 1997-cure
09:57:13 done 1997-event-horizon
09:57:13 done 1997-funny-games
09:57:47 done 1997-perfect-blue
09:57:47 done 1998-ringu
09:57:47 done 1998-whispering-corridors
09:57:47 done 1999-audition
09:57:47 done 1999-nang-nak
09:57:47 done 1999-ravenous
09:57:47 done 1999-sleepy-hollow
09:57:47 done 1999-stir-of-echoes
09:57:47 done 1999-the-blair-witch-project
09:57:47 done 1999-the-ninth-gate
09:57:47 done 1999-the-sixth-sense
09:57:47 done 2000-final-destination
09:57:47 done 2000-ginger-snaps
09:57:47 done 2000-uzumaki
09:57:47 done 2001-frailty
09:57:47 done 2001-jeepers-creepers
09:57:47 done 2001-pulse-kairo
09:57:47 done 2001-session-9
09:57:47 done 2001-the-devil-s-backbone
09:57:47 done 2001-the-others
09:57:47 done 2002-28-days-later
09:57:47 done 2002-dark-water
09:57:47 done 2002-dog-soldiers
09:57:53 done 2002-ju-on-the-grudge
09:57:53 done 2002-may
09:57:53 done 2002-phone
09:57:53 done 2002-the-eye
09:57:53 done 2002-the-ring
09:57:53 done 2003-a-tale-of-two-sisters
09:57:53 done 2003-bhoot
09:57:53 done 2003-high-tension
09:57:53 done 2003-house-of-1000-corpses
09:57:53 done 2003-one-missed-call
09:57:53 done 2004-art-of-the-devil
09:57:53 done 2004-calvaire
09:57:53 done 2004-dawn-of-the-dead
09:57:53 done 2004-dumplings
09:57:53 done 2004-feng-shui
09:57:53 done 2004-marebito
09:57:53 done 2004-pontianak-harum-sundal-malam
09:57:53 done 2004-r-point
09:57:53 done 2004-saw
09:57:53 done 2004-shaun-of-the-dead
09:57:53 done 2004-shutter
09:57:53 done 2004-the-village
09:57:53 done 2005-hostel
09:57:53 done 2005-noroi-the-curse
09:57:53 done 2005-the-descent
09:57:53 done 2005-the-exorcism-of-emily-rose
09:57:53 done 2005-the-heirloom
09:57:53 done 2005-wolf-creek
09:58:00 done 2006-dabbe
09:58:08 done 2006-km-31
09:58:08 done 2006-kuntilanak
09:58:08 done 2006-pan-s-labyrinth
09:58:08 done 2006-silent-hill
09:58:08 done 2006-slither
09:58:08 done 2006-the-host
09:58:08 done 2006-them-ils
09:58:08 done 2007-1408
09:58:08 done 2007-30-days-of-night
09:58:08 done 2007-bhool-bhulaiyaa
09:58:08 done 2007-carved
09:58:08 done 2007-frontier-s
09:58:08 done 2007-hansel-and-gretel
09:58:08 done 2007-inside
09:58:08 done 2007-jangan-pandang-belakang
09:58:08 done 2007-paranormal-activity
09:58:08 done 2007-rec
09:58:08 done 2007-the-mist
09:58:08 done 2007-the-orphanage
09:58:08 done 2007-trick-r-treat
09:58:08 done 2008-coming-soon
09:58:08 done 2008-eden-lake
09:58:08 done 2008-lake-mungo
09:58:08 done 2008-let-the-right-one-in
09:58:08 done 2008-martyrs
09:58:08 done 2008-pontypool
09:58:08 done 2008-the-strangers
09:58:08 done 2009-13b
09:58:08 done 2009-antichrist
09:58:08 done 2009-coraline
09:58:08 done 2009-dead-snow
09:58:08 done 2009-drag-me-to-hell
09:58:08 done 2009-jennifer-s-body
09:58:08 done 2009-macabre
09:58:08 done 2009-orphan
09:58:08 done 2009-splice
09:58:08 done 2009-the-house-of-the-devil
09:58:08 done 2009-the-loved-ones
09:58:08 done 2009-thirst
09:58:08 done 2009-triangle
09:58:08 done 2010-black-swan
09:58:14 done 2010-hantu-kak-limah-balik-rumah
09:58:14 done 2010-insidious
09:58:21 done 2010-rare-exports
09:58:21 done 2010-trollhunter
09:58:21 done 2010-we-are-what-we-are
09:58:21 done 2011-23-59
09:58:21 done 2011-juan-of-the-dead
09:58:21 done 2011-kill-list
09:58:21 done 2011-the-awakening
09:58:21 done 2011-the-cabin-in-the-woods
09:58:21 done 2011-the-innkeepers
09:58:21 done 2011-you-re-next
09:58:21 done 2012-byzantium
09:58:28 done 2012-corazon-the-first-aswang
09:58:28 done 2012-here-comes-the-devil
09:58:28 done 2012-sinister
09:58:28 done 2012-the-woman-in-black
09:58:28 done 2013-a-field-in-england
09:58:28 done 2013-djinn
09:58:28 done 2013-evil-dead
09:58:28 done 2013-mama
09:58:28 done 2013-oculus
09:58:28 done 2013-pee-mak
09:58:28 done 2013-rigor-mortis
09:58:28 done 2013-the-conjuring
09:58:28 done 2013-under-the-skin
09:58:28 done 2014-a-girl-walks-home-alone-at-night
09:58:28 done 2014-goodnight-mommy
09:58:28 done 2014-housebound
09:58:28 done 2014-it-follows
09:58:35 done 2014-siccin
09:58:35 done 2014-the-babadook
09:58:35 done 2014-the-canal
09:58:35 done 2014-the-taking-of-deborah-logan
09:58:35 done 2014-what-we-do-in-the-shadows
09:58:35 done 2015-baskin
09:58:35 done 2015-bone-tomahawk
09:58:35 done 2015-demon
09:58:35 done 2015-green-room
09:58:35 done 2015-the-blackcoat-s-daughter
09:58:35 done 2015-the-hallow
09:58:35 done 2015-the-invitation
09:58:35 done 2015-the-lure
09:58:35 done 2015-the-tag-along
09:58:35 done 2015-the-visit
09:58:35 done 2015-the-witch
09:58:35 done 2016-don-t-breathe
09:58:35 done 2016-hush
09:58:35 done 2016-lights-out
09:58:35 done 2016-munafik
09:58:35 done 2016-personal-shopper
09:58:35 done 2016-raw
09:58:35 done 2016-seklusyon
09:58:35 done 2016-the-autopsy-of-jane-doe
09:58:35 done 2016-the-eyes-of-my-mother
09:58:35 done 2016-the-girl-with-all-the-gifts
09:58:35 done 2016-the-housemaid
09:58:35 done 2016-the-love-witch
09:58:35 done 2016-the-untamed
09:58:35 done 2016-the-void
09:58:35 done 2016-the-wailing
09:58:35 done 2016-train-to-busan
09:58:35 done 2016-under-the-shadow
09:58:35 done 2017-errementari
09:58:35 done 2017-ezra
09:58:35 done 2017-get-out
09:58:35 done 2017-ghost-stories
09:58:35 done 2017-good-manners
09:58:35 done 2017-hagazussa
09:59:13 done 2017-it
09:59:13 done 2017-it-comes-at-night
09:59:13 done 2017-mother
09:59:13 done 2017-one-cut-of-the-dead
09:59:13 done 2017-pyewacket
09:59:13 done 2017-satan-s-slaves
09:59:13 done 2017-terrified
09:59:13 done 2017-the-killing-of-a-sacred-deer
09:59:13 done 2017-the-ritual
09:59:13 done 2017-thelma
09:59:13 done 2017-tigers-are-not-afraid
09:59:13 done 2017-veronica
09:59:13 done 2018-a-quiet-place
09:59:13 done 2018-annihilation
09:59:13 done 2018-apostle
09:59:13 done 2018-border
09:59:13 done 2018-climax
09:59:13 done 2018-dachra
09:59:20 done 2018-dukun
09:59:20 done 2018-eerie
09:59:20 done 2018-gonjiam-haunted-asylum
09:59:20 done 2018-hereditary
09:59:20 done 2018-in-fabric
09:59:20 done 2018-mandy
09:59:20 done 2018-may-the-devil-take-you
09:59:20 done 2018-pari
09:59:20 done 2018-possum
09:59:20 done 2018-stree
09:59:20 done 2018-suspiria
09:59:26 done 2018-the-nightshifter
09:59:26 done 2018-the-wind
09:59:26 done 2018-the-wolf-house
09:59:26 done 2018-tumbbad
09:59:26 done 2019-atlantics
09:59:26 done 2019-color-out-of-space
09:59:26 done 2019-detention
09:59:26 done 2019-impetigore
09:59:26 done 2019-la-llorona
09:59:26 done 2019-midsommar
09:59:26 done 2019-ready-or-not
09:59:26 done 2019-roh
09:59:26 done 2019-saint-maud
09:59:26 done 2019-svaha-the-sixth-finger
09:59:26 done 2019-the-hole-in-the-ground
09:59:26 done 2019-the-lighthouse
09:59:26 done 2019-the-platform
09:59:26 done 2019-us
09:59:26 done 2019-vivarium
09:59:26 done 2020-bulbbul
09:59:26 done 2020-gretel-hansel
09:59:26 done 2020-his-house
09:59:26 done 2020-host
09:59:26 done 2020-kandisha
09:59:26 done 2020-possessor
09:59:26 done 2020-relic
09:59:26 done 2020-the-dark-and-the-wicked
09:59:26 done 2020-the-invisible-man
09:59:26 done 2020-the-night-house
09:59:26 done 2021-antlers
09:59:26 done 2021-candyman
09:59:26 done 2021-censor
09:59:26 done 2021-gaia
09:59:26 done 2021-good-madam
09:59:26 done 2021-lamb
09:59:26 done 2021-malignant
09:59:26 done 2021-saloum
09:59:26 done 2021-the-black-phone
09:59:26 done 2021-the-innocents
09:59:26 done 2021-the-medium
09:59:26 done 2021-the-sadness
09:59:26 done 2021-titane
09:59:26 done 2021-you-are-not-my-mother
09:59:26 done 2022-barbarian
09:59:26 done 2022-bhoothakaalam
09:59:26 done 2022-bones-and-all
09:59:26 done 2022-crimes-of-the-future
09:59:26 done 2022-enys-men
09:59:26 done 2022-fresh
09:59:26 done 2022-hatching
09:59:26 done 2022-huesera
09:59:26 done 2022-incantation
09:59:26 done 2022-kkn-di-desa-penari
09:59:26 done 2022-m3gan
09:59:26 done 2022-men
09:59:26 done 2022-nanny
09:59:26 done 2022-nope
09:59:26 done 2022-qodrat
09:59:26 done 2022-skinamarink
09:59:26 done 2022-smile
09:59:26 done 2022-speak-no-evil
09:59:26 done 2022-talk-to-me
09:59:26 done 2022-x
09:59:26 done 2023-cobweb
09:59:26 done 2023-evil-dead-rise
09:59:26 done 2023-godzilla-minus-one
09:59:26 done 2023-late-night-with-the-devil
09:59:26 done 2023-sewu-dino
09:59:26 done 2023-starve-acre
09:59:57 done 2023-tiger-stripes
09:59:57 done 2023-when-evil-lurks
09:59:57 done 2024-bramayugam
09:59:57 done 2024-exhuma
09:59:57 done 2024-heretic
09:59:57 done 2024-i-saw-the-tv-glow
09:59:57 done 2024-in-a-violent-nature
09:59:57 done 2024-longlegs
09:59:57 done 2024-nosferatu
09:59:57 done 2024-oddity
09:59:57 done 2024-the-first-omen
09:59:57 done 2024-the-substance
09:59:57 done 2025-bring-her-back
09:59:57 done 2025-sinners
09:59:57 done 2025-weapons
09:59:57 batch finished 498
14:30:47 done 1913-the-student-of-prague
14:30:47 done 1920-the-cabinet-of-dr-caligari
14:30:47 done 1920-the-golem
14:30:47 done 1922-h-xan
14:30:47 done 1922-nosferatu
14:30:47 done 1924-the-hands-of-orlac
14:30:47 done 1925-the-phantom-of-the-opera
14:30:47 done 1931-dr-jekyll-and-mr-hyde
14:30:47 done 1931-dracula
14:30:47 done 1931-frankenstein
14:30:47 done 1932-freaks
14:30:47 done 1932-island-of-lost-souls
14:30:47 done 1932-the-mummy
14:30:47 done 1932-the-old-dark-house
14:30:47 done 1932-vampyr
14:30:47 done 1932-white-zombie
14:30:47 done 1933-king-kong
14:30:47 done 1933-the-invisible-man
14:30:47 done 1934-the-black-cat
14:30:47 done 1935-bride-of-frankenstein
14:30:47 done 1941-the-wolf-man
14:30:47 done 1942-cat-people
14:30:47 done 1943-i-walked-with-a-zombie
14:30:47 done 1943-the-seventh-victim
14:30:47 done 1944-the-uninvited
14:30:47 done 1945-dead-of-night
14:30:47 done 1945-the-picture-of-dorian-gray
14:30:47 done 1949-mahal
14:30:47 done 1953-ugetsu
14:30:47 done 1954-creature-from-the-black-lagoon
14:30:47 done 1954-godzilla
14:30:47 done 1954-them
14:30:47 done 1955-les-diaboliques
14:30:47 done 1956-invasion-of-the-body-snatchers
14:30:47 done 1957-night-of-the-demon
14:30:47 done 1957-the-curse-of-frankenstein
14:30:47 done 1958-dracula-horror-of-dracula
14:30:47 done 1958-sumpah-orang-minyak
14:30:47 done 1958-the-blob
14:30:47 done 1958-the-fly
14:30:47 done 1959-house-on-haunted-hill
14:30:47 done 1960-black-sunday
14:30:47 done 1960-eyes-without-a-face
14:30:47 done 1960-house-of-usher
14:30:47 done 1960-jigoku
14:30:47 done 1960-peeping-tom
14:30:47 done 1960-psycho
14:30:47 done 1960-the-housemaid
14:30:47 done 1960-village-of-the-damned
14:30:47 done 1961-the-innocents
14:30:47 done 1961-the-pit-and-the-pendulum
14:30:47 done 1962-bees-saal-baad
14:30:47 done 1962-carnival-of-souls
14:30:47 done 1962-night-of-the-eagle
14:30:47 done 1963-black-sabbath
14:30:47 done 1963-matango
14:30:47 done 1963-the-birds
14:30:47 done 1963-the-haunting
14:30:47 done 1964-at-midnight-i-ll-take-your-soul
14:30:47 done 1964-blood-and-black-lace
14:30:47 done 1964-kwaidan
14:30:47 done 1964-onibaba
14:30:47 done 1964-the-masque-of-the-red-death
14:30:47 done 1965-repulsion
14:30:47 done 1966-kill-baby-kill
14:30:47 done 1967-viy
14:30:47 done 1968-hour-of-the-wolf
14:30:47 done 1968-kuroneko
14:30:47 done 1968-night-of-the-living-dead
14:30:47 done 1968-rosemary-s-baby
14:30:47 done 1968-the-devil-rides-out
14:30:47 done 1968-witchfinder-general
14:30:47 done 1969-the-cremator
14:30:47 done 1970-valerie-and-her-week-of-wonders
14:30:47 done 1971-a-bay-of-blood
14:30:47 done 1971-blood-on-satan-s-claw
14:30:47 done 1971-daughters-of-darkness
14:30:47 done 1971-let-s-scare-jessica-to-death
14:30:47 done 1972-don-t-torture-a-duckling
14:30:47 done 1972-sisters
14:30:47 done 1972-the-last-house-on-the-left
14:30:47 done 1972-the-other
14:30:47 done 1972-tombs-of-the-blind-dead
14:30:47 done 1973-don-t-look-now
14:30:47 done 1973-ganja-hess
14:30:47 done 1973-lisa-and-the-devil
14:30:47 done 1973-messiah-of-evil
14:30:47 done 1973-the-exorcist
14:30:47 done 1973-the-legend-of-hell-house
14:30:47 done 1973-the-wicker-man
14:30:47 done 1974-black-christmas
14:30:47 done 1974-deathdream
14:30:47 done 1974-it-s-alive
14:30:47 done 1974-the-texas-chain-saw-massacre
14:30:47 done 1975-deep-red
14:30:47 done 1975-jaws
14:30:47 done 1975-picnic-at-hanging-rock
14:30:47 done 1975-shivers
14:30:47 done 1975-the-stepford-wives
14:30:47 done 1976-burnt-offerings
14:30:47 done 1976-carrie
14:30:47 done 1976-the-house-with-laughing-windows
14:30:47 done 1976-the-omen
14:30:47 done 1976-who-can-kill-a-child
14:30:47 done 1977-alucarda
14:30:47 done 1977-eraserhead
14:30:47 done 1977-house-hausu
14:30:47 done 1977-martin
14:30:47 done 1977-rabid
14:30:47 done 1977-suspiria
14:30:47 done 1977-the-hills-have-eyes
14:30:47 done 1977-the-sentinel
14:30:47 done 1978-dawn-of-the-dead
14:30:47 done 1978-halloween
14:30:47 done 1978-invasion-of-the-body-snatchers
14:30:47 done 1978-long-weekend
14:30:47 done 1978-magic
14:30:47 done 1978-the-shout
14:30:47 done 1979-alien
14:30:47 done 1979-nosferatu-the-vampyre
14:30:47 done 1979-phantasm
14:30:47 done 1979-salem-s-lot
14:30:47 done 1979-the-amityville-horror
14:30:47 done 1979-the-brood
14:30:47 done 1979-tourist-trap
14:30:47 done 1979-zombi-2
14:30:47 done 1980-cannibal-holocaust
14:30:47 done 1980-city-of-the-living-dead
14:30:47 done 1980-friday-the-13th
14:30:47 done 1980-inferno
14:30:47 done 1980-prom-night
14:30:47 done 1980-the-changeling
14:30:47 done 1980-the-fog
14:30:47 done 1980-the-shining
14:30:47 done 1981-an-american-werewolf-in-london
14:30:47 done 1981-ghost-story
14:30:47 done 1981-my-bloody-valentine
14:30:47 done 1981-mystics-in-bali
14:30:47 done 1981-possession
14:30:47 done 1981-scanners
14:30:47 done 1981-the-beyond
14:30:47 done 1981-the-evil-dead
14:30:47 done 1981-the-howling
14:30:47 done 1981-the-queen-of-black-magic
14:30:47 done 1982-cat-people
14:30:47 done 1982-next-of-kin
14:30:47 done 1982-poltergeist
14:30:47 done 1982-satan-s-slave
14:30:47 done 1982-tenebrae
14:30:47 done 1982-the-entity
14:30:47 done 1982-the-thing
14:30:47 done 1983-christine
14:30:47 done 1983-cujo
14:30:47 done 1983-sleepaway-camp
14:30:47 done 1983-the-dead-zone
14:30:47 done 1983-the-hunger
14:30:47 done 1983-videodrome
14:30:47 done 1984-a-nightmare-on-elm-street
14:30:47 done 1984-children-of-the-corn
14:30:47 done 1984-gremlins
14:30:47 done 1984-purana-mandir
14:30:47 done 1984-razorback
14:30:47 done 1984-shake-rattle-roll
14:30:47 done 1984-the-company-of-wolves
14:30:47 done 1985-day-of-the-dead
14:30:47 done 1985-demons
14:30:47 done 1985-fright-night
14:30:47 done 1985-lifeforce
14:30:47 done 1985-mr-vampire
14:30:47 done 1985-phenomena
14:30:47 done 1985-re-animator
14:30:47 done 1985-the-return-of-the-living-dead
14:30:47 done 1986-aliens
14:30:47 done 1986-from-beyond
14:30:47 done 1986-the-fly
14:30:47 done 1987-a-chinese-ghost-story
14:30:47 done 1987-angel-heart
14:30:47 done 1987-evil-dead-ii
14:30:47 done 1987-hellraiser
14:30:47 done 1987-near-dark
14:30:47 done 1987-opera
14:30:47 done 1987-prince-of-darkness
14:30:47 done 1987-the-gate
14:30:47 done 1987-the-lost-boys
14:30:47 done 1988-beetlejuice
14:30:47 done 1988-child-s-play
14:30:47 done 1988-lady-terminator
14:30:47 done 1988-night-of-the-demons
14:30:47 done 1988-paperhouse
14:30:47 done 1988-pumpkinhead
14:30:47 done 1988-the-serpent-and-the-rainbow
14:30:47 done 1988-they-live
14:30:47 done 1988-veerana
14:30:47 done 1989-pet-sematary
14:30:47 done 1989-santa-sangre
14:30:47 done 1989-society
14:30:47 done 1989-sweet-home
14:30:47 done 1989-tetsuo-the-iron-man
14:30:47 done 1990-jacob-s-ladder
14:30:47 done 1990-misery
14:30:47 done 1990-tremors
14:30:47 done 1991-the-people-under-the-stairs
14:30:47 done 1991-the-silence-of-the-lambs
14:30:47 done 1992-braindead
14:30:47 done 1992-bram-stoker-s-dracula
14:30:47 done 1992-candyman
14:30:47 done 1992-ghostwatch
14:30:47 done 1992-raat
14:30:47 done 1993-cronos
14:30:47 done 1993-manichitrathazhu
14:30:47 done 1994-cemetery-man
14:30:47 done 1994-in-the-mouth-of-madness
14:30:47 done 1994-interview-with-the-vampire
14:30:47 done 1994-wes-craven-s-new-nightmare
14:30:47 done 1995-the-day-of-the-beast
14:30:47 done 1996-from-dusk-till-dawn
14:30:47 done 1996-scream
14:30:47 done 1996-the-craft
14:30:47 done 1996-thesis
14:30:47 done 1997-cube
14:30:47 done 1997-cure
14:30:47 done 1997-event-horizon
14:30:47 done 1997-funny-games
14:30:47 done 1997-perfect-blue
14:30:47 done 1998-ringu
14:30:47 done 1998-whispering-corridors
14:30:47 done 1999-audition
14:30:47 done 1999-nang-nak
14:30:47 done 1999-ravenous
14:30:47 done 1999-sleepy-hollow
14:30:47 done 1999-stir-of-echoes
14:30:47 done 1999-the-blair-witch-project
14:30:47 done 1999-the-ninth-gate
14:30:47 done 1999-the-sixth-sense
14:30:47 done 2000-final-destination
14:30:47 done 2000-ginger-snaps
14:30:47 done 2000-uzumaki
14:30:47 done 2001-frailty
14:30:47 done 2001-jeepers-creepers
14:30:47 done 2001-pulse-kairo
14:30:47 done 2001-session-9
14:30:47 done 2001-the-devil-s-backbone
14:30:47 done 2001-the-others
14:30:47 done 2002-28-days-later
14:30:47 done 2002-dark-water
14:30:47 done 2002-dog-soldiers
14:30:47 done 2002-ju-on-the-grudge
14:30:47 done 2002-may
14:30:47 done 2002-phone
14:30:47 done 2002-the-eye
14:30:47 done 2002-the-ring
14:30:47 done 2003-a-tale-of-two-sisters
14:30:47 done 2003-bhoot
14:30:47 done 2003-high-tension
14:30:47 done 2003-house-of-1000-corpses
14:30:47 done 2003-one-missed-call
14:30:47 done 2004-art-of-the-devil
14:30:47 done 2004-calvaire
14:30:47 done 2004-dawn-of-the-dead
14:30:47 done 2004-dumplings
14:30:47 done 2004-feng-shui
14:30:47 done 2004-marebito
14:30:47 done 2004-pontianak-harum-sundal-malam
14:30:47 done 2004-r-point
14:30:47 done 2004-saw
14:30:47 done 2004-shaun-of-the-dead
14:30:47 done 2004-shutter
14:30:47 done 2004-the-village
14:30:47 done 2005-hostel
14:30:47 done 2005-noroi-the-curse
14:30:47 done 2005-the-descent
14:30:47 done 2005-the-exorcism-of-emily-rose
14:30:47 done 2005-the-heirloom
14:30:47 done 2005-wolf-creek
14:30:47 done 2006-dabbe
14:30:47 done 2006-km-31
14:30:47 done 2006-kuntilanak
14:30:47 done 2006-pan-s-labyrinth
14:30:47 done 2006-silent-hill
14:30:47 done 2006-slither
14:30:47 done 2006-the-host
14:30:47 done 2006-them-ils
14:30:47 done 2007-1408
14:30:47 done 2007-30-days-of-night
14:30:47 done 2007-bhool-bhulaiyaa
14:30:47 done 2007-carved
14:30:47 done 2007-frontier-s
14:30:47 done 2007-hansel-and-gretel
14:30:47 done 2007-inside
14:30:47 done 2007-jangan-pandang-belakang
14:30:47 done 2007-paranormal-activity
14:30:47 done 2007-rec
14:30:47 done 2007-the-mist
14:30:47 done 2007-the-orphanage
14:30:47 done 2007-trick-r-treat
14:30:47 done 2008-coming-soon
14:30:47 done 2008-eden-lake
14:30:47 done 2008-lake-mungo
14:30:47 done 2008-let-the-right-one-in
14:30:47 done 2008-martyrs
14:30:47 done 2008-pontypool
14:30:47 done 2008-the-strangers
14:30:47 done 2009-13b
14:30:47 done 2009-antichrist
14:30:47 done 2009-coraline
14:30:47 done 2009-dead-snow
14:30:47 done 2009-drag-me-to-hell
14:30:47 done 2009-jennifer-s-body
14:30:47 done 2009-macabre
14:30:47 done 2009-orphan
14:30:47 done 2009-splice
14:30:47 done 2009-the-house-of-the-devil
14:30:47 done 2009-the-loved-ones
14:30:47 done 2009-thirst
14:30:47 done 2009-triangle
14:30:47 done 2010-black-swan
14:30:47 done 2010-hantu-kak-limah-balik-rumah
14:30:47 done 2010-insidious
14:30:47 done 2010-rare-exports
14:30:47 done 2010-trollhunter
14:30:47 done 2010-we-are-what-we-are
14:30:47 done 2011-23-59
14:30:47 done 2011-juan-of-the-dead
14:30:47 done 2011-kill-list
14:30:47 done 2011-the-awakening
14:30:47 done 2011-the-cabin-in-the-woods
14:30:47 done 2011-the-innkeepers
14:30:47 done 2011-you-re-next
14:30:47 done 2012-byzantium
14:30:47 done 2012-corazon-the-first-aswang
14:30:47 done 2012-here-comes-the-devil
14:30:47 done 2012-sinister
14:30:47 done 2012-the-woman-in-black
14:30:47 done 2013-a-field-in-england
14:30:47 done 2013-djinn
14:30:47 done 2013-evil-dead
14:30:47 done 2013-mama
14:30:47 done 2013-oculus
14:30:47 done 2013-pee-mak
14:30:47 done 2013-rigor-mortis
14:30:47 done 2013-the-conjuring
14:30:47 done 2013-under-the-skin
14:30:47 done 2014-a-girl-walks-home-alone-at-night
14:30:47 done 2014-goodnight-mommy
14:30:47 done 2014-housebound
14:30:47 done 2014-it-follows
14:30:47 done 2014-siccin
14:30:47 done 2014-the-babadook
14:30:47 done 2014-the-canal
14:30:47 done 2014-the-taking-of-deborah-logan
14:30:47 done 2014-what-we-do-in-the-shadows
14:30:47 done 2015-baskin
14:30:47 done 2015-bone-tomahawk
14:30:47 done 2015-demon
14:30:47 done 2015-green-room
14:30:47 done 2015-the-blackcoat-s-daughter
14:30:47 done 2015-the-hallow
14:30:47 done 2015-the-invitation
14:30:47 done 2015-the-lure
14:30:47 done 2015-the-tag-along
14:30:47 done 2015-the-visit
14:30:47 done 2015-the-witch
14:30:47 done 2016-don-t-breathe
14:30:47 done 2016-hush
14:30:47 done 2016-lights-out
14:30:47 done 2016-munafik
14:30:47 done 2016-personal-shopper
14:30:47 done 2016-raw
14:30:47 done 2016-seklusyon
14:30:47 done 2016-the-autopsy-of-jane-doe
14:30:47 done 2016-the-eyes-of-my-mother
14:30:47 done 2016-the-girl-with-all-the-gifts
14:30:47 done 2016-the-housemaid
14:30:47 done 2016-the-love-witch
14:30:47 done 2016-the-untamed
14:30:47 done 2016-the-void
14:30:47 done 2016-the-wailing
14:30:47 done 2016-train-to-busan
14:30:47 done 2016-under-the-shadow
14:30:47 done 2017-errementari
14:30:47 done 2017-ezra
14:30:47 done 2017-get-out
14:30:47 done 2017-ghost-stories
14:30:47 done 2017-good-manners
14:30:47 done 2017-hagazussa
14:30:47 done 2017-it
14:30:47 done 2017-it-comes-at-night
14:30:47 done 2017-mother
14:30:47 done 2017-one-cut-of-the-dead
14:30:47 done 2017-pyewacket
14:30:47 done 2017-satan-s-slaves
14:30:47 done 2017-terrified
14:30:47 done 2017-the-killing-of-a-sacred-deer
14:30:47 done 2017-the-ritual
14:30:47 done 2017-thelma
14:30:47 done 2017-tigers-are-not-afraid
14:30:47 done 2017-veronica
14:30:47 done 2018-a-quiet-place
14:30:47 done 2018-annihilation
14:30:47 done 2018-apostle
14:30:47 done 2018-border
14:30:47 done 2018-climax
14:30:47 done 2018-dachra
14:30:47 done 2018-dukun
14:30:47 done 2018-eerie
14:30:47 done 2018-gonjiam-haunted-asylum
14:30:47 done 2018-hereditary
14:30:47 done 2018-in-fabric
14:30:47 done 2018-mandy
14:30:47 done 2018-may-the-devil-take-you
14:30:47 done 2018-pari
14:30:47 done 2018-possum
14:30:47 done 2018-stree
14:30:47 done 2018-suspiria
14:30:47 done 2018-the-nightshifter
14:30:47 done 2018-the-wind
14:30:47 done 2018-the-wolf-house
14:30:47 done 2018-tumbbad
14:30:47 done 2019-atlantics
14:30:47 done 2019-color-out-of-space
14:30:47 done 2019-detention
14:30:47 done 2019-impetigore
14:30:47 done 2019-la-llorona
14:30:47 done 2019-midsommar
14:30:47 done 2019-ready-or-not
14:30:47 done 2019-roh
14:30:47 done 2019-saint-maud
14:30:47 done 2019-svaha-the-sixth-finger
14:30:47 done 2019-the-hole-in-the-ground
14:30:47 done 2019-the-lighthouse
14:30:47 done 2019-the-platform
14:30:47 done 2019-us
14:30:47 done 2019-vivarium
14:30:47 done 2020-bulbbul
14:30:47 done 2020-gretel-hansel
14:30:47 done 2020-his-house
14:30:47 done 2020-host
14:30:47 done 2020-kandisha
14:30:47 done 2020-possessor
14:30:47 done 2020-relic
14:30:47 done 2020-the-dark-and-the-wicked
14:30:47 done 2020-the-invisible-man
14:30:47 done 2020-the-night-house
14:30:47 done 2021-antlers
14:30:47 done 2021-candyman
14:30:47 done 2021-censor
14:30:47 done 2021-gaia
14:30:47 done 2021-good-madam
14:30:47 done 2021-lamb
14:30:47 done 2021-malignant
14:30:47 done 2021-saloum
14:30:47 done 2021-the-black-phone
14:30:47 done 2021-the-innocents
14:30:47 done 2021-the-medium
14:30:47 done 2021-the-sadness
14:30:47 done 2021-titane
14:30:47 done 2021-you-are-not-my-mother
14:30:47 done 2022-barbarian
14:30:47 done 2022-bhoothakaalam
14:30:47 done 2022-bones-and-all
14:30:47 done 2022-crimes-of-the-future
14:30:47 done 2022-enys-men
14:30:47 done 2022-fresh
14:30:47 done 2022-hatching
14:30:47 done 2022-huesera
14:30:47 done 2022-incantation
14:30:47 done 2022-kkn-di-desa-penari
14:30:47 done 2022-m3gan
14:30:47 done 2022-men
14:30:47 done 2022-nanny
14:30:47 done 2022-nope
14:30:47 done 2022-qodrat
14:30:47 done 2022-skinamarink
14:30:47 done 2022-smile
14:30:47 done 2022-speak-no-evil
14:30:47 done 2022-talk-to-me
14:30:47 done 2022-x
14:30:47 done 2023-cobweb
14:30:47 done 2023-evil-dead-rise
14:30:47 done 2023-godzilla-minus-one
14:30:47 done 2023-late-night-with-the-devil
14:30:47 done 2023-sewu-dino
14:30:47 done 2023-starve-acre
14:30:47 done 2023-tiger-stripes
14:30:47 done 2023-when-evil-lurks
14:30:47 done 2024-bramayugam
14:30:47 done 2024-exhuma
14:30:47 done 2024-heretic
14:30:47 done 2024-i-saw-the-tv-glow
14:30:47 done 2024-in-a-violent-nature
14:30:47 done 2024-longlegs
14:30:47 done 2024-nosferatu
14:30:47 done 2024-oddity
14:30:47 done 2024-the-first-omen
14:30:47 done 2024-the-substance
14:30:47 done 2025-bring-her-back
14:30:47 done 2025-sinners
14:30:47 done 2025-weapons
14:30:47 batch finished 498
15:06:31 done 1913-the-student-of-prague
15:06:31 done 1920-the-cabinet-of-dr-caligari
15:06:31 done 1920-the-golem
15:06:31 done 1922-h-xan
15:06:31 done 1922-nosferatu
15:06:31 done 1924-the-hands-of-orlac
15:06:31 done 1925-the-phantom-of-the-opera
15:06:31 done 1931-dr-jekyll-and-mr-hyde
15:06:31 done 1931-dracula
15:06:31 done 1931-frankenstein
15:06:31 done 1932-freaks
15:06:31 done 1932-island-of-lost-souls
15:06:31 done 1932-the-mummy
15:06:31 done 1932-the-old-dark-house
15:06:31 done 1932-vampyr
15:06:31 done 1932-white-zombie
15:06:31 done 1933-king-kong
15:06:31 done 1933-the-invisible-man
15:06:31 done 1934-the-black-cat
15:06:31 done 1935-bride-of-frankenstein
15:06:31 done 1941-the-wolf-man
15:06:31 done 1942-cat-people
15:06:31 done 1943-i-walked-with-a-zombie
15:06:31 done 1943-the-seventh-victim
15:06:31 done 1944-the-uninvited
15:06:31 done 1945-dead-of-night
15:06:31 done 1945-the-picture-of-dorian-gray
15:06:31 done 1949-mahal
15:06:31 done 1953-ugetsu
15:06:31 done 1954-creature-from-the-black-lagoon
15:06:31 done 1954-godzilla
15:06:31 done 1954-them
15:06:31 done 1955-les-diaboliques
15:06:31 done 1956-invasion-of-the-body-snatchers
15:06:31 done 1957-night-of-the-demon
15:06:31 done 1957-the-curse-of-frankenstein
15:06:31 done 1958-dracula-horror-of-dracula
15:06:31 done 1958-sumpah-orang-minyak
15:06:31 done 1958-the-blob
15:06:31 done 1958-the-fly
15:06:31 done 1959-house-on-haunted-hill
15:06:31 done 1960-black-sunday
15:06:31 done 1960-eyes-without-a-face
15:06:31 done 1960-house-of-usher
15:06:31 done 1960-jigoku
15:06:31 done 1960-peeping-tom
15:06:31 done 1960-psycho
15:06:31 done 1960-the-housemaid
15:06:31 done 1960-village-of-the-damned
15:06:31 done 1961-the-innocents
15:06:31 done 1961-the-pit-and-the-pendulum
15:06:31 done 1962-bees-saal-baad
15:06:31 done 1962-carnival-of-souls
15:06:31 done 1962-night-of-the-eagle
15:06:31 done 1963-black-sabbath
15:06:31 done 1963-matango
15:06:31 done 1963-the-birds
15:06:31 done 1963-the-haunting
15:06:31 done 1964-at-midnight-i-ll-take-your-soul
15:06:31 done 1964-blood-and-black-lace
15:06:31 done 1964-kwaidan
15:06:31 done 1964-onibaba
15:06:31 done 1964-the-masque-of-the-red-death
15:06:31 done 1965-repulsion
15:06:31 done 1966-kill-baby-kill
15:06:31 done 1967-viy
15:06:31 done 1968-hour-of-the-wolf
15:06:31 done 1968-kuroneko
15:06:31 done 1968-night-of-the-living-dead
15:06:31 done 1968-rosemary-s-baby
15:06:31 done 1968-the-devil-rides-out
15:06:31 done 1968-witchfinder-general
15:06:31 done 1969-the-cremator
15:06:31 done 1970-valerie-and-her-week-of-wonders
15:06:31 done 1971-a-bay-of-blood
15:06:31 done 1971-blood-on-satan-s-claw
15:06:31 done 1971-daughters-of-darkness
15:06:31 done 1971-let-s-scare-jessica-to-death
15:06:31 done 1972-don-t-torture-a-duckling
15:06:31 done 1972-sisters
15:06:31 done 1972-the-last-house-on-the-left
15:06:31 done 1972-the-other
15:06:31 done 1972-tombs-of-the-blind-dead
15:06:31 done 1973-don-t-look-now
15:06:31 done 1973-ganja-hess
15:06:31 done 1973-lisa-and-the-devil
15:06:31 done 1973-messiah-of-evil
15:06:31 done 1973-the-exorcist
15:06:31 done 1973-the-legend-of-hell-house
15:06:31 done 1973-the-wicker-man
15:06:31 done 1974-black-christmas
15:06:31 done 1974-deathdream
15:06:31 done 1974-it-s-alive
15:06:31 done 1974-the-texas-chain-saw-massacre
15:06:31 done 1975-deep-red
15:06:31 done 1975-jaws
15:06:31 done 1975-picnic-at-hanging-rock
15:06:31 done 1975-shivers
15:06:31 done 1975-the-stepford-wives
15:06:31 done 1976-burnt-offerings
15:06:31 done 1976-carrie
15:06:31 done 1976-the-house-with-laughing-windows
15:06:31 done 1976-the-omen
15:06:31 done 1976-who-can-kill-a-child
15:06:31 done 1977-alucarda
15:06:31 done 1977-eraserhead
15:06:31 done 1977-house-hausu
15:06:31 done 1977-martin
15:06:31 done 1977-rabid
15:06:31 done 1977-suspiria
15:06:31 done 1977-the-hills-have-eyes
15:06:31 done 1977-the-sentinel
15:06:31 done 1978-dawn-of-the-dead
15:06:31 done 1978-halloween
15:06:31 done 1978-invasion-of-the-body-snatchers
15:06:31 done 1978-long-weekend
15:06:31 done 1978-magic
15:06:31 done 1978-the-shout
15:06:31 done 1979-alien
15:06:31 done 1979-nosferatu-the-vampyre
15:06:31 done 1979-phantasm
15:06:31 done 1979-salem-s-lot
15:06:31 done 1979-the-amityville-horror
15:06:31 done 1979-the-brood
15:06:31 done 1979-tourist-trap
15:06:31 done 1979-zombi-2
15:06:31 done 1980-cannibal-holocaust
15:06:31 done 1980-city-of-the-living-dead
15:06:31 done 1980-friday-the-13th
15:06:31 done 1980-inferno
15:06:31 done 1980-prom-night
15:06:31 done 1980-the-changeling
15:06:31 done 1980-the-fog
15:06:31 done 1980-the-shining
15:06:31 done 1981-an-american-werewolf-in-london
15:06:31 done 1981-ghost-story
15:06:31 done 1981-my-bloody-valentine
15:06:31 done 1981-mystics-in-bali
15:06:31 done 1981-possession
15:06:31 done 1981-scanners
15:06:31 done 1981-the-beyond
15:06:31 done 1981-the-evil-dead
15:06:31 done 1981-the-howling
15:06:31 done 1981-the-queen-of-black-magic
15:06:31 done 1982-cat-people
15:06:31 done 1982-next-of-kin
15:06:31 done 1982-poltergeist
15:06:31 done 1982-satan-s-slave
15:06:31 done 1982-tenebrae
15:06:31 done 1982-the-entity
15:06:31 done 1982-the-thing
15:06:31 done 1983-christine
15:06:31 done 1983-cujo
15:06:31 done 1983-sleepaway-camp
15:06:31 done 1983-the-dead-zone
15:06:31 done 1983-the-hunger
15:06:31 done 1983-videodrome
15:06:31 done 1984-a-nightmare-on-elm-street
15:06:31 done 1984-children-of-the-corn
15:06:31 done 1984-gremlins
15:06:31 done 1984-purana-mandir
15:06:31 done 1984-razorback
15:06:31 done 1984-shake-rattle-roll
15:06:31 done 1984-the-company-of-wolves
15:06:31 done 1985-day-of-the-dead
15:06:31 done 1985-demons
15:06:31 done 1985-fright-night
15:06:31 done 1985-lifeforce
15:06:31 done 1985-mr-vampire
15:06:31 done 1985-phenomena
15:06:31 done 1985-re-animator
15:06:31 done 1985-the-return-of-the-living-dead
15:06:31 done 1986-aliens
15:06:31 done 1986-from-beyond
15:06:31 done 1986-the-fly
15:06:31 done 1987-a-chinese-ghost-story
15:06:31 done 1987-angel-heart
15:06:31 done 1987-evil-dead-ii
15:06:31 done 1987-hellraiser
15:06:31 done 1987-near-dark
15:06:31 done 1987-opera
15:06:31 done 1987-prince-of-darkness
15:06:31 done 1987-the-gate
15:06:31 done 1987-the-lost-boys
15:06:31 done 1988-beetlejuice
15:06:31 done 1988-child-s-play
15:06:31 done 1988-lady-terminator
15:06:31 done 1988-night-of-the-demons
15:06:31 done 1988-paperhouse
15:06:31 done 1988-pumpkinhead
15:06:31 done 1988-the-serpent-and-the-rainbow
15:06:31 done 1988-they-live
15:06:31 done 1988-veerana
15:06:31 done 1989-pet-sematary
15:06:31 done 1989-santa-sangre
15:06:31 done 1989-society
15:06:31 done 1989-sweet-home
15:06:31 done 1989-tetsuo-the-iron-man
15:06:31 done 1990-jacob-s-ladder
15:06:31 done 1990-misery
15:06:31 done 1990-tremors
15:06:31 done 1991-the-people-under-the-stairs
15:06:31 done 1991-the-silence-of-the-lambs
15:06:31 done 1992-braindead
15:06:31 done 1992-bram-stoker-s-dracula
15:06:31 done 1992-candyman
15:06:31 done 1992-ghostwatch
15:06:31 done 1992-raat
15:06:31 done 1993-cronos
15:06:31 done 1993-manichitrathazhu
15:06:31 done 1994-cemetery-man
15:06:31 done 1994-in-the-mouth-of-madness
15:06:31 done 1994-interview-with-the-vampire
15:06:31 done 1994-wes-craven-s-new-nightmare
15:06:31 done 1995-the-day-of-the-beast
15:06:31 done 1996-from-dusk-till-dawn
15:06:31 done 1996-scream
15:06:31 done 1996-the-craft
15:06:31 done 1996-thesis
15:06:31 done 1997-cube
15:06:31 done 1997-cure
15:06:31 done 1997-event-horizon
15:06:31 done 1997-funny-games
15:06:31 done 1997-perfect-blue
15:06:31 done 1998-ringu
15:06:31 done 1998-whispering-corridors
15:06:31 done 1999-audition
15:06:31 done 1999-nang-nak
15:06:31 done 1999-ravenous
15:06:31 done 1999-sleepy-hollow
15:06:31 done 1999-stir-of-echoes
15:06:31 done 1999-the-blair-witch-project
15:06:31 done 1999-the-ninth-gate
15:06:31 done 1999-the-sixth-sense
15:06:31 done 2000-final-destination
15:06:31 done 2000-ginger-snaps
15:06:31 done 2000-uzumaki
15:06:31 done 2001-frailty
15:06:31 done 2001-jeepers-creepers
15:06:31 done 2001-pulse-kairo
15:06:31 done 2001-session-9
15:06:31 done 2001-the-devil-s-backbone
15:06:31 done 2001-the-others
15:06:31 done 2002-28-days-later
15:06:31 done 2002-dark-water
15:06:31 done 2002-dog-soldiers
15:06:31 done 2002-ju-on-the-grudge
15:06:31 done 2002-may
15:06:31 done 2002-phone
15:06:31 done 2002-the-eye
15:06:31 done 2002-the-ring
15:06:31 done 2003-a-tale-of-two-sisters
15:06:31 done 2003-bhoot
15:06:31 done 2003-high-tension
15:06:31 done 2003-house-of-1000-corpses
15:06:31 done 2003-one-missed-call
15:06:31 done 2004-art-of-the-devil
15:06:31 done 2004-calvaire
15:06:31 done 2004-dawn-of-the-dead
15:06:31 done 2004-dumplings
15:06:31 done 2004-feng-shui
15:06:31 done 2004-marebito
15:06:31 done 2004-pontianak-harum-sundal-malam
15:06:31 done 2004-r-point
15:06:31 done 2004-saw
15:06:31 done 2004-shaun-of-the-dead
15:06:31 done 2004-shutter
15:06:31 done 2004-the-village
15:06:31 done 2005-hostel
15:06:31 done 2005-noroi-the-curse
15:06:31 done 2005-the-descent
15:06:31 done 2005-the-exorcism-of-emily-rose
15:06:31 done 2005-the-heirloom
15:06:31 done 2005-wolf-creek
15:06:31 done 2006-dabbe
15:06:31 done 2006-km-31
15:06:31 done 2006-kuntilanak
15:06:31 done 2006-pan-s-labyrinth
15:06:31 done 2006-silent-hill
15:06:31 done 2006-slither
15:06:31 done 2006-the-host
15:06:31 done 2006-them-ils
15:06:31 done 2007-1408
15:06:31 done 2007-30-days-of-night
15:06:31 done 2007-bhool-bhulaiyaa
15:06:31 done 2007-carved
15:06:31 done 2007-frontier-s
15:06:31 done 2007-hansel-and-gretel
15:06:31 done 2007-inside
15:06:31 done 2007-jangan-pandang-belakang
15:06:31 done 2007-paranormal-activity
15:06:31 done 2007-rec
15:06:31 done 2007-the-mist
15:06:31 done 2007-the-orphanage
15:06:31 done 2007-trick-r-treat
15:06:31 done 2008-coming-soon
15:06:31 done 2008-eden-lake
15:06:31 done 2008-lake-mungo
15:06:31 done 2008-let-the-right-one-in
15:06:31 done 2008-martyrs
15:06:31 done 2008-pontypool
15:06:31 done 2008-the-strangers
15:06:31 done 2009-13b
15:06:31 done 2009-antichrist
15:06:31 done 2009-coraline
15:06:31 done 2009-dead-snow
15:06:31 done 2009-drag-me-to-hell
15:06:31 done 2009-jennifer-s-body
15:06:31 done 2009-macabre
15:06:31 done 2009-orphan
15:06:31 done 2009-splice
15:06:31 done 2009-the-house-of-the-devil
15:06:31 done 2009-the-loved-ones
15:06:31 done 2009-thirst
15:06:31 done 2009-triangle
15:06:31 done 2010-black-swan
15:06:31 done 2010-hantu-kak-limah-balik-rumah
15:06:31 done 2010-insidious
15:06:31 done 2010-rare-exports
15:06:31 done 2010-trollhunter
15:06:31 done 2010-we-are-what-we-are
15:06:31 done 2011-23-59
15:06:31 done 2011-juan-of-the-dead
15:06:31 done 2011-kill-list
15:06:31 done 2011-the-awakening
15:06:31 done 2011-the-cabin-in-the-woods
15:06:31 done 2011-the-innkeepers
15:06:31 done 2011-you-re-next
15:06:31 done 2012-byzantium
15:06:31 done 2012-corazon-the-first-aswang
15:06:31 done 2012-here-comes-the-devil
15:06:31 done 2012-sinister
15:06:31 done 2012-the-woman-in-black
15:06:31 done 2013-a-field-in-england
15:06:31 done 2013-djinn
15:06:31 done 2013-evil-dead
15:06:31 done 2013-mama
15:06:31 done 2013-oculus
15:06:31 done 2013-pee-mak
15:06:31 done 2013-rigor-mortis
15:06:31 done 2013-the-conjuring
15:06:31 done 2013-under-the-skin
15:06:31 done 2014-a-girl-walks-home-alone-at-night
15:06:31 done 2014-goodnight-mommy
15:06:31 done 2014-housebound
15:06:31 done 2014-it-follows
15:06:31 done 2014-siccin
15:06:31 done 2014-the-babadook
15:06:31 done 2014-the-canal
15:06:31 done 2014-the-taking-of-deborah-logan
15:06:31 done 2014-what-we-do-in-the-shadows
15:06:31 done 2015-baskin
15:06:31 done 2015-bone-tomahawk
15:06:31 done 2015-demon
15:06:31 done 2015-green-room
15:06:31 done 2015-the-blackcoat-s-daughter
15:06:31 done 2015-the-hallow
15:06:31 done 2015-the-invitation
15:06:31 done 2015-the-lure
15:06:31 done 2015-the-tag-along
15:06:31 done 2015-the-visit
15:06:31 done 2015-the-witch
15:06:31 done 2016-don-t-breathe
15:06:31 done 2016-hush
15:06:31 done 2016-lights-out
15:06:31 done 2016-munafik
15:06:31 done 2016-personal-shopper
15:06:31 done 2016-raw
15:06:31 done 2016-seklusyon
15:06:31 done 2016-the-autopsy-of-jane-doe
15:06:31 done 2016-the-eyes-of-my-mother
15:06:31 done 2016-the-girl-with-all-the-gifts
15:06:31 done 2016-the-housemaid
15:06:31 done 2016-the-love-witch
15:06:31 done 2016-the-untamed
15:06:31 done 2016-the-void
15:06:31 done 2016-the-wailing
15:06:31 done 2016-train-to-busan
15:06:31 done 2016-under-the-shadow
15:06:31 done 2017-errementari
15:06:31 done 2017-ezra
15:06:31 done 2017-get-out
15:06:31 done 2017-ghost-stories
15:06:31 done 2017-good-manners
15:06:31 done 2017-hagazussa
15:06:31 done 2017-it
15:06:31 done 2017-it-comes-at-night
15:06:31 done 2017-mother
15:06:31 done 2017-one-cut-of-the-dead
15:06:31 done 2017-pyewacket
15:06:31 done 2017-satan-s-slaves
15:06:31 done 2017-terrified
15:06:31 done 2017-the-killing-of-a-sacred-deer
15:06:31 done 2017-the-ritual
15:06:31 done 2017-thelma
15:06:31 done 2017-tigers-are-not-afraid
15:06:31 done 2017-veronica
15:06:31 done 2018-a-quiet-place
15:06:31 done 2018-annihilation
15:06:31 done 2018-apostle
15:06:31 done 2018-border
15:06:31 done 2018-climax
15:06:31 done 2018-dachra
15:06:31 done 2018-dukun
15:06:31 done 2018-eerie
15:06:31 done 2018-gonjiam-haunted-asylum
15:06:31 done 2018-hereditary
15:06:31 done 2018-in-fabric
15:06:31 done 2018-mandy
15:06:31 done 2018-may-the-devil-take-you
15:06:31 done 2018-pari
15:06:31 done 2018-possum
15:06:31 done 2018-stree
15:06:31 done 2018-suspiria
15:06:31 done 2018-the-nightshifter
15:06:31 done 2018-the-wind
15:06:31 done 2018-the-wolf-house
15:06:31 done 2018-tumbbad
15:06:31 done 2019-atlantics
15:06:31 done 2019-color-out-of-space
15:06:31 done 2019-detention
15:06:31 done 2019-impetigore
15:06:31 done 2019-la-llorona
15:06:31 done 2019-midsommar
15:06:31 done 2019-ready-or-not
15:06:31 done 2019-roh
15:06:31 done 2019-saint-maud
15:06:31 done 2019-svaha-the-sixth-finger
15:06:31 done 2019-the-hole-in-the-ground
15:06:31 done 2019-the-lighthouse
15:06:31 done 2019-the-platform
15:06:31 done 2019-us
15:06:31 done 2019-vivarium
15:06:31 done 2020-bulbbul
15:06:31 done 2020-gretel-hansel
15:06:31 done 2020-his-house
15:06:31 done 2020-host
15:06:31 done 2020-kandisha
15:06:31 done 2020-possessor
15:06:31 done 2020-relic
15:06:31 done 2020-the-dark-and-the-wicked
15:06:31 done 2020-the-invisible-man
15:06:31 done 2020-the-night-house
15:06:31 done 2021-antlers
15:06:31 done 2021-candyman
15:06:31 done 2021-censor
15:06:31 done 2021-gaia
15:06:31 done 2021-good-madam
15:06:31 done 2021-lamb
15:06:31 done 2021-malignant
15:06:31 done 2021-saloum
15:06:31 done 2021-the-black-phone
15:06:31 done 2021-the-innocents
15:06:31 done 2021-the-medium
15:06:31 done 2021-the-sadness
15:06:31 done 2021-titane
15:06:31 done 2021-you-are-not-my-mother
15:06:31 done 2022-barbarian
15:06:31 done 2022-bhoothakaalam
15:06:31 done 2022-bones-and-all
15:06:31 done 2022-crimes-of-the-future
15:06:31 done 2022-enys-men
15:06:31 done 2022-fresh
15:06:31 done 2022-hatching
15:06:31 done 2022-huesera
15:06:31 done 2022-incantation
15:06:31 done 2022-kkn-di-desa-penari
15:06:31 done 2022-m3gan
15:06:31 done 2022-men
15:06:31 done 2022-nanny
15:06:31 done 2022-nope
15:06:31 done 2022-qodrat
15:06:31 done 2022-skinamarink
15:06:31 done 2022-smile
15:06:31 done 2022-speak-no-evil
15:06:31 done 2022-talk-to-me
15:06:31 done 2022-x
15:06:31 done 2023-cobweb
15:06:31 done 2023-evil-dead-rise
15:06:31 done 2023-godzilla-minus-one
15:06:31 done 2023-late-night-with-the-devil
15:06:31 done 2023-sewu-dino
15:06:31 done 2023-starve-acre
15:06:31 done 2023-tiger-stripes
15:06:31 done 2023-when-evil-lurks
15:06:31 done 2024-bramayugam
15:06:31 done 2024-exhuma
15:06:31 done 2024-heretic
15:06:31 done 2024-i-saw-the-tv-glow
15:06:31 done 2024-in-a-violent-nature
15:06:31 done 2024-longlegs
15:06:31 done 2024-nosferatu
15:06:31 done 2024-oddity
15:06:31 done 2024-the-first-omen
15:06:31 done 2024-the-substance
15:06:31 done 2025-bring-her-back
15:06:31 done 2025-sinners
15:06:31 done 2025-weapons
15:06:32 done 2000-american-psycho
15:06:33 done 2007-sweeney-todd-the-demon-barber-of-fleet-street
15:06:33 done 2002-resident-evil
15:06:36 done 2013-world-war-z
15:06:36 done 2000-scary-movie
15:06:41 done 2005-saw-ii
15:06:41 done 1997-the-devils-advocate
15:06:42 done 2009-zombieland
15:06:47 done 1992-alien-3
15:06:47 done 2004-resident-evil-apocalypse
15:06:47 done 2001-hannibal
15:06:48 done 2014-annabelle
15:06:49 done 1997-alien-resurrection
15:06:49 done 2007-resident-evil-extinction
15:06:50 done 1997-scream-2
15:06:50 done 2006-saw-iii
15:06:51 done 2019-it-chapter-two
15:06:51 done 2025-obsession
15:06:56 done 2016-the-conjuring-2
15:06:56 done 2016-split
15:06:57 done 2017-alien-covenant
15:06:57 done 1997-i-know-what-you-did-last-summer
15:06:57 done 2002-red-dragon
15:07:04 done 1997-anaconda
15:07:04 done 2010-resident-evil-afterlife
15:07:09 done 2011-scream-4
15:07:10 done 1974-young-frankenstein
15:07:10 done 2007-death-proof
15:07:11 done 2002-signs
15:07:11 done 2017-annabelle-creation
15:07:12 done 2007-saw-iv
15:07:12 done 2000-scream-3
15:07:13 done 2007-28-weeks-later
15:07:13 done 2008-saw-v
15:07:14 done 2011-final-destination-5
15:07:15 done 2018-the-nun
15:07:15 done 2010-saw-3d
15:07:16 done 2003-freddy-vs-jason
15:07:16 done 2004-anacondas-the-hunt-for-the-blood-orchid
15:07:17 done 2005-house-of-wax
15:07:17 done 2019-annabelle-comes-home
15:07:20 done 2003-final-destination-2
15:07:21 done 2025-28-years-later
15:07:21 done 1959-plan-9-from-outer-space
15:07:21 done 2018-bird-box
15:07:22 done 1975-the-rocky-horror-picture-show
15:07:22 done 2006-final-destination-3
15:07:23 done 2012-resident-evil-retribution
15:07:23 done 1992-army-of-darkness
15:07:24 done 2003-wrong-turn
15:07:25 done 1987-a-nightmare-on-elm-street-3-dream-warriors
15:07:25 done 2008-the-happening
15:07:26 done 2019-zombieland-double-tap
15:07:26 done 2021-the-conjuring-the-devil-made-me-do-it
15:07:27 done 2009-saw-vi
15:07:27 done 2024-alien-romulus
15:07:29 done 1992-twin-peaks-fire-walk-with-me
15:07:29 done 1981-friday-the-13th-part-2
15:07:30 done 1982-friday-the-13th-part-iii
15:07:30 done 2023-five-nights-at-freddys
15:07:30 done 2010-a-serbian-film
15:07:31 done 2000-pitch-black
15:07:32 done 2003-the-texas-chainsaw-massacre
15:07:33 done 2009-the-final-destination
15:07:34 done 2022-scream
15:07:36 done 2023-scream-vi
15:07:36 done 1985-a-nightmare-on-elm-street-2-freddys-revenge
15:07:38 done 2025-frankenstein
15:07:38 done 1978-jaws-2
15:07:38 done 2013-the-purge
15:07:39 done 2015-knock-knock
15:07:39 done 2016-10-cloverfield-lane
15:07:39 done 2017-life
15:07:40 done 2005-the-amityville-horror
15:07:41 done 2005-the-ring-two
15:07:41 done 1981-halloween-ii
15:07:42 done 1984-friday-the-13th-the-final-chapter
15:07:42 done 2009-friday-the-13th
15:07:43 done 2010-a-nightmare-on-elm-street
15:07:43 done 2004-the-grudge
15:07:44 done 2010-the-wolfman
15:07:45 done 2001-from-hell
15:07:45 done 2003-gothika
15:07:45 done 1995-species
15:07:46 done 2017-happy-death-day
15:07:48 done 2019-pet-sematary
15:07:48 done 1998-i-still-know-what-you-did-last-summer
15:07:49 done 1990-childs-play-2
15:07:49 done 2013-warm-bodies
15:07:49 done 1988-a-nightmare-on-elm-street-4-the-dream-master
15:07:50 done 2014-the-purge-anarchy
15:07:51 done 2007-the-invasion
15:07:52 done 1991-freddys-dead-the-final-nightmare
15:07:52 done 1998-halloween-h20-20-years-later
15:07:52 done 2005-hide-and-seek
15:07:53 done 2011-the-rite
15:07:54 done 1992-buffy-the-vampire-slayer
15:07:54 done 2013-insidious-chapter-2
15:07:55 done 2016-resident-evil-the-final-chapter
15:07:55 done 2015-crimson-peak
15:07:55 done 2002-ghost-ship
15:07:56 done 2017-jigsaw
15:07:56 done 2016-the-shallows
15:07:57 done 1999-deep-blue-sea
15:07:57 done 2006-the-texas-chainsaw-massacre-the-beginning
15:07:58 done 2019-the-curse-of-la-llorona
15:07:59 done 1990-gremlins-2-the-new-batch
15:08:00 done 2007-hannibal-rising
15:08:01 done 1988-halloween-4-the-return-of-michael-myers
15:08:02 done 2000-hollow-man
15:08:02 done 1962-what-ever-happened-to-baby-jane
15:08:03 done 2013-carrie
15:08:03 done 1989-a-nightmare-on-elm-street-5-the-dream-child
15:08:03 done 2002-queen-of-the-damned
15:08:04 done 2021-halloween-kills
15:08:04 done 2009-the-human-centipede
15:08:05 done 2023-the-nun-ii
15:08:06 done 2007-halloween
15:08:07 done 1991-childs-play-3
15:08:07 done 1995-halloween-the-curse-of-michael-myers
15:08:07 done 1983-jaws-3-d
15:08:07 done 2007-dead-silence
15:08:09 done 1982-halloween-iii-season-of-the-witch
15:08:10 done 2000-what-lies-beneath
15:08:10 done 2002-halloween-resurrection
15:08:11 done 2010-let-me-in
15:08:12 done 1986-the-texas-chainsaw-massacre-2
15:08:12 done 1988-dead-ringers
15:08:12 done 2020-a-quiet-place-part-ii
15:08:13 done 2019-doctor-sleep
15:08:13 done 1994-mary-shelleys-frankenstein
15:08:14 done 2009-halloween-ii
15:08:14 done 2011-the-thing
15:08:14 done 2009-dorian-gray
15:08:15 done 2023-saw-x
15:08:16 done 1987-jaws-the-revenge
15:08:16 done 2000-shadow-of-the-vampire
15:08:17 done 2015-insidious-chapter-3
15:08:17 done 2018-halloween
15:08:17 done 2016-the-neon-demon
15:08:18 done 2003-identity
15:08:18 done 2018-truth-or-dare
15:08:19 done 2019-escape-room
15:08:19 done 2020-spiral
15:08:19 done 2013-scary-movie-5
15:08:19 done 1980-dressed-to-kill
15:08:20 done 1989-halloween-5-the-revenge-of-michael-myers
15:08:20 done 2025-final-destination-bloodlines
15:08:21 done 2008-the-eye
15:08:21 done 2012-silent-hill-revelation
15:08:21 done 1995-vampire-in-brooklyn
15:08:21 done 1996-the-frighteners
15:08:22 done 2008-mirrors
15:08:22 done 2018-insidious-the-last-key
15:08:23 done 2009-pandorum
15:08:24 done 1976-the-tenant
15:08:24 done 1994-texas-chainsaw-massacre-the-next-generation
15:08:24 done 1998-the-faculty
15:08:24 done 2008-resident-evil-degeneration
15:08:25 done 1990-flatliners
15:08:25 done 2021-resident-evil-welcome-to-raccoon-city
15:08:25 done 1967-the-fearless-vampire-killers
15:08:26 done 2010-paranormal-activity-2
15:08:26 done 1986-manhunter
15:08:26 done 2025-the-conjuring-last-rites
15:08:27 done 1998-bride-of-chucky
15:08:27 done 2024-trap
15:08:27 done 1991-critters-3
15:08:28 done 2007-wrong-turn-2-dead-end
15:08:28 done 2005-the-skeleton-key
15:08:28 done 1921-the-phantom-carriage
15:08:28 done 2016-the-purge-election-year
15:08:29 done 2016-a-cure-for-wellness
15:08:29 done 2009-the-uninvited
15:08:30 done 1946-the-spiral-staircase
15:08:30 done 2001-ghosts-of-mars
15:08:30 done 2018-slender-man
15:08:30 done 1985-friday-the-13th-a-new-beginning
15:08:31 done 1953-house-of-wax
15:08:32 done 2019-scary-stories-to-tell-in-the-dark
15:08:32 done 1998-urban-legend
15:08:32 done 2010-piranha-3d
15:08:33 done 2022-halloween-ends
15:08:33 done 2006-when-a-stranger-calls
15:08:33 done 2022-prey
15:08:33 done 2023-knock-at-the-cabin
15:08:34 done 2023-the-popes-exorcist
15:08:34 done 2006-the-hills-have-eyes
15:08:34 done 2009-case-39
15:08:35 done 1986-friday-the-13th-part-vi-jason-lives
15:08:35 done 2017-the-babysitter
15:08:35 done 1993-jason-goes-to-hell-the-final-friday
15:08:35 done 2018-the-house-that-jack-built
15:08:36 done 2017-geralds-game
15:08:36 done 2001-thirteen-ghosts
15:08:36 done 1990-arachnophobia
15:08:36 done 2018-the-first-purge
15:08:36 done 1999-the-haunting
15:08:37 done 2021-old
15:08:37 done 2004-seed-of-chucky
15:08:39 done 1998-psycho
15:08:41 done 2002-cabin-fever
15:08:41 done 2007-hostel-part-ii
15:08:41 done 2024-smile-2
15:08:42 done 1986-critters
15:08:42 done 2006-the-grudge-2
15:08:43 done 2002-the-mothman-prophecies
15:08:43 done 2001-jason-x
15:08:43 done 2004-mindhunters
15:08:44 done 2016-pride-and-prejudice-and-zombies
15:08:44 done 2009-wrong-turn-3-left-for-dead
15:08:44 done 1986-psycho-iii
15:08:45 done 2015-krampus
15:08:45 done 2006-the-wicker-man
15:08:55 done 1999-virus
15:08:56 done 2000-the-cell
15:08:56 done 1990-leatherface-the-texas-chainsaw-massacre-iii
15:08:56 done 1986-poltergeist-ii-the-other-side
15:08:57 done 1960-the-little-shop-of-horrors
15:08:57 done 1936-draculas-daughter
15:08:57 done 2013-texas-chainsaw-3d
15:08:57 done 2006-the-omen
15:08:57 done 2006-ill-always-know-what-you-did-last-summer
15:08:58 done 2019-happy-death-day-2u
15:08:58 done 2019-crawl
15:08:58 done 1988-killer-klowns-from-outer-space
15:08:59 done 1999-the-astronauts-wife
15:08:59 done 2020-fantasy-island
15:09:00 done 1927-the-cat-and-the-canary
15:09:00 done 1984-firestarter
15:09:00 done 1966-dracula-prince-of-darkness
15:09:00 done 2023-renfield
15:09:00 done 2023-the-exorcist-believer
15:09:01 done 2024-a-quiet-place-day-one
15:09:01 done 2009-daybreakers
15:09:02 done 1939-son-of-frankenstein
15:09:12 done 2012-paranormal-activity-4
15:09:12 done 1977-exorcist-ii-the-heretic
15:09:13 done 2007-planet-terror
15:09:13 done 2010-devil
15:09:13 done 2007-the-hills-have-eyes-2
15:09:13 done 2014-unfriended
15:09:14 done 1988-friday-the-13th-part-vii-the-new-blood
15:09:14 done 1993-leprechaun
15:09:14 done 1999-lake-placid
15:09:14 done 2006-black-christmas
15:09:15 done 2007-the-messengers
15:09:15 done 2020-underwater
15:09:15 done 2010-legion
15:09:16 done 1941-dr-jekyll-and-mr-hyde
15:09:16 done 1982-creepshow
15:09:16 done 2019-in-the-tall-grass
15:09:16 done 2019-childs-play
15:09:16 done 1992-hellraiser-iii-hell-on-earth
15:09:17 done 2007-vacancy
15:09:18 done 2025-wolf-man
15:09:18 done 2011-paranormal-activity-3
15:09:28 done 2024-abigail
15:09:28 done 2024-immaculate
15:09:28 done 2002-cube-2-hypercube
15:09:29 done 1951-the-thing-from-another-world
15:09:29 done 2025-the-monkey
15:09:29 done 1990-the-exorcist-iii
15:09:29 done 2001-joy-ride
15:09:30 done 1986-little-shop-of-horrors
15:09:30 done 2003-dreamcatcher
15:09:30 done 2014-deliver-us-from-evil
15:09:31 done 2004-exorcist-the-beginning
15:09:32 done 2014-paranormal-activity-the-marked-ones
15:09:32 done 1983-psycho-ii
15:09:32 done 1989-friday-the-13th-part-viii-jason-takes-manhattan
15:09:33 done 2017-47-meters-down
15:09:34 done 2012-chernobyl-diaries
15:09:34 done 1998-fallen
15:09:35 done 2000-dracula-2000
15:09:36 done 1972-horror-express
15:09:37 done 2018-unfriended-dark-web
15:09:37 done 2012-wrong-turn-5-bloodlines
15:09:37 done 1970-the-bird-with-the-crystal-plumage
15:09:38 done 2021-the-forever-purge
15:09:38 done 2020-the-babysitter-killer-queen
15:09:38 done 2022-beast
15:09:38 done 2011-apollo-18
15:09:39 done 2025-black-phone-2
15:09:39 done 1968-dracula-has-risen-from-the-grave
15:09:49 done 2007-diary-of-the-dead
15:09:49 done 2012-the-devil-inside
15:09:50 done 1983-twilight-zone-the-movie
15:09:50 done 2011-hostel-part-iii
15:09:51 done 2008-prom-night
15:09:51 done 1997-mimic
15:09:51 done 2015-poltergeist
15:09:51 done 2005-land-of-the-dead
15:09:52 done 2005-the-devils-rejects
15:09:52 done 1986-the-hitcher
15:09:52 done 1978-i-spit-on-your-grave
15:09:53 done 2014-ouija
15:09:53 done 2007-rogue
15:09:53 done 2011-wrong-turn-4-bloody-beginnings
15:09:53 done 2016-the-boy
15:09:54 done 2017-rings
15:09:55 done 1988-hellbound-hellraiser-ii
15:09:55 done 1986-henry-portrait-of-a-serial-killer
15:09:55 done 1979-dracula
15:09:55 done 1997-wishmaster
15:09:55 done 2016-terrifier
15:09:56 done 2018-the-strangers-prey-at-night
15:10:06 done 2019-ma
15:10:06 done 2019-brightburn
15:10:06 done 2020-peninsula
15:10:06 done 2020-freaky
15:10:07 done 2021-dont-breathe-2
15:10:07 done 2022-orphan-first-kill
15:10:07 done 1955-revenge-of-the-creature
15:10:08 done 1988-the-blob
15:10:08 done 2024-maxxxine
15:10:08 done 1999-existenz
15:10:08 done 2024-speak-no-evil
15:10:09 done 2006-bug
15:10:09 done 2025-dracula-a-love-tale
15:10:09 done 1995-village-of-the-damned
15:10:10 done 2025-the-ugly-stepsister
15:10:10 done 2007-the-hitcher
15:10:10 done 2013-the-green-inferno
15:10:10 done 2000-urban-legends-final-cut
15:10:11 done 2009-the-haunting-in-connecticut
15:10:11 done 2013-curse-of-chucky
15:10:21 done 1970-taste-the-blood-of-dracula
15:10:22 done 2016-before-i-wake
15:10:22 done 2003-jeepers-creepers-2
15:10:22 done 2015-sinister-2
15:10:23 done 2005-the-fog
15:10:23 done 2017-cult-of-chucky
15:10:23 done 2009-after-life
15:10:23 done 2010-i-saw-the-devil
15:10:24 done 2000-the-gift
15:10:24 done 1927-london-after-midnight
15:10:24 done 2009-the-fourth-kind
15:10:25 done 1977-orca
15:10:25 done 2010-tucker-dale-vs-evil
15:10:25 done 1998-vampires
15:10:26 done 2000-hellraiser-inferno
15:10:26 done 2021-fear-street-part-1-1994
15:10:26 done 1988-critters-2-the-main-course
15:10:26 done 2007-i-know-who-killed-me
15:10:27 done 2024-salems-lot
15:10:27 done 2023-insidious-the-red-door
15:10:37 done 1999-house-on-haunted-hill
15:10:37 done 2024-terrifier-3
15:10:38 done 2024-the-watchers
15:10:41 done 2009-my-bloody-valentine-3d
15:10:41 done 2024-night-swim
15:10:42 done 2008-quarantine
15:10:42 done 1978-piranha
15:10:45 done 2007-the-reaping
15:10:46 done 2014-tusk
15:10:46 done 2014-as-above-so-below
15:10:46 done 2015-scouts-guide-to-the-zombie-apocalypse
15:10:46 done 1932-the-most-dangerous-game
15:10:47 done 2016-blair-witch
15:10:47 done 2000-book-of-shadows-blair-witch-2
15:10:47 done 1990-night-of-the-living-dead
15:10:47 done 1998-tale-of-the-mummy
15:10:48 done 2004-godsend
15:10:48 done 1955-bride-of-the-monster
15:10:51 done 1998-species-ii
15:10:51 done 1987-bad-taste
