value	kind	fear
dog	dogs	animals and birds
mirror	mirrors	mirrors and glass
fire	fire and flames	fire, smoke and burning
blood	blood	blood
axe	axes and cleavers	weapons and tools
cat	cats	animals and birds
knife	knives and blades	weapons and tools
coffin	coffins and caskets	graves, coffins and funerals
rats	rats and mice	vermin and creeping things
camera	cameras	pictures, screens and recordings
gun	guns	weapons and tools
severed head	severed heads	corpses and body parts
bathtub	bathrooms	the house and its rooms
doll	dolls	dolls, masks and likenesses
well	wells and cisterns	water and drowning
grave	graves and gravestones	graves, coffins and funerals
lake	lakes, ponds and rivers	water and drowning
corpse	corpses	corpses and body parts
door	doors	the house and its rooms
mask	masks	dolls, masks and likenesses
shotgun	guns	weapons and tools
water	water itself	water and drowning
basement	basements and cellars	the house and its rooms
deer	deer and antlers	animals and birds
hair	hair	wounded and changing bodies
noose	nooses, ropes and wires	ropes, cages and executions
photograph	photographs	pictures, screens and recordings
train	trains and subways	vehicles and roads
chainsaw	saws and power tools	weapons and tools
diary	diaries and journals	books, letters and writing
dogs	dogs	animals and birds
sunlight	sun and daylight	weather, sky and darkness
cliff	cliffs, hills and mountains	wild and lonely places
fog	fog and mist	weather, sky and darkness
hammer	hammers and blunt tools	weapons and tools
music box	music boxes and instruments	sounds, smells and silence
rain	rain	weather, sky and darkness
swimming pool	baths and swimming pools	water and drowning
window	windows	the house and its rooms
attic	attics	the house and its rooms
car	cars	vehicles and roads
cross	crosses and crucifixes	holy and occult objects
crucifix	crosses and crucifixes	holy and occult objects
flies	flies and maggots	vermin and creeping things
key	keys	clothes, jewellery and keepsakes
lullaby	lullabies and children's songs	sounds, smells and silence
phone	phones and calls	pictures, screens and recordings
piano	music boxes and instruments	sounds, smells and silence
scissors	scissors, needles and razors	weapons and tools
storm	storms, thunder and lightning	weather, sky and darkness
television	television	pictures, screens and recordings
videotape	video and film footage	pictures, screens and recordings
amulet	charms, amulets and spells	holy and occult objects
bat	hammers and blunt tools	weapons and tools
chains	chains and shackles	ropes, cages and executions
church	churches and temples	buildings and public places
closet	closets and wardrobes	the house and its rooms
crow	crows and ravens	animals and birds
dagger	knives and blades	weapons and tools
drill	saws and power tools	weapons and tools
fly	flies and maggots	vermin and creeping things
goat	farm animals	animals and birds
locked door	locked doors and rooms	the house and its rooms
maggots	flies and maggots	vermin and creeping things
phone call	phones and calls	pictures, screens and recordings
photographs	photographs	pictures, screens and recordings
portrait	portraits and paintings	pictures, screens and recordings
rope	nooses, ropes and wires	ropes, cages and executions
snake	snakes and serpents	vermin and creeping things
spider	spiders and webs	vermin and creeping things
stake	stakes and sharpened sticks	weapons and tools
telephone	phones and calls	pictures, screens and recordings
tree	trees	plants, trees and fungus
wedding ring	rings	clothes, jewellery and keepsakes
arrow	bows and arrows	weapons and tools
barn	farms and barns	buildings and public places
black cat	cats	animals and birds
book	books	books, letters and writing
bruises	bruises and rashes	wounded and changing bodies
candle	candles and lamps	weather, sky and darkness
cave	caves and mines	wild and lonely places
chair	chairs and furniture	household objects and machines
clock	clocks and watches	household objects and machines
eyes	strange eyes	wounded and changing bodies
full moon	moon and eclipses	weather, sky and darkness
helicopter	planes and helicopters	vehicles and roads
horses	horses	animals and birds
lighthouse	towers and lighthouses	buildings and public places
lightning	storms, thunder and lightning	weather, sky and darkness
old photograph	photographs	pictures, screens and recordings
pentagram	occult symbols and patterns	holy and occult objects
pigs	farm animals	animals and birds
radio	radios and broadcasts	pictures, screens and recordings
ring	rings	clothes, jewellery and keepsakes
ship	boats and ships	vehicles and roads
skeleton	skeletons, skulls and bones	corpses and body parts
snow	snow and cold	weather, sky and darkness
sword	swords and spears	weapons and tools
tape recording	tapes and records	pictures, screens and recordings
tarot cards	spirit boards and tarot	holy and occult objects
thunderstorm	storms, thunder and lightning	weather, sky and darkness
video camera	cameras	pictures, screens and recordings
wolf	wild beasts	animals and birds
birds	other birds	animals and birds
burning house	burning buildings and places	fire, smoke and burning
camera flash	cameras	pictures, screens and recordings
cassette tape	tapes and records	pictures, screens and recordings
cats	cats	animals and birds
cemetery	cemeteries	graves, coffins and funerals
cinema	cinemas, theatres and projectors	pictures, screens and recordings
cow	farm animals	animals and birds
crows	crows and ravens	animals and birds
crying baby	babies and infants	babies, birth and pregnancy
dummy	puppets and dummies	dolls, masks and likenesses
elevator	lifts and elevators	vehicles and roads
forest	forests and woods	wild and lonely places
freezer	fridges and freezers	household objects and machines
frog	frogs, toads and lizards	vermin and creeping things
graveyard	cemeteries	graves, coffins and funerals
hearse	hearses and funeral cars	graves, coffins and funerals
kitchen knife	knives and blades	weapons and tools
lantern	candles and lamps	weather, sky and darkness
letter	letters and notes	books, letters and writing
locked room	locked doors and rooms	the house and its rooms
locket	necklaces and lockets	clothes, jewellery and keepsakes
mannequin	mannequins and waxworks	dolls, masks and likenesses
mushrooms	mushrooms and fungus	plants, trees and fungus
necklace	necklaces and lockets	clothes, jewellery and keepsakes
nursery rhyme	lullabies and children's songs	sounds, smells and silence
ocean	sea and shore	water and drowning
owl	owls	animals and birds
painting	portraits and paintings	pictures, screens and recordings
rifle	guns	weapons and tools
sheep	farm animals	animals and birds
shovel	farm and garden tools	weapons and tools
snakes	snakes and serpents	vermin and creeping things
snowstorm	snow and cold	weather, sky and darkness
stairs	stairs and hallways	the house and its rooms
swamp	swamps and marshes	wild and lonely places
tentacles	tentacles and creature parts	monsters and hybrid creatures
ticking clock	clocks and watches	household objects and machines
truck	trucks and vans	vehicles and roads
tunnel	holes, pits and tunnels	wild and lonely places
wheelchair	wheelchairs, limps and prosthetics	wounded and changing bodies
woods	forests and woods	wild and lonely places
abandoned house	abandoned houses	the house and its rooms
acid	poisons, fuels and chemicals	food, drink and drugs
antlers	deer and antlers	animals and birds
bandages	wounds and cuts	wounded and changing bodies
baseball bat	hammers and blunt tools	weapons and tools
bats	wild beasts	animals and birds
beach	sea and shore	water and drowning
bear	wild beasts	animals and birds
bed	bedrooms and beds	the house and its rooms
bird	other birds	animals and birds
blood trail	trails and pools of blood	blood
bonfire	bonfires and pyres	fire, smoke and burning
box	boxes, chests and containers	household objects and machines
bridge	roads and bridges	vehicles and roads
burn scars	scars and burns	wounded and changing bodies
bus	carriages, bikes and buses	vehicles and roads
butterfly	insects and swarms	vermin and creeping things
car crash	car crashes	vehicles and roads
chandelier	chairs and furniture	household objects and machines
church bells	bells	sounds, smells and silence
claws	teeth, horns and claws	wounded and changing bodies
cornfield	fields and crops	wild and lonely places
crossbow	guns	weapons and tools
crypt	tombs and crypts	graves, coffins and funerals
dripping water	taps, drains and leaks	water and drowning
ectoplasm	slime and strange ooze	monsters and hybrid creatures
eggs	eggs	food, drink and drugs
face at the window	figures at windows and doors	ghosts and strange figures
feet	feet and footprints	wounded and changing bodies
film reels	video and film footage	pictures, screens and recordings
glass	glass objects	mirrors and glass
glass shard	broken mirrors and glass	mirrors and glass
grenade	bombs and explosives	weapons and tools
hanging corpse	hanged bodies	corpses and body parts
hanging tree	nooses, ropes and wires	ropes, cages and executions
hare	rabbits and hares	animals and birds
hole	holes, pits and tunnels	wild and lonely places
horse	horses	animals and birds
insects	insects and swarms	vermin and creeping things
island	islands	wild and lonely places
kiss	kisses and embraces	gatherings, games and closeness
love song	songs and music	sounds, smells and silence
mannequins	mannequins and waxworks	dolls, masks and likenesses
mansion	houses and mansions	the house and its rooms
manuscript	books	books, letters and writing
meat cleaver	axes and cleavers	weapons and tools
menstrual blood	menstrual blood	blood
meteorite	stars, comets and meteors	weather, sky and darkness
mine	caves and mines	wild and lonely places
moths	insects and swarms	vermin and creeping things
nail	hooks and spikes	weapons and tools
nursery	cradles and nurseries	babies, birth and pregnancy
pendant	necklaces and lockets	clothes, jewellery and keepsakes
pickaxe	axes and cleavers	weapons and tools
pistol	guns	weapons and tools
poison	poisoned food and drink	food, drink and drugs
pond	lakes, ponds and rivers	water and drowning
puzzle box	cursed objects	holy and occult objects
pyre	bonfires and pyres	fire, smoke and burning
rabbit	rabbits and hares	animals and birds
rash	bruises and rashes	wounded and changing bodies
rat poison	poisons, fuels and chemicals	food, drink and drugs
raven	crows and ravens	animals and birds
razor	scissors, needles and razors	weapons and tools
red dress	dresses	clothes, jewellery and keepsakes
red eyes	strange eyes	wounded and changing bodies
refrigerator	fridges and freezers	household objects and machines
revolver	guns	weapons and tools
river	lakes, ponds and rivers	water and drowning
rooster	other birds	animals and birds
scar	scars and burns	wounded and changing bodies
sea	sea and shore	water and drowning
severed arm	severed limbs and organs	corpses and body parts
severed fingers	severed limbs and organs	corpses and body parts
severed hand	severed limbs and organs	corpses and body parts
severed heads	severed heads	corpses and body parts
skull	skeletons, skulls and bones	corpses and body parts
skylight	windows	the house and its rooms
sledgehammer	hammers and blunt tools	weapons and tools
slime	slime and strange ooze	monsters and hybrid creatures
spear	swords and spears	weapons and tools
statue	statues, carvings and pottery	dolls, masks and likenesses
syringe	surgical instruments	weapons and tools
talisman	charms, amulets and spells	holy and occult objects
tape recorder	tapes and records	pictures, screens and recordings
thunder	storms, thunder and lightning	weather, sky and darkness
trees	trees	plants, trees and fungus
washing machine	household appliances	household objects and machines
white eyes	strange eyes	wounded and changing bodies
windmill	other buildings	buildings and public places
abandoned mine	caves and mines	wild and lonely places
abandoned pavilion	ruins and abandoned places	buildings and public places
altar	ritual tools and offerings	holy and occult objects
ancient book	books	books, letters and writing
animal masks	masks	dolls, masks and likenesses
animals	other and mythical animals	animals and birds
apple	fruit	plants, trees and fungus
baby	babies and infants	babies, birth and pregnancy
baby mobile	cradles and nurseries	babies, birth and pregnancy
balcony	houses and mansions	the house and its rooms
ball of fire	fire and flames	fire, smoke and burning
barking dog	dogs	animals and birds
bars	locked doors and rooms	the house and its rooms
bath	baths and swimming pools	water and drowning
bathroom	bathrooms	the house and its rooms
bear trap	traps and snares	ropes, cages and executions
bee	insects and swarms	vermin and creeping things
bible	spell books and holy books	holy and occult objects
birdsong	other birds	animals and birds
birthmark	marks and symbols on skin	wounded and changing bodies
bite	bites and scratches	wounded and changing bodies
bite wound	bites and scratches	wounded and changing bodies
black box	boxes, chests and containers	household objects and machines
black panther	wild beasts	animals and birds
bleeding eyes	strange eyes	wounded and changing bodies
blood message	symbols and messages in blood	blood
blood rain	trails and pools of blood	blood
bloodstain	trails and pools of blood	blood
bloody handprint	trails and pools of blood	blood
boat	boats and ships	vehicles and roads
body	corpses	corpses and body parts
body in water	drowned and floating bodies	corpses and body parts
boiler	household appliances	household objects and machines
boiling water	water itself	water and drowning
book about vampires	books	books, letters and writing
book of the dead	spell books and holy books	holy and occult objects
bottle	boxes, chests and containers	household objects and machines
bowie knife	knives and blades	weapons and tools
box cutter	knives and blades	weapons and tools
bracelet	crowns, hairpins and jewellery	clothes, jewellery and keepsakes
brain	body organs	wounded and changing bodies
brain scan	body organs	wounded and changing bodies
brick wall	walls, floors and ceilings	the house and its rooms
bright light	flickering and strange lights	weather, sky and darkness
bulldozer	trucks and vans	vehicles and roads
burned face	scars and burns	wounded and changing bodies
burned house	burning buildings and places	fire, smoke and burning
burning body	burning bodies	fire, smoke and burning
burning car	fire and flames	fire, smoke and burning
cage	cages and pens	ropes, cages and executions
caged dogs	dogs	animals and birds
campfire	bonfires and pyres	fire, smoke and burning
canary	other birds	animals and birds
candles	candles and lamps	weather, sky and darkness
canoe	boats and ships	vehicles and roads
car accident	car crashes	vehicles and roads
car trunk	cars	vehicles and roads
castle	castles and palaces	buildings and public places
cell phone	phones and calls	pictures, screens and recordings
chador	dresses	clothes, jewellery and keepsakes
cherries	fruit	plants, trees and fungus
child's drawing	drawings	pictures, screens and recordings
child's drawings	drawings	pictures, screens and recordings
child's song	lullabies and children's songs	sounds, smells and silence
children's drawings	drawings	pictures, screens and recordings
children's rhyme	lullabies and children's songs	sounds, smells and silence
chimney	houses and mansions	the house and its rooms
chimpanzee	monkeys and apes	animals and birds
china doll	dolls	dolls, masks and likenesses
claw	teeth, horns and claws	wounded and changing bodies
coat	coats, cloaks and hats	clothes, jewellery and keepsakes
coffins	coffins and caskets	graves, coffins and funerals
comb	everyday objects	household objects and machines
computer	computers and messages	pictures, screens and recordings
consecrated host	holy water and sacraments	holy and occult objects
corpse rising from water	drowned and floating bodies	corpses and body parts
covered mirrors	mirrors	mirrors and glass
cradle	cradles and nurseries	babies, birth and pregnancy
creaking trees	strange noises	sounds, smells and silence
crematorium smoke	morgues and crematoria	graves, coffins and funerals
cult symbol	occult symbols and patterns	holy and occult objects
curtain	windows	the house and its rooms
cut hair	hair	wounded and changing bodies
cut hand	wounds and cuts	wounded and changing bodies
darkness	darkness and shadows	weather, sky and darkness
dead baby	dead and unborn babies	babies, birth and pregnancy
dead bird	dead, hurt and skinned animals	animals and birds
dead cat	dead, hurt and skinned animals	animals and birds
dead dog	dead, hurt and skinned animals	animals and birds
dead mother's voice	voices and whispers	sounds, smells and silence
dead telephone	phones and calls	pictures, screens and recordings
decapitated body	severed heads	corpses and body parts
decaying body	rotting and preserved bodies	corpses and body parts
disembodied head	severed heads	corpses and body parts
dog tags	keepsakes and belongings	clothes, jewellery and keepsakes
doppelgänger	doubles and twins	ghosts and strange figures
earrings	crowns, hairpins and jewellery	clothes, jewellery and keepsakes
earthquake	earthquakes and landslides	weather, sky and darkness
egg	eggs	food, drink and drugs
faceless figures	shadowy and faceless figures	ghosts and strange figures
falling chandelier	chairs and furniture	household objects and machines
family dinner	weddings, birthdays and parties	gatherings, games and closeness
fetus	dead and unborn babies	babies, birth and pregnancy
fire extinguisher	other weapons and tools	weapons and tools
fire poker	hammers and blunt tools	weapons and tools
fireworks	explosions and fireworks	fire, smoke and burning
flamethrower	guns	weapons and tools
flying insects	insects and swarms	vermin and creeping things
frozen pond	lakes, ponds and rivers	water and drowning
fruit cellar	basements and cellars	the house and its rooms
furnace	fire and flames	fire, smoke and burning
gallows	gallows and execution	ropes, cages and executions
garden shears	scissors, needles and razors	weapons and tools
garlic	protective herbs, grains and circles	holy and occult objects
ghost child	eerie children	ghosts and strange figures
ghost children	eerie children	ghosts and strange figures
glowing eyes	strange eyes	wounded and changing bodies
goats	farm animals	animals and birds
gold coins	money and gold	clothes, jewellery and keepsakes
graves	graves and gravestones	graves, coffins and funerals
gravestone	graves and gravestones	graves, coffins and funerals
green eyes	strange eyes	wounded and changing bodies
growling dogs	dogs	animals and birds
guillotine	gallows and execution	ropes, cages and executions
gulls	gulls and sea birds	animals and birds
hairpin	crowns, hairpins and jewellery	clothes, jewellery and keepsakes
hand	hands and fingers	wounded and changing bodies
hands	hands and fingers	wounded and changing bodies
hanging body	hanged bodies	corpses and body parts
heartbeat	breath and heartbeat	wounded and changing bodies
heavy breathing	breath and heartbeat	wounded and changing bodies
hedge	vines, hedges and strange plants	plants, trees and fungus
hidden door	hidden rooms and passages	the house and its rooms
hidden tunnel	hidden rooms and passages	the house and its rooms
high-rise apartment	houses and mansions	the house and its rooms
holy water	holy water and sacraments	holy and occult objects
honeycomb	insects and swarms	vermin and creeping things
howling dogs	dogs	animals and birds
incinerator	morgues and crematoria	graves, coffins and funerals
iron bars	hammers and blunt tools	weapons and tools
jack-o'-lantern	holidays and festivals	gatherings, games and closeness
jackal	wild beasts	animals and birds
kangaroo	wild beasts	animals and birds
keys	keys	clothes, jewellery and keepsakes
kitten	cats	animals and birds
knitting needles	scissors, needles and razors	weapons and tools
knives	knives and blades	weapons and tools
lawn mower	saws and power tools	weapons and tools
lift	lifts and elevators	vehicles and roads
lighter	fire and flames	fire, smoke and burning
little girl	eerie children	ghosts and strange figures
lock of hair	hair	wounded and changing bodies
long fingernails	hands and fingers	wounded and changing bodies
long hair	hair	wounded and changing bodies
lunar eclipse	moon and eclipses	weather, sky and darkness
machete	knives and blades	weapons and tools
machine	machines and devices	household objects and machines
mallet	hammers and blunt tools	weapons and tools
map	papers, maps and records	books, letters and writing
maypole	holidays and festivals	gatherings, games and closeness
medallion	charms, amulets and spells	holy and occult objects
medical records	papers, maps and records	books, letters and writing
mermaid	mermaids and sea monsters	monsters and hybrid creatures
mine shaft	caves and mines	wild and lonely places
mist	fog and mist	weather, sky and darkness
moose	deer and antlers	animals and birds
morgue	morgues and crematoria	graves, coffins and funerals
mummified body	rotting and preserved bodies	corpses and body parts
mural	portraits and paintings	pictures, screens and recordings
nail gun	saws and power tools	weapons and tools
newspaper	papers, maps and records	books, letters and writing
newspaper clippings	papers, maps and records	books, letters and writing
newspaper headlines	papers, maps and records	books, letters and writing
nosebleed	vomit and bodily fluids	wounded and changing bodies
notebook	diaries and journals	books, letters and writing
old photographs	photographs	pictures, screens and recordings
open window	windows	the house and its rooms
operating table	surgical instruments	weapons and tools
ouija board	spirit boards and tarot	holy and occult objects
pendulum	clocks and watches	household objects and machines
photo album	photographs	pictures, screens and recordings
pig	farm animals	animals and birds
pillow	bedrooms and beds	the house and its rooms
pit	holes, pits and tunnels	wild and lonely places
pitchfork	farm and garden tools	weapons and tools
plane	planes and helicopters	vehicles and roads
pocket watch	clocks and watches	household objects and machines
poisoned tea	poisoned food and drink	food, drink and drugs
pool	baths and swimming pools	water and drowning
portal	voids and portals	weather, sky and darkness
pregnant belly	pregnancy and birth	babies, birth and pregnancy
pulled tooth	teeth, horns and claws	wounded and changing bodies
rabbit doll	dolls	dolls, masks and likenesses
radio transmitter	radios and broadcasts	pictures, screens and recordings
razor blade	knives and blades	weapons and tools
razor wire	barbed wire and fences	ropes, cages and executions
red cloak	coats, cloaks and hats	clothes, jewellery and keepsakes
remote control	household appliances	household objects and machines
ring of fire	fire and flames	fire, smoke and burning
rocking chair	chairs and furniture	household objects and machines
rooftops	towers and lighthouses	buildings and public places
rooster crow	other birds	animals and birds
rotting corpse	rotting and preserved bodies	corpses and body parts
rotting meat	meat	food, drink and drugs
rottweiler	dogs	animals and birds
sack	boxes, chests and containers	household objects and machines
scalpel	surgical instruments	weapons and tools
scarf	coats, cloaks and hats	clothes, jewellery and keepsakes
scars	scars and burns	wounded and changing bodies
scrapbook	diaries and journals	books, letters and writing
scratch marks	bites and scratches	wounded and changing bodies
screwdriver	other weapons and tools	weapons and tools
scroll	books	books, letters and writing
serpent	snakes and serpents	vermin and creeping things
severed finger	severed limbs and organs	corpses and body parts
sewing machine	household appliances	household objects and machines
shadow puppets	puppets and dummies	dolls, masks and likenesses
shattering mirror	broken mirrors and glass	mirrors and glass
shed	farms and barns	buildings and public places
shopping mall	shops and malls	buildings and public places
shower	bathrooms	the house and its rooms
singing voice	songs and music	sounds, smells and silence
skin mask	flayed skin and faces	corpses and body parts
skinned face	flayed skin and faces	corpses and body parts
slaughterhouse	factories and industrial sites	buildings and public places
slingshot	bows and arrows	weapons and tools
slugs	worms, slugs and snails	vermin and creeping things
snail	worms, slugs and snails	vermin and creeping things
solar eclipse	moon and eclipses	weather, sky and darkness
song	songs and music	sounds, smells and silence
spider webs	spiders and webs	vermin and creeping things
spiral staircase	stairs and hallways	the house and its rooms
stinger	insects and swarms	vermin and creeping things
stopped watches	clocks and watches	household objects and machines
straight razor	scissors, needles and razors	weapons and tools
subway	trains and subways	vehicles and roads
suicide note	letters and notes	books, letters and writing
sun	sun and daylight	weather, sky and darkness
sunglasses	other clothing	clothes, jewellery and keepsakes
sunrise	sun and daylight	weather, sky and darkness
supermarket	shops and malls	buildings and public places
talismans	charms, amulets and spells	holy and occult objects
tape	tapes and records	pictures, screens and recordings
teddy bear	toys	dolls, masks and likenesses
telegram	letters and notes	books, letters and writing
telephone booth	phones and calls	pictures, screens and recordings
telescope	household appliances	household objects and machines
television broadcast	television	pictures, screens and recordings
television static	television	pictures, screens and recordings
temple	churches and temples	buildings and public places
tentacle	tentacles and creature parts	monsters and hybrid creatures
tire iron	hammers and blunt tools	weapons and tools
tolling bells	bells	sounds, smells and silence
tomb	tombs and crypts	graves, coffins and funerals
tombs	tombs and crypts	graves, coffins and funerals
trailer	trucks and vans	vehicles and roads
trap door	hidden rooms and passages	the house and its rooms
tree roots	trees	plants, trees and fungus
tunnels	holes, pits and tunnels	wild and lonely places
twin girls	doubles and twins	ghosts and strange figures
typewriter	household appliances	household objects and machines
van	trucks and vans	vehicles and roads
vat of acid	poisons, fuels and chemicals	food, drink and drugs
vhs tape	video and film footage	pictures, screens and recordings
walls	walls, floors and ceilings	the house and its rooms
water tank	wells and cisterns	water and drowning
waterfall	lakes, ponds and rivers	water and drowning
wet bed	bedrooms and beds	the house and its rooms
wind chime	music boxes and instruments	sounds, smells and silence
wooden stake	stakes and sharpened sticks	weapons and tools
worms	worms, slugs and snails	vermin and creeping things
wristwatch	clocks and watches	household objects and machines
you are alive card	letters and notes	books, letters and writing
11:11	numbers and codes	books, letters and writing
2:17 a.m.	numbers and codes	books, letters and writing
abandoned boat	boats and ships	vehicles and roads
abandoned building	ruins and abandoned places	buildings and public places
abandoned cabin	ruins and abandoned places	buildings and public places
abandoned car	cars	vehicles and roads
abandoned city	ruins and abandoned places	buildings and public places
abandoned convent	churches and temples	buildings and public places
abandoned family home	abandoned houses	the house and its rooms
abandoned fishing village	ruins and abandoned places	buildings and public places
abandoned mansion	abandoned houses	the house and its rooms
abandoned palace	castles and palaces	buildings and public places
abandoned plant	factories and industrial sites	buildings and public places
abandoned pool	baths and swimming pools	water and drowning
abandoned tent	ruins and abandoned places	buildings and public places
abandoned trucks	trucks and vans	vehicles and roads
acid eye drops	poisons, fuels and chemicals	food, drink and drugs
acorns	fruit	plants, trees and fungus
acupuncture needles	surgical instruments	weapons and tools
adder stone	charms, amulets and spells	holy and occult objects
african art	portraits and paintings	pictures, screens and recordings
ageing finger	hands and fingers	wounded and changing bodies
ageless portrait	portraits and paintings	pictures, screens and recordings
air ducts	hidden rooms and passages	the house and its rooms
airlock	doors	the house and its rooms
airlock door	doors	the house and its rooms
airplane	planes and helicopters	vehicles and roads
albino alligator	frogs, toads and lizards	vermin and creeping things
album of the dead	photographs	pictures, screens and recordings
alcohol and cigarettes	alcohol	food, drink and drugs
alien corpse	aliens and pods	monsters and hybrid creatures
alligator	frogs, toads and lizards	vermin and creeping things
alpacas	farm animals	animals and birds
aluminum foil	everyday objects	household objects and machines
anagram document	numbers and codes	books, letters and writing
anatomy painting	portraits and paintings	pictures, screens and recordings
anchor	boats and ships	vehicles and roads
ancient queen	strangers and odd people	ghosts and strange figures
angel of death	figures of death	ghosts and strange figures
angel wings	saints and holy images	holy and occult objects
angel-shaped lamp	candles and lamps	weather, sky and darkness
animal blood	drinking and stored blood	blood
animal bones	dead, hurt and skinned animals	animals and birds
animal carcass	dead, hurt and skinned animals	animals and birds
animal carcasses	dead, hurt and skinned animals	animals and birds
animal cruelty on television	television	pictures, screens and recordings
animals copulating	other and mythical animals	animals and birds
ankh pendant	charms, amulets and spells	holy and occult objects
ankle monitor	restraints and gags	ropes, cages and executions
anklets	crowns, hairpins and jewellery	clothes, jewellery and keepsakes
antidepressants	pills, inhalers and medicine	food, drink and drugs
antique shop	shops and malls	buildings and public places
antique store	shops and malls	buildings and public places
antique watch brooch	crowns, hairpins and jewellery	clothes, jewellery and keepsakes
ants	insects and swarms	vermin and creeping things
apartment tower	houses and mansions	the house and its rooms
ape costume	costumes and disguises	dolls, masks and likenesses
apparitions of the living	doubles and twins	ghosts and strange figures
apple offered	fruit	plants, trees and fungus
apple tree	fruit	plants, trees and fungus
apples	fruit	plants, trees and fungus
apples and razor blades	tainted food	food, drink and drugs
approaching storm	storms, thunder and lightning	weather, sky and darkness
archangel statue	statues, carvings and pottery	dolls, masks and likenesses
archer's bow	bows and arrows	weapons and tools
arm dangling from mouth	unnamed creatures	monsters and hybrid creatures
armless saint	saints and holy images	holy and occult objects
artist's studio	labs and studios	buildings and public places
ashtray	everyday objects	household objects and machines
asthma inhaler	pills, inhalers and medicine	food, drink and drugs
asylum	hospitals and asylums	buildings and public places
athame	knives and blades	weapons and tools
atomic breath	giant creatures	monsters and hybrid creatures
attack dog	dogs	animals and birds
attic hatch	attics	the house and its rooms
audio tape	tapes and records	pictures, screens and recordings
audio tapes	tapes and records	pictures, screens and recordings
audiotape	tapes and records	pictures, screens and recordings
audition interviews	video and film footage	pictures, screens and recordings
author burned at the stake	gallows and execution	ropes, cages and executions
autopsy module	morgues and crematoria	graves, coffins and funerals
axe and table saw	saws and power tools	weapons and tools
axe through the skull	axes and cleavers	weapons and tools
axe trap	traps and snares	ropes, cages and executions
aztec temple	churches and temples	buildings and public places
baboon	monkeys and apes	animals and birds
baby as shield	babies and infants	babies, birth and pregnancy
baby bottles	cradles and nurseries	babies, birth and pregnancy
baby cadavers	dead and unborn babies	babies, birth and pregnancy
baby on a lotus leaf	babies and infants	babies, birth and pregnancy
baby starlings	other birds	animals and birds
baby's remains	dead and unborn babies	babies, birth and pregnancy
babysitter flyer	signs and posters	books, letters and writing
backhoe	trucks and vans	vehicles and roads
bad city	towns and cities	buildings and public places
bad tap water	taps, drains and leaks	water and drowning
badly burnt joss sticks	ritual tools and offerings	holy and occult objects
bag	boxes, chests and containers	household objects and machines
bag in the snow	boxes, chests and containers	household objects and machines
bag over head	bags over heads	ropes, cages and executions
ball	toys	dolls, masks and likenesses
balloon	toys	dolls, masks and likenesses
bamboo grove	trees	plants, trees and fungus
bandaged face	wounds and cuts	wounded and changing bodies
bandaged saint	saints and holy images	holy and occult objects
bandages and goggles	costumes and disguises	dolls, masks and likenesses
bandages and scars	scars and burns	wounded and changing bodies
banknotes	money and gold	clothes, jewellery and keepsakes
banned books	books	books, letters and writing
barbed wire	barbed wire and fences	ropes, cages and executions
barbed wire post	barbed wire and fences	ropes, cages and executions
barbed wire wall	barbed wire and fences	ropes, cages and executions
bare feet	feet and footprints	wounded and changing bodies
barking dogs	dogs	animals and birds
barking like a dog	strangers and odd people	ghosts and strange figures
barn straw	farms and barns	buildings and public places
barred windows	windows	the house and its rooms
barrels	boxes, chests and containers	household objects and machines
barren livestock	farm animals	animals and birds
basement armchair	basements and cellars	the house and its rooms
basement armory	basements and cellars	the house and its rooms
basement door	basements and cellars	the house and its rooms
basement pen	cages and pens	ropes, cages and executions
basins of blood	trails and pools of blood	blood
basket	boxes, chests and containers	household objects and machines
bat bone ink	ritual tools and offerings	holy and occult objects
bat locket	necklaces and lockets	clothes, jewellery and keepsakes
bat-like creatures	unnamed creatures	monsters and hybrid creatures
bat-shaped asylum	hospitals and asylums	buildings and public places
bathrobe	other clothing	clothes, jewellery and keepsakes
bathroom scale	everyday objects	household objects and machines
bats in the cave	wild beasts	animals and birds
batteries	electricity and power	household objects and machines
battle axe	axes and cleavers	weapons and tools
battlefield	fields and crops	wild and lonely places
battlefield graveyard	cemeteries	graves, coffins and funerals
bay	lakes, ponds and rivers	water and drowning
bayonet	swords and spears	weapons and tools
beached sharks	dead, hurt and skinned animals	animals and birds
bears	wild beasts	animals and birds
beating bird wings	other birds	animals and birds
beating heart	body organs	wounded and changing bodies
beating heart in walls	walls, floors and ceilings	the house and its rooms
bed on fire	bedrooms and beds	the house and its rooms
bed sheets as ghost costume	costumes and disguises	dolls, masks and likenesses
bed, bucket and camera	hidden rooms and passages	the house and its rooms
bedposts	bedrooms and beds	the house and its rooms
bedridden woman	sick and dying people	wounded and changing bodies
bedroom door	doors	the house and its rooms
bee-like creatures	unnamed creatures	monsters and hybrid creatures
beehive	insects and swarms	vermin and creeping things
beer crates	boxes, chests and containers	household objects and machines
bees	insects and swarms	vermin and creeping things
beetle on a nail	insects and swarms	vermin and creeping things
beetles	insects and swarms	vermin and creeping things
beetles and insects	insects and swarms	vermin and creeping things
beggar and his dog	dogs	animals and birds
beheaded corpse	severed heads	corpses and body parts
beheaded dog	dead, hurt and skinned animals	animals and birds
beheaded dolls	dolls	dolls, masks and likenesses
behind-the-scenes clip	video and film footage	pictures, screens and recordings
bell	bells	sounds, smells and silence
bell on the ankle	bells	sounds, smells and silence
bells	bells	sounds, smells and silence
bells and cameras	surveillance cameras and monitors	pictures, screens and recordings
belt	other clothing	clothes, jewellery and keepsakes
bengali song at night	songs and music	sounds, smells and silence
berlin wall	walls, floors and ceilings	the house and its rooms
best friend necklace	necklaces and lockets	clothes, jewellery and keepsakes
betting board	signs and posters	books, letters and writing
bier with tied body	funerals and mourning	graves, coffins and funerals
big empty house	abandoned houses	the house and its rooms
billboard	signs and posters	books, letters and writing
billhook	axes and cleavers	weapons and tools
binge food	meals and dishes	food, drink and drugs
biomechanical chair	chairs and furniture	household objects and machines
biplanes	planes and helicopters	vehicles and roads
bird at the window	other birds	animals and birds
birdman	half-human hybrids	monsters and hybrid creatures
birds at a hanged corpse	hanged bodies	corpses and body parts
birds cawing	other birds	animals and birds
birds falling from the sky	other birds	animals and birds
birth seen from the womb	pregnancy and birth	babies, birth and pregnancy
birthday cake	weddings, birthdays and parties	gatherings, games and closeness
birthday cake and candles	weddings, birthdays and parties	gatherings, games and closeness
birthday card	letters and notes	books, letters and writing
birthday card from father	letters and notes	books, letters and writing
bite like a cat or rat	bites and scratches	wounded and changing bodies
bite mark	bites and scratches	wounded and changing bodies
bite marks	bites and scratches	wounded and changing bodies
bite marks and bruises	bruises and rashes	wounded and changing bodies
bite on the neck	bites and scratches	wounded and changing bodies
bite wounds	bites and scratches	wounded and changing bodies
bitten fingernails	hands and fingers	wounded and changing bodies
bitten hand	bites and scratches	wounded and changing bodies
bitten lollipop as blade	knives and blades	weapons and tools
biwa	music boxes and instruments	sounds, smells and silence
black balloons	toys	dolls, masks and likenesses
black bile	vomit and bodily fluids	wounded and changing bodies
black bruise	bruises and rashes	wounded and changing bodies
black cat's grave	graves and gravestones	graves, coffins and funerals
black cloth over head	bags over heads	ropes, cages and executions
black cockerel and white hen	other birds	animals and birds
black eyes	strange eyes	wounded and changing bodies
black fingertips	deformed and altered bodies	wounded and changing bodies
black fluid	vomit and bodily fluids	wounded and changing bodies
black fly	flies and maggots	vermin and creeping things
black funerary garb	funerals and mourning	graves, coffins and funerals
black gloves	other clothing	clothes, jewellery and keepsakes
black hair	hair	wounded and changing bodies
black hood	coats, cloaks and hats	clothes, jewellery and keepsakes
black lake	lakes, ponds and rivers	water and drowning
black liquid	vomit and bodily fluids	wounded and changing bodies
black mould	mushrooms and fungus	plants, trees and fungus
black pyramid	other buildings	buildings and public places
black sludge	slime and strange ooze	monsters and hybrid creatures
black sludge from ceiling	slime and strange ooze	monsters and hybrid creatures
black stain on the wall	walls, floors and ceilings	the house and its rooms
black substance	slime and strange ooze	monsters and hybrid creatures
black tape over gaps	locked doors and rooms	the house and its rooms
black telephone	phones and calls	pictures, screens and recordings
black vomit	vomit and bodily fluids	wounded and changing bodies
black witch	witches and hags	ghosts and strange figures
black wolves	wild beasts	animals and birds
blacklight	flickering and strange lights	weather, sky and darkness
blacklight paintings	portraits and paintings	pictures, screens and recordings
blade in tripod	knives and blades	weapons and tools
bladed glove	knives and blades	weapons and tools
blanket as child	babies and infants	babies, birth and pregnancy
bleach	poisons, fuels and chemicals	food, drink and drugs
bleating animal	farm animals	animals and birds
bleeding head wound	wounds and cuts	wounded and changing bodies
blender	saws and power tools	weapons and tools
blind children	strange eyes	wounded and changing bodies
blind nun	strange eyes	wounded and changing bodies
blind priest at window	figures at windows and doors	ghosts and strange figures
blind woman	strange eyes	wounded and changing bodies
blinds	windows	the house and its rooms
blinking eyes	strange eyes	wounded and changing bodies
blizzard	snow and cold	weather, sky and darkness
bloated body	rotting and preserved bodies	corpses and body parts
block of ice	frozen water and ice	water and drowning
blocked stairwells	stairs and hallways	the house and its rooms
blood and viscera	blood	blood
blood bags	drinking and stored blood	blood
blood dripping from ceiling	blood on walls and floors	blood
blood from wrist	drinking and stored blood	blood
blood in a glass of water	drinking and stored blood	blood
blood in food	drinking and stored blood	blood
blood on a bed	blood on walls and floors	blood
blood on a window	blood on walls and floors	blood
blood on the floor	blood on walls and floors	blood
blood on the van	blood on walls and floors	blood
blood on walls	blood on walls and floors	blood
blood packs	drinking and stored blood	blood
blood pentagram	symbols and messages in blood	blood
blood red eyes	strange eyes	wounded and changing bodies
blood thread	drinking and stored blood	blood
blood transfusion	drinking and stored blood	blood
blood used as ink	symbols and messages in blood	blood
blood-covered child	bloodied people and clothes	blood
blood-filled coffin	drinking and stored blood	blood
blood-red moon	moon and eclipses	weather, sky and darkness
blood-soaked clothing	bloodied people and clothes	blood
bloodied hands	bloodied people and clothes	blood
bloodied man on road	bloodied people and clothes	blood
bloodied sack	bloodied people and clothes	blood
bloodstained raincoat	bloodied people and clothes	blood
bloodstains	trails and pools of blood	blood
bloody arm	bloodied people and clothes	blood
bloody dog in fog	bloodied people and clothes	blood
bloody hand	bloodied people and clothes	blood
bloody knife	knives and blades	weapons and tools
blooming vegetation	vines, hedges and strange plants	plants, trees and fungus
blowtorch	saws and power tools	weapons and tools
blue iris	strange eyes	wounded and changing bodies
blue-eyed dog	dogs	animals and birds
bluebeard	stories and rhymes told	books, letters and writing
blurred photograph	photographs	pictures, screens and recordings
boar	farm animals	animals and birds
board game by lantern	games	gatherings, games and closeness
boarded cellar	basements and cellars	the house and its rooms
boarded door	locked doors and rooms	the house and its rooms
boarded windows	locked doors and rooms	the house and its rooms
boat with dying man	strangers and odd people	ghosts and strange figures
bobby pin	crowns, hairpins and jewellery	clothes, jewellery and keepsakes
bodies in bags	piles and pits of bodies	corpses and body parts
bodies in bathroom	piles and pits of bodies	corpses and body parts
bodies in the forest	piles and pits of bodies	corpses and body parts
bodies in trees	piles and pits of bodies	corpses and body parts
bodies under floorboards	hidden and buried bodies	corpses and body parts
bodies under houses	hidden and buried bodies	corpses and body parts
bodies washed ashore	drowned and floating bodies	corpses and body parts
body bag	corpses	corpses and body parts
body hanging from a tree	hanged bodies	corpses and body parts
body hanging from tree	hanged bodies	corpses and body parts
body impaled on branches	impaled and mutilated bodies	corpses and body parts
body in concrete	hidden and buried bodies	corpses and body parts
body in eighteen pieces	severed limbs and organs	corpses and body parts
body in formaldehyde	rotting and preserved bodies	corpses and body parts
body in the wall	hidden and buried bodies	corpses and body parts
body part in a gift box	severed limbs and organs	corpses and body parts
body pit	piles and pits of bodies	corpses and body parts
body turned inside out	guts and opened bodies	corpses and body parts
bog	swamps and marshes	wild and lonely places
boiler room	basements and cellars	the house and its rooms
boiling pot	meals and dishes	food, drink and drugs
boiling soup	meals and dishes	food, drink and drugs
bolt-cutters	other weapons and tools	weapons and tools
bomb	bombs and explosives	weapons and tools
bombs in the house	bombs and explosives	weapons and tools
bone furniture	skeletons, skulls and bones	corpses and body parts
bone whistle	skeletons, skulls and bones	corpses and body parts
bone-saw	surgical instruments	weapons and tools
bones called a dog	skeletons, skulls and bones	corpses and body parts
bonfires	bonfires and pyres	fire, smoke and burning
book covers as map	books	books, letters and writing
book of rites	spell books and holy books	holy and occult objects
book of spells	spell books and holy books	holy and occult objects
book of the legend	books	books, letters and writing
book of tibetan mysticism	spell books and holy books	holy and occult objects
book on the djinn	spell books and holy books	holy and occult objects
book on witchcraft	spell books and holy books	holy and occult objects
book with a face	books	books, letters and writing
boot	other clothing	clothes, jewellery and keepsakes
boots removed	other clothing	clothes, jewellery and keepsakes
border collie	dogs	animals and birds
bottle of blood	drinking and stored blood	blood
bottle of vodka	alcohol	food, drink and drugs
bottles of blood	drinking and stored blood	blood
boulders	stones and rocks	wild and lonely places
bound feet	restraints and gags	ropes, cages and executions
bound mother	restraints and gags	ropes, cages and executions
box for sleeping	coffins and caskets	graves, coffins and funerals
box of gold	money and gold	clothes, jewellery and keepsakes
box of matches	fire and flames	fire, smoke and burning
boxes of soil	boxes, chests and containers	household objects and machines
boy in a cage	cages and pens	ropes, cages and executions
boy with cut throat	wounds and cuts	wounded and changing bodies
bra	other clothing	clothes, jewellery and keepsakes
braid	hair	wounded and changing bodies
brain implant	metal and machines in the body	wounded and changing bodies
branch	vines, hedges and strange plants	plants, trees and fungus
branding iron	torture devices	ropes, cages and executions
bread	meals and dishes	food, drink and drugs
bread and wine	meals and dishes	food, drink and drugs
breadcrumbs	meals and dishes	food, drink and drugs
breathing over the radio	radios and broadcasts	pictures, screens and recordings
breathing under mask	masks	dolls, masks and likenesses
bricked-up exits	locked doors and rooms	the house and its rooms
bricked-up windows	locked doors and rooms	the house and its rooms
bridal gown	wedding clothes	clothes, jewellery and keepsakes
bride levitating	levitating people and things	ghosts and strange figures
briefcase of gold	money and gold	clothes, jewellery and keepsakes
bristly hairs	hair	wounded and changing bodies
broken bowl	everyday objects	household objects and machines
broken camera light	cameras	pictures, screens and recordings
broken cane	hammers and blunt tools	weapons and tools
broken glass	broken mirrors and glass	mirrors and glass
broken glass and petals	broken mirrors and glass	mirrors and glass
broken glasses	everyday objects	household objects and machines
broken guitar neck	music boxes and instruments	sounds, smells and silence
broken horns	teeth, horns and claws	wounded and changing bodies
broken inhaler	pills, inhalers and medicine	food, drink and drugs
broken leg	wounds and cuts	wounded and changing bodies
broken sink	taps, drains and leaks	water and drowning
broken spectacles	everyday objects	household objects and machines
broken window	broken mirrors and glass	mirrors and glass
broom handle	hammers and blunt tools	weapons and tools
bruise	bruises and rashes	wounded and changing bodies
bucket of blood	trails and pools of blood	blood
bugs and worms	insects and swarms	vermin and creeping things
bullet	guns	weapons and tools
burial alive	burial alive	graves, coffins and funerals
burial site	graves and gravestones	graves, coffins and funerals
buried body	hidden and buried bodies	corpses and body parts
buried dolls	dolls	dolls, masks and likenesses
buried phone	phones and calls	pictures, screens and recordings
buried photo album	photographs	pictures, screens and recordings
buried river	lakes, ponds and rivers	water and drowning
buried underground city	holes, pits and tunnels	wild and lonely places
burlap mask	masks	dolls, masks and likenesses
burlap sack mask	masks	dolls, masks and likenesses
burn mark	scars and burns	wounded and changing bodies
burn marks	scars and burns	wounded and changing bodies
burn scar	scars and burns	wounded and changing bodies
burned hut	burning buildings and places	fire, smoke and burning
burned manuscript	books	books, letters and writing
burned shuttle	spacecraft	vehicles and roads
burning bar	burning buildings and places	fire, smoke and burning
burning crucifix	crosses and crucifixes	holy and occult objects
burning forest	burning buildings and places	fire, smoke and burning
burning girl	burning bodies	fire, smoke and burning
burning hut	burning buildings and places	fire, smoke and burning
burning kiln	burning buildings and places	fire, smoke and burning
burning mansion	burning buildings and places	fire, smoke and burning
burning notes	letters and notes	books, letters and writing
burning stuffed animal	toys	dolls, masks and likenesses
burning tires	fire and flames	fire, smoke and burning
burning town	burning buildings and places	fire, smoke and burning
burning windmill	burning buildings and places	fire, smoke and burning
burnt book	books	books, letters and writing
burnt paper	smoke, ash and scorch	fire, smoke and burning
burnt photograph	photographs	pictures, screens and recordings
burnt tramp headline	papers, maps and records	books, letters and writing
bushpig	farm animals	animals and birds
business card	letters and notes	books, letters and writing
bust	statues, carvings and pottery	dolls, masks and likenesses
butterflies	insects and swarms	vermin and creeping things
butterflies and insects	insects and swarms	vermin and creeping things
butterfly collection	insects and swarms	vermin and creeping things
button eyes	strange eyes	wounded and changing bodies
buzzard	other birds	animals and birds
buzzing flies	flies and maggots	vermin and creeping things
buzzing insect	insects and swarms	vermin and creeping things
buzzing insects	insects and swarms	vermin and creeping things
cabin	cabins and huts	buildings and public places
cabin in the woods	cabins and huts	buildings and public places
cabinet	chairs and furniture	household objects and machines
cabinet of shed body parts	severed limbs and organs	corpses and body parts
cadaver	corpses	corpses and body parts
cadillac	cars	vehicles and roads
cage over fire	cages and pens	ropes, cages and executions
caged canary	other birds	animals and birds
caged monsters	cages and pens	ropes, cages and executions
caged rabbits	rabbits and hares	animals and birds
cages	cages and pens	ropes, cages and executions
cairns	stones and rocks	wild and lonely places
cake	sweets and cakes	food, drink and drugs
calendar in a photograph	photographs	pictures, screens and recordings
calendar triangle	numbers and codes	books, letters and writing
calf	farm animals	animals and birds
call bell	bells	sounds, smells and silence
calligraphy brush	everyday objects	household objects and machines
camcorder	cameras	pictures, screens and recordings
camcorder footage	video and film footage	pictures, screens and recordings
camera flashes	cameras	pictures, screens and recordings
camera tape	tapes and records	pictures, screens and recordings
camp bells	bells	sounds, smells and silence
camp sign	signs and posters	books, letters and writing
campfire in moonlight	bonfires and pyres	fire, smoke and burning
canal	lakes, ponds and rivers	water and drowning
candelabra	candles and lamps	weather, sky and darkness
candles and sugar	ritual tools and offerings	holy and occult objects
candles on the hill	ritual tools and offerings	holy and occult objects
candlestick	candles and lamps	weather, sky and darkness
candlesticks	candles and lamps	weather, sky and darkness
candy box with heart	sweets and cakes	food, drink and drugs
candy man song	songs and music	sounds, smells and silence
cane	hammers and blunt tools	weapons and tools
cans thrown to the creature	unnamed creatures	monsters and hybrid creatures
cape and false fangs	costumes and disguises	dolls, masks and likenesses
capsized boat	boats and ships	vehicles and roads
car alarm	cars	vehicles and roads
car at night	cars	vehicles and roads
car crash on the road	car crashes	vehicles and roads
car explosion	explosions and fireworks	fire, smoke and burning
car headlight	cars	vehicles and roads
car keys	keys	clothes, jewellery and keepsakes
car moved in the night	cars	vehicles and roads
car radio	radios and broadcasts	pictures, screens and recordings
car sinking in pond	lakes, ponds and rivers	water and drowning
car tyre	cars	vehicles and roads
caravan	trucks and vans	vehicles and roads
carbon monoxide	poisons, fuels and chemicals	food, drink and drugs
carcass	dead, hurt and skinned animals	animals and birds
carcass on the road	dead, hurt and skinned animals	animals and birds
card game	games	gatherings, games and closeness
cardboard boxes	boxes, chests and containers	household objects and machines
cardinal and empty cage	cages and pens	ropes, cages and executions
cargo loader	trucks and vans	vehicles and roads
carnival	fairgrounds and sports grounds	buildings and public places
carnivorous plant	vines, hedges and strange plants	plants, trees and fungus
carousel	fairgrounds and sports grounds	buildings and public places
carpets	everyday objects	household objects and machines
carriage	carriages, bikes and buses	vehicles and roads
carriage door	doors	the house and its rooms
cart of dead	carriages, bikes and buses	vehicles and roads
cartoon goblin advert	television	pictures, screens and recordings
carved font	statues, carvings and pottery	dolls, masks and likenesses
carved initials	written words and graffiti	books, letters and writing
carved pumpkin	holidays and festivals	gatherings, games and closeness
carved wooden post	statues, carvings and pottery	dolls, masks and likenesses
carving fork	knives and blades	weapons and tools
cassette recorder	tapes and records	pictures, screens and recordings
cassette tapes	tapes and records	pictures, screens and recordings
cast	wheelchairs, limps and prosthetics	wounded and changing bodies
castle dungeon	castles and palaces	buildings and public places
cat and rabbit	cats	animals and birds
cat feces and dove hearts	ritual tools and offerings	holy and occult objects
cat hair and lizard tail	ritual tools and offerings	holy and occult objects
cat killing a bird	cats	animals and birds
cat statue	statues, carvings and pottery	dolls, masks and likenesses
cat thrown in bonfire	dead, hurt and skinned animals	animals and birds
catalogue	papers, maps and records	books, letters and writing
catatonic girl	eerie children	ghosts and strange figures
caterpillar	insects and swarms	vermin and creeping things
caterpillar becoming a moth	insects and swarms	vermin and creeping things
cathedral altar	ritual tools and offerings	holy and occult objects
cattle	farm animals	animals and birds
cattle stampede	farm animals	animals and birds
cauldron of gumbo	meals and dishes	food, drink and drugs
cave markings	caves and mines	wild and lonely places
cave painting	portraits and paintings	pictures, screens and recordings
cawing birds	other birds	animals and birds
celebration cake	weddings, birthdays and parties	gatherings, games and closeness
cell number	numbers and codes	books, letters and writing
cellar	basements and cellars	the house and its rooms
cellar objects	basements and cellars	the house and its rooms
cellar trapdoor	basements and cellars	the house and its rooms
cellular phone	phones and calls	pictures, screens and recordings
cemetery gate inscription	written words and graffiti	books, letters and writing
ceramic penguin	statues, carvings and pottery	dolls, masks and likenesses
cereal slogan	signs and posters	books, letters and writing
chain	chains and shackles	ropes, cages and executions
chained bedroom	chains and shackles	ropes, cages and executions
chained infected soldier	chains and shackles	ropes, cages and executions
chained old woman	chains and shackles	ropes, cages and executions
chained woman	chains and shackles	ropes, cages and executions
chair on the ceiling	walls, floors and ceilings	the house and its rooms
chalice	ritual tools and offerings	holy and occult objects
chalk	drawings	pictures, screens and recordings
chalk circle	protective herbs, grains and circles	holy and occult objects
chalk door	doors	the house and its rooms
chalk drawings	drawings	pictures, screens and recordings
chanted 'nameless grave'	songs and music	sounds, smells and silence
chanting through the wall	songs and music	sounds, smells and silence
chanting voices	songs and music	sounds, smells and silence
chapel	churches and temples	buildings and public places
chapel wake	funerals and mourning	graves, coffins and funerals
charm	charms, amulets and spells	holy and occult objects
chasm	cliffs, hills and mountains	wild and lonely places
chef's knife	knives and blades	weapons and tools
chess board	games	gatherings, games and closeness
chess computer	computers and messages	pictures, screens and recordings
chess game	games	gatherings, games and closeness
chest	chairs and furniture	household objects and machines
chest burst	guts and opened bodies	corpses and body parts
chest mouth	deformed and altered bodies	wounded and changing bodies
chicken	farm animals	animals and birds
chicken blood	drinking and stored blood	blood
chickens	farm animals	animals and birds
chickpeas	meals and dishes	food, drink and drugs
child	eerie children	ghosts and strange figures
child at the door	eerie children	ghosts and strange figures
child barks like a dog	eerie children	ghosts and strange figures
child ghost	eerie children	ghosts and strange figures
child graves	graves and gravestones	graves, coffins and funerals
child imitating an engine	eerie children	ghosts and strange figures
child on the road	eerie children	ghosts and strange figures
child photo	photographs	pictures, screens and recordings
child with bloody legs	eerie children	ghosts and strange figures
child's crayon list	letters and notes	books, letters and writing
child's grave	graves and gravestones	graves, coffins and funerals
child's voice	voices and whispers	sounds, smells and silence
childhood game chant	lullabies and children's songs	sounds, smells and silence
children singing	songs and music	sounds, smells and silence
children's bodies	corpses	corpses and body parts
children's halloween party	holidays and festivals	gatherings, games and closeness
children's may song	lullabies and children's songs	sounds, smells and silence
children's rumour book	books	books, letters and writing
children's song	lullabies and children's songs	sounds, smells and silence
children's tv show	television	pictures, screens and recordings
chimneys	houses and mansions	the house and its rooms
chimpanzees	monkeys and apes	animals and birds
chocolate hares	sweets and cakes	food, drink and drugs
chocolate mousse	sweets and cakes	food, drink and drugs
chocolates on the pillow	sweets and cakes	food, drink and drugs
christening medal	necklaces and lockets	clothes, jewellery and keepsakes
christmas carol	songs and music	sounds, smells and silence
christmas carolers	songs and music	sounds, smells and silence
christmas carp	fish and sea creatures	animals and birds
christmas eve	holidays and festivals	gatherings, games and closeness
christmas song on radio	radios and broadcasts	pictures, screens and recordings
church bell	bells	sounds, smells and silence
church bell at midnight	bells	sounds, smells and silence
church massacre	churches and temples	buildings and public places
church organ	music boxes and instruments	sounds, smells and silence
church spires	churches and temples	buildings and public places
cigarette butt	everyday objects	household objects and machines
cigarette case	everyday objects	household objects and machines
cigarette, match and champagne	alcohol	food, drink and drugs
cinema screening	cinemas, theatres and projectors	pictures, screens and recordings
circus	fairgrounds and sports grounds	buildings and public places
cistern	wells and cisterns	water and drowning
clapping hands	strange noises	sounds, smells and silence
clawed hand	teeth, horns and claws	wounded and changing bodies
clay dolls	dolls	dolls, masks and likenesses
clay figure	statues, carvings and pottery	dolls, masks and likenesses
cleaner's strange tools	other weapons and tools	weapons and tools
cleaning products	poisons, fuels and chemicals	food, drink and drugs
clock at 23:59	numbers and codes	books, letters and writing
clock radio	radios and broadcasts	pictures, screens and recordings
clock striking midnight	clocks and watches	household objects and machines
clocks	clocks and watches	household objects and machines
closed room	houses and mansions	the house and its rooms
closet door	closets and wardrobes	the house and its rooms
closet holes	closets and wardrobes	the house and its rooms
clothes	other clothing	clothes, jewellery and keepsakes
clothes line	other clothing	clothes, jewellery and keepsakes
cloud of smoke	smoke, ash and scorch	fire, smoke and burning
cloud that never moves	strange clouds and skies	weather, sky and darkness
cloud-shaped clouds	strange clouds and skies	weather, sky and darkness
cloudy eyes	strange eyes	wounded and changing bodies
clown	clowns and performers	ghosts and strange figures
clown doll	dolls	dolls, masks and likenesses
coal shed	farms and barns	buildings and public places
coat button	coats, cloaks and hats	clothes, jewellery and keepsakes
coat hook	hooks and spikes	weapons and tools
cobra liquor	alcohol	food, drink and drugs
cobwebs and rats	rats and mice	vermin and creeping things
cocaine	potions and drugs	food, drink and drugs
cockatoo	other birds	animals and birds
cockroaches	insects and swarms	vermin and creeping things
cocktail	alcohol	food, drink and drugs
coconut	fruit	plants, trees and fungus
cocoons	insects and swarms	vermin and creeping things
coded letters	letters and notes	books, letters and writing
coffin bed	coffins and caskets	graves, coffins and funerals
coffin card	spirit boards and tarot	holy and occult objects
coffin with a window	coffins and caskets	graves, coffins and funerals
coffin-like box	coffins and caskets	graves, coffins and funerals
coin in the heart	money and gold	clothes, jewellery and keepsakes
coin mask	masks	dolls, masks and likenesses
coins	money and gold	clothes, jewellery and keepsakes
coins falling from the sky	strange clouds and skies	weather, sky and darkness
cold body	corpses	corpses and body parts
cold spot	felt presences and cold	sounds, smells and silence
colossal creature	giant creatures	monsters and hybrid creatures
combing hair	hair	wounded and changing bodies
comet	stars, comets and meteors	weather, sky and darkness
communion dress	dresses	clothes, jewellery and keepsakes
communion wafer	holy water and sacraments	holy and occult objects
computer disk	computers and messages	pictures, screens and recordings
computer screen	computers and messages	pictures, screens and recordings
concert program	letters and notes	books, letters and writing
conch shell call	music boxes and instruments	sounds, smells and silence
concrete saw	saws and power tools	weapons and tools
confession letter	letters and notes	books, letters and writing
confessional	churches and temples	buildings and public places
conjoined twins	doubles and twins	ghosts and strange figures
consecrated ashes	holy water and sacraments	holy and occult objects
consumer goods	everyday objects	household objects and machines
contagious evil	unclear	unclear
contraceptive pills	pills, inhalers and medicine	food, drink and drugs
contract	papers, maps and records	books, letters and writing
convent bell	bells	sounds, smells and silence
convulsing body	sick and dying people	wounded and changing bodies
coolers of meat	meat	food, drink and drugs
corkscrew	other weapons and tools	weapons and tools
corn crucifix	crosses and crucifixes	holy and occult objects
corn silo	farms and barns	buildings and public places
corpse at table	corpses	corpses and body parts
corpse at window	corpses	corpses and body parts
corpse in a bass case	hidden and buried bodies	corpses and body parts
corpse in a closet	hidden and buried bodies	corpses and body parts
corpse in a crate	hidden and buried bodies	corpses and body parts
corpse in a freezer	hidden and buried bodies	corpses and body parts
corpse in a tomb	hidden and buried bodies	corpses and body parts
corpse in bed	hidden and buried bodies	corpses and body parts
corpse in cellar	hidden and buried bodies	corpses and body parts
corpse in morgue	corpses	corpses and body parts
corpse in plastic	corpses	corpses and body parts
corpse in river	drowned and floating bodies	corpses and body parts
corpse in rocking chair	hidden and buried bodies	corpses and body parts
corpse in the sea	drowned and floating bodies	corpses and body parts
corpse in water	drowned and floating bodies	corpses and body parts
corpse into dust	rotting and preserved bodies	corpses and body parts
corpse missing its spine	guts and opened bodies	corpses and body parts
corpse nailed to wall	impaled and mutilated bodies	corpses and body parts
corpse on a gibbet	hanged bodies	corpses and body parts
corpse on a monument	corpses	corpses and body parts
corpse on a stretcher	corpses	corpses and body parts
corpse on the subway	corpses	corpses and body parts
corpse parts	severed limbs and organs	corpses and body parts
corpse rising	the walking dead	corpses and body parts
corpse that laughs	the walking dead	corpses and body parts
corpse umbrella fence	corpses	corpses and body parts
corpse under the house	hidden and buried bodies	corpses and body parts
corpse with ruined eyes	corpses	corpses and body parts
corpses	corpses	corpses and body parts
corpses at a table	piles and pits of bodies	corpses and body parts
corpses in a pool	drowned and floating bodies	corpses and body parts
corpses in basement	piles and pits of bodies	corpses and body parts
corpses in bathtub	corpses	corpses and body parts
corpses sewn to walls	impaled and mutilated bodies	corpses and body parts
corpses walking in line	the walking dead	corpses and body parts
corridors with secretions	slime and strange ooze	monsters and hybrid creatures
corrosive vomit	vomit and bodily fluids	wounded and changing bodies
costume	costumes and disguises	dolls, masks and likenesses
costume party	weddings, birthdays and parties	gatherings, games and closeness
costumed intruders	costumes and disguises	dolls, masks and likenesses
cottage	houses and mansions	the house and its rooms
cotton candy grapes	sweets and cakes	food, drink and drugs
cotton stuffing	everyday objects	household objects and machines
cough	strange noises	sounds, smells and silence
counted footsteps	knocking and banging	sounds, smells and silence
country estate	houses and mansions	the house and its rooms
coventry carol	songs and music	sounds, smells and silence
cover over head	bags over heads	ropes, cages and executions
covered heads	bags over heads	ropes, cages and executions
cows	farm animals	animals and birds
cows at a slaughterhouse	farm animals	animals and birds
coyote	wild beasts	animals and birds
coyotes	wild beasts	animals and birds
cpr	kisses and embraces	gatherings, games and closeness
crabs on a beach	fish and sea creatures	animals and birds
crabs with human faces	half-human hybrids	monsters and hybrid creatures
crack	walls, floors and ceilings	the house and its rooms
crack in the wall	walls, floors and ceilings	the house and its rooms
cracking glass	broken mirrors and glass	mirrors and glass
cracking knuckles	strange noises	sounds, smells and silence
crane hook	hooks and spikes	weapons and tools
crashed car	car crashes	vehicles and roads
crashed van	car crashes	vehicles and roads
crashes in the walls	knocking and banging	sounds, smells and silence
crashing plane	planes and helicopters	vehicles and roads
crate	boxes, chests and containers	household objects and machines
crater	cliffs, hills and mountains	wild and lonely places
crawl space	basements and cellars	the house and its rooms
crayon drawings	drawings	pictures, screens and recordings
creaking merry-go-round	strange noises	sounds, smells and silence
creature in the woods	unnamed creatures	monsters and hybrid creatures
creatures	unnamed creatures	monsters and hybrid creatures
creepy old radio song	radios and broadcasts	pictures, screens and recordings
crematorium	morgues and crematoria	graves, coffins and funerals
crematorium chimney	morgues and crematoria	graves, coffins and funerals
crematorium oven	morgues and crematoria	graves, coffins and funerals
crescent birthmark	marks and symbols on skin	wounded and changing bodies
crevice	stones and rocks	wild and lonely places
crib	cradles and nurseries	babies, birth and pregnancy
crib and sofa	cradles and nurseries	babies, birth and pregnancy
cricket bat	hammers and blunt tools	weapons and tools
cries for help	screams, cries and laughter	sounds, smells and silence
cross on the wall	crosses and crucifixes	holy and occult objects
cross pendant	crosses and crucifixes	holy and occult objects
crosses on the walls	crosses and crucifixes	holy and occult objects
crossroads	roads and bridges	vehicles and roads
crowbar	hammers and blunt tools	weapons and tools
crowd of ghosts	ghosts and apparitions	ghosts and strange figures
crown	crowns, hairpins and jewellery	clothes, jewellery and keepsakes
crows and porcupines	crows and ravens	animals and birds
crows on a corpse	corpses	corpses and body parts
crows on corpses	corpses	corpses and body parts
crows on jungle gym	crows and ravens	animals and birds
crows' blood	drinking and stored blood	blood
crucifix forbidden	crosses and crucifixes	holy and occult objects
crucifixion	gallows and execution	ropes, cages and executions
crucifixion and fire	gallows and execution	ropes, cages and executions
cruciform shotgun	guns	weapons and tools
crumbling ceiling	walls, floors and ceilings	the house and its rooms
crying babies	babies and infants	babies, birth and pregnancy
crying baby on the radio	babies and infants	babies, birth and pregnancy
crying infant	babies and infants	babies, birth and pregnancy
crystal object	keepsakes and belongings	clothes, jewellery and keepsakes
cuckoo and dead chicks	dead, hurt and skinned animals	animals and birds
cupboard	closets and wardrobes	the house and its rooms
curling iron	household appliances	household objects and machines
cursed casket	coffins and caskets	graves, coffins and funerals
cursed email	computers and messages	pictures, screens and recordings
curtains and blinds	windows	the house and its rooms
custard	sweets and cakes	food, drink and drugs
cut black hair	hair	wounded and changing bodies
cut on a finger	wounds and cuts	wounded and changing bodies
cuts on arm	wounds and cuts	wounded and changing bodies
cyclist	strangers and odd people	ghosts and strange figures
cylinder of green liquid	machines and devices	household objects and machines
daffodils	flowers	plants, trees and fungus
daggers	knives and blades	weapons and tools
dam	factories and industrial sites	buildings and public places
dancer apparition	ghosts and apparitions	ghosts and strange figures
dancing corpses	the walking dead	corpses and body parts
dark forest	forests and woods	wild and lonely places
dark shape in the surf	sea and shore	water and drowning
darkened cell	prisons and cells	buildings and public places
darkening flock of birds	other birds	animals and birds
dead bird on the road	dead, hurt and skinned animals	animals and birds
dead birds	dead, hurt and skinned animals	animals and birds
dead boy scouts	corpses	corpses and body parts
dead canary	dead, hurt and skinned animals	animals and birds
dead cat in refrigerator	dead, hurt and skinned animals	animals and birds
dead child	corpses	corpses and body parts
dead cow	dead, hurt and skinned animals	animals and birds
dead deer	dead, hurt and skinned animals	animals and birds
dead dogs	dead, hurt and skinned animals	animals and birds
dead fish	dead, hurt and skinned animals	animals and birds
dead goat	dead, hurt and skinned animals	animals and birds
dead gull	dead, hurt and skinned animals	animals and birds
dead gull in cistern	dead, hurt and skinned animals	animals and birds
dead infant in basement	dead and unborn babies	babies, birth and pregnancy
dead leaves	dead and dying plants	plants, trees and fungus
dead man's seat	corpses	corpses and body parts
dead mother's keepsake	keepsakes and belongings	clothes, jewellery and keepsakes
dead mouse	dead, hurt and skinned animals	animals and birds
dead pet	dead, hurt and skinned animals	animals and birds
dead phone line	phones and calls	pictures, screens and recordings
dead pigeon	dead, hurt and skinned animals	animals and birds
dead plant	dead and dying plants	plants, trees and fungus
dead plants	dead and dying plants	plants, trees and fungus
dead pregnant cat	dead, hurt and skinned animals	animals and birds
dead puppy	dead, hurt and skinned animals	animals and birds
dead rat	dead, hurt and skinned animals	animals and birds
dead seagulls	dead, hurt and skinned animals	animals and birds
dead sister's room	houses and mansions	the house and its rooms
dead tree	dead and dying plants	plants, trees and fungus
death as a woman	figures of death	ghosts and strange figures
death certificate	papers, maps and records	books, letters and writing
death marks	marks and symbols on skin	wounded and changing bodies
death pit	piles and pits of bodies	corpses and body parts
death rattle	breath and heartbeat	wounded and changing bodies
death's-head moth	insects and swarms	vermin and creeping things
deathbird	crows and ravens	animals and birds
decapitated statue	statues, carvings and pottery	dolls, masks and likenesses
decapitation	severed heads	corpses and body parts
decayed child	rotting and preserved bodies	corpses and body parts
decaying corpse	rotting and preserved bodies	corpses and body parts
decaying flesh	rotting and preserved bodies	corpses and body parts
deck of cards	games	gatherings, games and closeness
deep hole	holes, pits and tunnels	wild and lonely places
deep pit	holes, pits and tunnels	wild and lonely places
deep water warning sign	signs and posters	books, letters and writing
deer carcass	dead, hurt and skinned animals	animals and birds
deer in the forest	deer and antlers	animals and birds
deformed body	deformed and altered bodies	wounded and changing bodies
deformed children	eerie children	ghosts and strange figures
deformed skull	skeletons, skulls and bones	corpses and body parts
demonic hands	demons and devils	monsters and hybrid creatures
demons	demons and devils	monsters and hybrid creatures
derelict boat	boats and ships	vehicles and roads
derelict palace	castles and palaces	buildings and public places
descending elevator	lifts and elevators	vehicles and roads
desecrated cross	crosses and crucifixes	holy and occult objects
desecrated statue	statues, carvings and pottery	dolls, masks and likenesses
deserted city	ruins and abandoned places	buildings and public places
deserted temple	churches and temples	buildings and public places
desiccated corpse	rotting and preserved bodies	corpses and body parts
destroyed bridge	roads and bridges	vehicles and roads
devil-faced playing cards	games	gatherings, games and closeness
diamond turned to heart	games	gatherings, games and closeness
diaries	diaries and journals	books, letters and writing
diazepam bottle	pills, inhalers and medicine	food, drink and drugs
digger named hana	trucks and vans	vehicles and roads
diner	shops and malls	buildings and public places
dinosaurs	giant creatures	monsters and hybrid creatures
dirt	dirt, dust and sand	wild and lonely places
dirt bikes	carriages, bikes and buses	vehicles and roads
dirty feet	feet and footprints	wounded and changing bodies
disappearing doors and windows	doors	the house and its rooms
disco floor	walls, floors and ceilings	the house and its rooms
disembodied hand	ghostly hands	ghosts and strange figures
disembodied voice	voices and whispers	sounds, smells and silence
disembodied voices	voices and whispers	sounds, smells and silence
disemboweled corpse	guts and opened bodies	corpses and body parts
disembowelment	guts and opened bodies	corpses and body parts
disfigured face	deformed and altered bodies	wounded and changing bodies
disinfection checkpoint	roads and bridges	vehicles and roads
dismembered corpses	impaled and mutilated bodies	corpses and body parts
dissected specimen	guts and opened bodies	corpses and body parts
distorted phone voice	phones and calls	pictures, screens and recordings
distorted photo	photographs	pictures, screens and recordings
distress signal	radios and broadcasts	pictures, screens and recordings
disturbed grave	graves and gravestones	graves, coffins and funerals
doctor's diary	diaries and journals	books, letters and writing
documentary camera	cameras	pictures, screens and recordings
documentary film	video and film footage	pictures, screens and recordings
documentary war footage	video and film footage	pictures, screens and recordings
dog barking	dogs	animals and birds
dog barking at the sea	dogs	animals and birds
dog bowl	dogs	animals and birds
dog collars	dogs	animals and birds
dog fed the spell	dogs	animals and birds
dog on the card	dogs	animals and birds
dog run over, alive	dead, hurt and skinned animals	animals and birds
dog sensing the unseen	dogs	animals and birds
dog yelping	dogs	animals and birds
dog-human hybrid	half-human hybrids	monsters and hybrid creatures
dog-man servant	half-human hybrids	monsters and hybrid creatures
dogs barking	dogs	animals and birds
dogs that fled	dogs	animals and birds
doll costume	costumes and disguises	dolls, masks and likenesses
doll in a bottle	dolls	dolls, masks and likenesses
doll in a pram	dolls	dolls, masks and likenesses
doll's head	dolls	dolls, masks and likenesses
doll's house	models and miniatures	dolls, masks and likenesses
doll's red lips	dolls	dolls, masks and likenesses
dollhouse	models and miniatures	dolls, masks and likenesses
dolls	dolls	dolls, masks and likenesses
don quixote	books	books, letters and writing
donald duck doll head	dolls	dolls, masks and likenesses
door behind clock	hidden rooms and passages	the house and its rooms
door crack	doors	the house and its rooms
doorbell	doors	the house and its rooms
doorbell footage	video and film footage	pictures, screens and recordings
dostoevsky novel	books	books, letters and writing
dough doll	dolls	dolls, masks and likenesses
doves	other birds	animals and birds
dracula costume	costumes and disguises	dolls, masks and likenesses
dragon-like beast	giant creatures	monsters and hybrid creatures
drain	taps, drains and leaks	water and drowning
drained body	corpses	corpses and body parts
drawing of a house	drawings	pictures, screens and recordings
drawing of ghost	drawings	pictures, screens and recordings
drawings of the family	drawings	pictures, screens and recordings
drawn wristwatch	clocks and watches	household objects and machines
dream house	houses and mansions	the house and its rooms
dream of car crash	car crashes	vehicles and roads
dream of dead mother	dreams and visions	unclear
drenched corpse	drowned and floating bodies	corpses and body parts
dress	dresses	clothes, jewellery and keepsakes
dress and wig	costumes and disguises	dolls, masks and likenesses
dried spider	dead, hurt and skinned animals	animals and birds
driftwood	trees	plants, trees and fungus
drive-in movie	cinemas, theatres and projectors	pictures, screens and recordings
driverless carriage	carriages, bikes and buses	vehicles and roads
drone	planes and helicopters	vehicles and roads
drop of blood	trails and pools of blood	blood
drowned body in pool	drowned and floating bodies	corpses and body parts
drowned boy in bathtub	drowned and floating bodies	corpses and body parts
drowned corpse	drowned and floating bodies	corpses and body parts
drowned double	drowned and floating bodies	corpses and body parts
drowned village	floods and rising water	water and drowning
drug injection	potions and drugs	food, drink and drugs
drug lab	labs and studios	buildings and public places
drugged food	poisoned food and drink	food, drink and drugs
drugged water	poisoned food and drink	food, drink and drugs
drums	music boxes and instruments	sounds, smells and silence
dugong	fish and sea creatures	animals and birds
dumbwaiter	lifts and elevators	vehicles and roads
dumplings	meals and dishes	food, drink and drugs
duplicate body	doubles and twins	ghosts and strange figures
dust	dirt, dust and sand	wild and lonely places
dying plants	dead and dying plants	plants, trees and fungus
dying sister in back bedroom	sick and dying people	wounded and changing bodies
dynamite	bombs and explosives	weapons and tools
e-mail	computers and messages	pictures, screens and recordings
eagle and possum	other birds	animals and birds
eagle's egg	other birds	animals and birds
earring	crowns, hairpins and jewellery	clothes, jewellery and keepsakes
ears	body organs	wounded and changing bodies
eaten hands	severed limbs and organs	corpses and body parts
eaten insects	insects and swarms	vermin and creeping things
eaten wastebasket	everyday objects	household objects and machines
eating with bare hands	hands and fingers	wounded and changing bodies
echoing song	songs and music	sounds, smells and silence
ectoplasmic worms	worms, slugs and snails	vermin and creeping things
eels	fish and sea creatures	animals and birds
eerie organ music	music boxes and instruments	sounds, smells and silence
effigy doll	dolls	dolls, masks and likenesses
egg yolk doubling	eggs	food, drink and drugs
ejection seat	planes and helicopters	vehicles and roads
electric fan	household appliances	household objects and machines
electric humming	strange noises	sounds, smells and silence
electric knife	knives and blades	weapons and tools
electrical cables	electricity and power	household objects and machines
electrical discharges	electricity and power	household objects and machines
electrical tower	electricity and power	household objects and machines
electrified clay wall	barbed wire and fences	ropes, cages and executions
electrified fence	barbed wire and fences	ropes, cages and executions
elephant	wild beasts	animals and birds
elevator of blood	trails and pools of blood	blood
elevator shaft	lifts and elevators	vehicles and roads
emaciated girl	eerie children	ghosts and strange figures
embalmed hand	severed limbs and organs	corpses and body parts
embalming rack	morgues and crematoria	graves, coffins and funerals
emergency broadcast	radios and broadcasts	pictures, screens and recordings
empty chair at the table	chairs and furniture	household objects and machines
empty clothes	other clothing	clothes, jewellery and keepsakes
empty desks	schools	buildings and public places
empty fishing nets	fish and sea creatures	animals and birds
empty fist	hands and fingers	wounded and changing bodies
empty hotel	hotels	buildings and public places
empty movie theatre	cinemas, theatres and projectors	pictures, screens and recordings
empty skin	flayed skin and faces	corpses and body parts
empty staring eyes	strange eyes	wounded and changing bodies
enchanted ink	ritual tools and offerings	holy and occult objects
english countryside	fields and crops	wild and lonely places
engravings	portraits and paintings	pictures, screens and recordings
enormous wave	sea and shore	water and drowning
entrails	guts and opened bodies	corpses and body parts
envelope	letters and notes	books, letters and writing
erotic statuette	statues, carvings and pottery	dolls, masks and likenesses
escaped fish	fish and sea creatures	animals and birds
ever-burning lamp	candles and lamps	weather, sky and darkness
evil eye charm	charms, amulets and spells	holy and occult objects
ewe	farm animals	animals and birds
exhumed bodies	hidden and buried bodies	corpses and body parts
exorcism dance	rites and ceremonies	gatherings, games and closeness
exploding head	impaled and mutilated bodies	corpses and body parts
extending arm	deformed and altered bodies	wounded and changing bodies
external womb	pregnancy and birth	babies, birth and pregnancy
eye colour question	strange eyes	wounded and changing bodies
eye gouging scene	strange eyes	wounded and changing bodies
eye in palm	strange eyes	wounded and changing bodies
eyeballs	strange eyes	wounded and changing bodies
eyeballs in hands	strange eyes	wounded and changing bodies
eyeless corpse	corpses	corpses and body parts
eyeless wife	strange eyes	wounded and changing bodies
eyes changed	strange eyes	wounded and changing bodies
eyes from a charnel house	severed limbs and organs	corpses and body parts
eyes in palms	strange eyes	wounded and changing bodies
eyes offered to the blind	strange eyes	wounded and changing bodies
eyes opening in coffin	coffins and caskets	graves, coffins and funerals
face creature	unnamed creatures	monsters and hybrid creatures
face in a cup of tea	milk and other drinks	food, drink and drugs
face in window	figures at windows and doors	ghosts and strange figures
face no one remembers	faces and mouths	wounded and changing bodies
face of terror	faces and mouths	wounded and changing bodies
face of the dead	faces and mouths	wounded and changing bodies
face without eyes or mouth	shadowy and faceless figures	ghosts and strange figures
facehuggers	aliens and pods	monsters and hybrid creatures
faceless creatures	unnamed creatures	monsters and hybrid creatures
faceless nurses	shadowy and faceless figures	ghosts and strange figures
fading reflection	reflections	mirrors and glass
failing crops	dead and dying plants	plants, trees and fungus
failing lights	flickering and strange lights	weather, sky and darkness
fake corpse	corpses	corpses and body parts
fake helicopter	planes and helicopters	vehicles and roads
falcon	other birds	animals and birds
fallen bridge	roads and bridges	vehicles and roads
fallen logs	trees	plants, trees and fungus
fallen tree	trees	plants, trees and fungus
falling crucifix	crosses and crucifixes	holy and occult objects
falling pipe	everyday objects	household objects and machines
false daylight	sun and daylight	weather, sky and darkness
false teeth	teeth, horns and claws	wounded and changing bodies
family in the driveway	doubles and twins	ghosts and strange figures
family mark on hand	marks and symbols on skin	wounded and changing bodies
family photo	photographs	pictures, screens and recordings
family photos	photographs	pictures, screens and recordings
family portraits	portraits and paintings	pictures, screens and recordings
family tomb	tombs and crypts	graves, coffins and funerals
fangs	teeth, horns and claws	wounded and changing bodies
fangs and claws	teeth, horns and claws	wounded and changing bodies
fantasy art	portraits and paintings	pictures, screens and recordings
farewell note	letters and notes	books, letters and writing
farm	farms and barns	buildings and public places
farm cat	cats	animals and birds
father dead in shower	dead relatives' bodies	corpses and body parts
father's body	dead relatives' bodies	corpses and body parts
father's corpse	dead relatives' bodies	corpses and body parts
father's letter	letters and notes	books, letters and writing
father's portrait	portraits and paintings	pictures, screens and recordings
father's tape recordings	tapes and records	pictures, screens and recordings
father's voice	voices and whispers	sounds, smells and silence
faucets	taps, drains and leaks	water and drowning
faulty tap	taps, drains and leaks	water and drowning
fear of water	water itself	water and drowning
feathers	other birds	animals and birds
featureless body	shadowy and faceless figures	ghosts and strange figures
fedora	coats, cloaks and hats	clothes, jewellery and keepsakes
feeding tubes	surgical instruments	weapons and tools
fence	barbed wire and fences	ropes, cages and executions
fence post	barbed wire and fences	ropes, cages and executions
ferris wheel	fairgrounds and sports grounds	buildings and public places
fetuses	dead and unborn babies	babies, birth and pregnancy
field	fields and crops	wild and lonely places
fighter plane	planes and helicopters	vehicles and roads
fighting dogs	dogs	animals and birds
figure by the curtain	figures at windows and doors	ghosts and strange figures
figure in a tree	figures at windows and doors	ghosts and strange figures
figure in distance	figures at windows and doors	ghosts and strange figures
figure in the road	figures at windows and doors	ghosts and strange figures
figure in window	figures at windows and doors	ghosts and strange figures
figure like death	figures of death	ghosts and strange figures
figure of death	figures of death	ghosts and strange figures
figurehead	statues, carvings and pottery	dolls, masks and likenesses
film award	keepsakes and belongings	clothes, jewellery and keepsakes
film projector	cinemas, theatres and projectors	pictures, screens and recordings
film reel	video and film footage	pictures, screens and recordings
finger	hands and fingers	wounded and changing bodies
finger in a jar	severed limbs and organs	corpses and body parts
fingernails	hands and fingers	wounded and changing bodies
fingerprints	hands and fingers	wounded and changing bodies
fingers	hands and fingers	wounded and changing bodies
fire alarm	alarms and signals	household objects and machines
fire and clay	fire and flames	fire, smoke and burning
fire and hanging	fire and flames	fire, smoke and burning
fire axe	axes and cleavers	weapons and tools
fire tower	towers and lighthouses	buildings and public places
firecrackers	explosions and fireworks	fire, smoke and burning
firefighter mask	masks	dolls, masks and likenesses
firefly	insects and swarms	vermin and creeping things
fireplace	fire and flames	fire, smoke and burning
fireplace poker	hammers and blunt tools	weapons and tools
firewood	fire and flames	fire, smoke and burning
first menstrual blood	menstrual blood	blood
first period	menstrual blood	blood
fish	fish and sea creatures	animals and birds
fish smell	smells	sounds, smells and silence
fish tail	fish and sea creatures	animals and birds
fishing bait	fish and sea creatures	animals and birds
fishy smell	smells	sounds, smells and silence
five elements	occult symbols and patterns	holy and occult objects
five o'clock in the park	numbers and codes	books, letters and writing
five-pointed star	occult symbols and patterns	holy and occult objects
flagpole	other weapons and tools	weapons and tools
flaming locomotive	trains and subways	vehicles and roads
flare	alarms and signals	household objects and machines
flash camera	cameras	pictures, screens and recordings
flash drive	computers and messages	pictures, screens and recordings
flash-gun	cameras	pictures, screens and recordings
flashing lights in forest	flickering and strange lights	weather, sky and darkness
flashlight	candles and lamps	weather, sky and darkness
flashlights	candles and lamps	weather, sky and darkness
flat	houses and mansions	the house and its rooms
flat tire	cars	vehicles and roads
flayed body	flayed skin and faces	corpses and body parts
flayed face	flayed skin and faces	corpses and body parts
flayed skin	flayed skin and faces	corpses and body parts
flesh	meat	food, drink and drugs
flesh in the toilet	bathrooms	the house and its rooms
flickering lights	flickering and strange lights	weather, sky and darkness
flickering lights and doors	doors	the house and its rooms
flies and spiders	flies and maggots	vermin and creeping things
flies on the dead	flies and maggots	vermin and creeping things
floating bodies	drowned and floating bodies	corpses and body parts
flooded apartment	houses and mansions	the house and its rooms
flooded ballroom	floods and rising water	water and drowning
flooded basement	basements and cellars	the house and its rooms
flooded quarry	floods and rising water	water and drowning
flooding room	floods and rising water	water and drowning
floor tile	walls, floors and ceilings	the house and its rooms
flour	protective herbs, grains and circles	holy and occult objects
flour circle	protective herbs, grains and circles	holy and occult objects
flour footprints	protective herbs, grains and circles	holy and occult objects
flour on the floor	protective herbs, grains and circles	holy and occult objects
flowering fig tree	trees	plants, trees and fungus
flowers	flowers	plants, trees and fungus
flowers fed on remains	skeletons, skulls and bones	corpses and body parts
flowers on a lake	lakes, ponds and rivers	water and drowning
fluttering wings	other birds	animals and birds
fly eaten alive	flies and maggots	vermin and creeping things
fly nursery rhyme	lullabies and children's songs	sounds, smells and silence
flyers of the disappeared	signs and posters	books, letters and writing
flying fish fleeing	fish and sea creatures	animals and birds
flying insect	insects and swarms	vermin and creeping things
flying lights	flickering and strange lights	weather, sky and darkness
flying saucers	spacecraft	vehicles and roads
foaming mouth	vomit and bodily fluids	wounded and changing bodies
fog on the lake	lakes, ponds and rivers	water and drowning
foggy river	lakes, ponds and rivers	water and drowning
foghorn	alarms and signals	household objects and machines
folk ballad	songs and music	sounds, smells and silence
food	meals and dishes	food, drink and drugs
food cans	meals and dishes	food, drink and drugs
food for the dead	ritual tools and offerings	holy and occult objects
food from a neighbour	meals and dishes	food, drink and drugs
football field	fairgrounds and sports grounds	buildings and public places
football match	fairgrounds and sports grounds	buildings and public places
footprint catchers	feet and footprints	wounded and changing bodies
footprints	feet and footprints	wounded and changing bodies
footprints in powder	feet and footprints	wounded and changing bodies
footprints in snow	feet and footprints	wounded and changing bodies
footprints under the window	feet and footprints	wounded and changing bodies
footsteps at night	knocking and banging	sounds, smells and silence
forbidden gate	doors	the house and its rooms
force field	machines and devices	household objects and machines
forced prayer	rites and ceremonies	gatherings, games and closeness
forehead bone brooch	crowns, hairpins and jewellery	clothes, jewellery and keepsakes
forest cabin	cabins and huts	buildings and public places
forest hut	cabins and huts	buildings and public places
forged handwriting	letters and notes	books, letters and writing
forged physicals	papers, maps and records	books, letters and writing
formaldehyde bottles	machines and devices	household objects and machines
fort	castles and palaces	buildings and public places
fortress ruins	castles and palaces	buildings and public places
foul smell	smells	sounds, smells and silence
found footage	video and film footage	pictures, screens and recordings
fountain of blood	trails and pools of blood	blood
fountain pen	everyday objects	household objects and machines
four directions	occult symbols and patterns	holy and occult objects
four-poster bed	bedrooms and beds	the house and its rooms
fox	wild beasts	animals and birds
fox playing dead	wild beasts	animals and birds
fractured windshield	cars	vehicles and roads
framed portraits	portraits and paintings	pictures, screens and recordings
fresco	portraits and paintings	pictures, screens and recordings
fresco of the devil	portraits and paintings	pictures, screens and recordings
frescos	portraits and paintings	pictures, screens and recordings
fridge	fridges and freezers	household objects and machines
fried chicken	meals and dishes	food, drink and drugs
frightened horse	horses	animals and birds
frightened horses	horses	animals and birds
frogs	frogs, toads and lizards	vermin and creeping things
frogs calling a name	frogs, toads and lizards	vermin and creeping things
frogs fall silent	frogs, toads and lizards	vermin and creeping things
front door	doors	the house and its rooms
frozen corpse	rotting and preserved bodies	corpses and body parts
frozen lake	lakes, ponds and rivers	water and drowning
funeral	funerals and mourning	graves, coffins and funerals
funeral attire	funerals and mourning	graves, coffins and funerals
funeral boat	funerals and mourning	graves, coffins and funerals
funeral cars	hearses and funeral cars	graves, coffins and funerals
funeral song	songs and music	sounds, smells and silence
fungal growth on face	mushrooms and fungus	plants, trees and fungus
fungal tower	mushrooms and fungus	plants, trees and fungus
fungus on skin	mushrooms and fungus	plants, trees and fungus
fur	hair	wounded and changing bodies
gamelan	music boxes and instruments	sounds, smells and silence
gamelan music	music boxes and instruments	sounds, smells and silence
garage	houses and mansions	the house and its rooms
garage door	doors	the house and its rooms
garbage truck	trucks and vans	vehicles and roads
garbled phone voices	phones and calls	pictures, screens and recordings
garden shed	farms and barns	buildings and public places
garden spade	farm and garden tools	weapons and tools
garlic and crucifix	crosses and crucifixes	holy and occult objects
garlic and holy water	holy water and sacraments	holy and occult objects
garrote wire	nooses, ropes and wires	ropes, cages and executions
gas bombs	bombs and explosives	weapons and tools
gas canister	poisons, fuels and chemicals	food, drink and drugs
gas mask	masks	dolls, masks and likenesses
gas station	shops and malls	buildings and public places
gasoline	poisons, fuels and chemicals	food, drink and drugs
gate	doors	the house and its rooms
gates	doors	the house and its rooms
gateway	doors	the house and its rooms
geode	stones and rocks	wild and lonely places
ghost costume	costumes and disguises	dolls, masks and likenesses
ghost in a bathroom	ghosts and apparitions	ghosts and strange figures
ghost in footage	video and film footage	pictures, screens and recordings
ghost on shoulders	ghosts and apparitions	ghosts and strange figures
ghost ship	boats and ships	vehicles and roads
ghost story book	books	books, letters and writing
ghostface costume	costumes and disguises	dolls, masks and likenesses
ghostly dogs	dogs	animals and birds
ghostly hand	ghostly hands	ghosts and strange figures
ghostly miners	ghosts and apparitions	ghosts and strange figures
ghostly mist	fog and mist	weather, sky and darkness
ghostly whisper	voices and whispers	sounds, smells and silence
ghoul	the walking dead	corpses and body parts
ghoulish faces	aliens and pods	monsters and hybrid creatures
ghungroo	crowns, hairpins and jewellery	clothes, jewellery and keepsakes
giant ant	giant creatures	monsters and hybrid creatures
giant footprints	giant creatures	monsters and hybrid creatures
giant hand	giant creatures	monsters and hybrid creatures
giant maggot	giant creatures	monsters and hybrid creatures
giant mushrooms	mushrooms and fungus	plants, trees and fungus
giant print	giant creatures	monsters and hybrid creatures
giant snake	giant creatures	monsters and hybrid creatures
giant spider	giant creatures	monsters and hybrid creatures
giant toad	giant creatures	monsters and hybrid creatures
giant wasp venom	poisons, fuels and chemicals	food, drink and drugs
giant worm	giant creatures	monsters and hybrid creatures
gin	alcohol	food, drink and drugs
gingerbread	sweets and cakes	food, drink and drugs
girl eating in the woods	eerie children	ghosts and strange figures
girl in the road	eerie children	ghosts and strange figures
girl in yellow dress	eerie children	ghosts and strange figures
girl saves woman story	stories and rhymes told	books, letters and writing
girlfriend's ring	rings	clothes, jewellery and keepsakes
girls skipping rope	games	gatherings, games and closeness
glass case	glass objects	mirrors and glass
glass containers	glass objects	mirrors and glass
glass door	doors	the house and its rooms
glass dripping blood	trails and pools of blood	blood
glass eye	strange eyes	wounded and changing bodies
glass fragments	broken mirrors and glass	mirrors and glass
glass jars	glass objects	mirrors and glass
glass of milk	milk and other drinks	food, drink and drugs
glass of poison	poisoned food and drink	food, drink and drugs
glass peacock	glass objects	mirrors and glass
glass shards	broken mirrors and glass	mirrors and glass
glass table	glass objects	mirrors and glass
glass unicorn	glass objects	mirrors and glass
glasses	glass objects	mirrors and glass
gloves	other clothing	clothes, jewellery and keepsakes
glowing split head	deformed and altered bodies	wounded and changing bodies
glutinous rice	protective herbs, grains and circles	holy and occult objects
goat hooves	farm animals	animals and birds
goat milk	milk and other drinks	food, drink and drugs
goat raised from the dead	farm animals	animals and birds
goat skull	dead, hurt and skinned animals	animals and birds
goat-horned men	half-human hybrids	monsters and hybrid creatures
goats and chickens	farm animals	animals and birds
goats on a bridge	farm animals	animals and birds
god without his trident	statues, carvings and pottery	dolls, masks and likenesses
gold	money and gold	clothes, jewellery and keepsakes
gold bracelet	crowns, hairpins and jewellery	clothes, jewellery and keepsakes
gold coin	money and gold	clothes, jewellery and keepsakes
gold cross	crosses and crucifixes	holy and occult objects
golden bell	bells	sounds, smells and silence
golden cross	crosses and crucifixes	holy and occult objects
golf ball	games	gatherings, games and closeness
golf club	hammers and blunt tools	weapons and tools
golok	knives and blades	weapons and tools
gong	music boxes and instruments	sounds, smells and silence
gore	blood	blood
gospel song	songs and music	sounds, smells and silence
gouged eyes	strange eyes	wounded and changing bodies
graffiti tag	written words and graffiti	books, letters and writing
graffitied for-sale sign	written words and graffiti	books, letters and writing
grain silo	farms and barns	buildings and public places
gramophone recording	tapes and records	pictures, screens and recordings
grandfather's pipe	keepsakes and belongings	clothes, jewellery and keepsakes
grandmother's coat	coats, cloaks and hats	clothes, jewellery and keepsakes
grandmother's pendant	necklaces and lockets	clothes, jewellery and keepsakes
grapes	fruit	plants, trees and fungus
grasping branch	vines, hedges and strange plants	plants, trees and fungus
grave dug	graves and gravestones	graves, coffins and funerals
grave flowers	graves and gravestones	graves, coffins and funerals
grave in the road	graves and gravestones	graves, coffins and funerals
gravestones	graves and gravestones	graves, coffins and funerals
graveyard corpse	corpses	corpses and body parts
graveyard dirt	ritual tools and offerings	holy and occult objects
greasy shrimp	fish and sea creatures	animals and birds
great sarcophagus fly	flies and maggots	vermin and creeping things
green absinthe	alcohol	food, drink and drugs
green shawl	coats, cloaks and hats	clothes, jewellery and keepsakes
greenhouse	farms and barns	buildings and public places
greenhouses of pods	aliens and pods	monsters and hybrid creatures
grey hair	hair	wounded and changing bodies
grey material	aliens and pods	monsters and hybrid creatures
grille	cars	vehicles and roads
grindstone	other weapons and tools	weapons and tools
grinning dog	dogs	animals and birds
grotesque mask	masks	dolls, masks and likenesses
guard dog	dogs	animals and birds
guide dog	dogs	animals and birds
guillotine picture	gallows and execution	ropes, cages and executions
guitar music	music boxes and instruments	sounds, smells and silence
gull	gulls and sea birds	animals and birds
gulls massing over city	gulls and sea birds	animals and birds
gun fused to hand	metal and machines in the body	wounded and changing bodies
gun with blanks	guns	weapons and tools
gunpowder	bombs and explosives	weapons and tools
guns	guns	weapons and tools
guns in little coffins	guns	weapons and tools
gunshot wound	wounds and cuts	wounded and changing bodies
gutted deer	dead, hurt and skinned animals	animals and birds
guttering candles	candles and lamps	weather, sky and darkness
hacksaw	saws and power tools	weapons and tools
hag	witches and hags	ghosts and strange figures
hailstones	snow and cold	weather, sky and darkness
hair and claws	hair	wounded and changing bodies
hair and necklace	hair	wounded and changing bodies
hair clip	crowns, hairpins and jewellery	clothes, jewellery and keepsakes
hair dolls	dolls	dolls, masks and likenesses
hair in food	tainted food	food, drink and drugs
hair on fire	burning bodies	fire, smoke and burning
hair stick	crowns, hairpins and jewellery	clothes, jewellery and keepsakes
hair, tooth and blood	hair	wounded and changing bodies
hairbrush	everyday objects	household objects and machines
half-eaten corpse	impaled and mutilated bodies	corpses and body parts
halloween bonfire	bonfires and pyres	fire, smoke and burning
halloween masks	masks	dolls, masks and likenesses
halloween night	holidays and festivals	gatherings, games and closeness
hallucination recorder	tapes and records	pictures, screens and recordings
hallway to her room	stairs and hallways	the house and its rooms
halved corpse	severed limbs and organs	corpses and body parts
hand from darkness	ghostly hands	ghosts and strange figures
hand from the water	ghostly hands	ghosts and strange figures
hand held in the dark	ghostly hands	ghosts and strange figures
hand-cranked camera	cameras	pictures, screens and recordings
handbook for the dead	books	books, letters and writing
handcuffs	chains and shackles	ropes, cages and executions
handkerchief	other clothing	clothes, jewellery and keepsakes
handprints	hands and fingers	wounded and changing bodies
hands from the walls	ghostly hands	ghosts and strange figures
hands in fire	burning bodies	fire, smoke and burning
hanged bodies	hanged bodies	corpses and body parts
hanged body	hanged bodies	corpses and body parts
hanged man	hanged bodies	corpses and body parts
hanged priest	hanged bodies	corpses and body parts
hanged witch	hanged bodies	corpses and body parts
hanged woman	hanged bodies	corpses and body parts
hanging	hanged bodies	corpses and body parts
hanging cadaver	hanged bodies	corpses and body parts
hansel and gretel story	stories and rhymes told	books, letters and writing
harpoon	swords and spears	weapons and tools
harpsichord	music boxes and instruments	sounds, smells and silence
hatches	hidden rooms and passages	the house and its rooms
haunted art room	schools	buildings and public places
haunted house ride	fairgrounds and sports grounds	buildings and public places
head against table	wounds and cuts	wounded and changing bodies
head buried in dirt	hidden and buried bodies	corpses and body parts
head hollowed out	guts and opened bodies	corpses and body parts
head on a spike	severed heads	corpses and body parts
head on a stick	severed heads	corpses and body parts
head through tv screen	television	pictures, screens and recordings
head turned backward	deformed and altered bodies	wounded and changing bodies
headless corpse	severed heads	corpses and body parts
headless walking corpse	severed heads	corpses and body parts
headlights	cars	vehicles and roads
heads turned backward	deformed and altered bodies	wounded and changing bodies
hearing aid	wheelchairs, limps and prosthetics	wounded and changing bodies
hearse driver	hearses and funeral cars	graves, coffins and funerals
heart	body organs	wounded and changing bodies
heat ray	guns	weapons and tools
heated walls	walls, floors and ceilings	the house and its rooms
heavy curtains	windows	the house and its rooms
heavy eyelids	strange eyes	wounded and changing bodies
heavy rain	rain	weather, sky and darkness
hedge maze	vines, hedges and strange plants	plants, trees and fungus
heirloom necklace	necklaces and lockets	clothes, jewellery and keepsakes
held breath	breath and heartbeat	wounded and changing bodies
hellfire sermon on radio	radios and broadcasts	pictures, screens and recordings
hens	farm animals	animals and birds
hidden cameras	surveillance cameras and monitors	pictures, screens and recordings
hidden chamber	hidden rooms and passages	the house and its rooms
hidden glove	knives and blades	weapons and tools
hidden hallways	hidden rooms and passages	the house and its rooms
hidden red room	hidden rooms and passages	the house and its rooms
hidden room	hidden rooms and passages	the house and its rooms
hidden safe room	hidden rooms and passages	the house and its rooms
hidden videotape	video and film footage	pictures, screens and recordings
hide-and-seek song	lullabies and children's songs	sounds, smells and silence
hiding under a bed	bedrooms and beds	the house and its rooms
high voltage switch	electricity and power	household objects and machines
highway overpass	roads and bridges	vehicles and roads
hole behind the mirror	mirrors	mirrors and glass
hole drilled in head	wounds and cuts	wounded and changing bodies
hole dug in yard	holes, pits and tunnels	wild and lonely places
hole in hand	wounds and cuts	wounded and changing bodies
hole in ice	frozen water and ice	water and drowning
hole in the wall	walls, floors and ceilings	the house and its rooms
holes in the floor	walls, floors and ceilings	the house and its rooms
holes in the yard	holes, pits and tunnels	wild and lonely places
holy rice	holy water and sacraments	holy and occult objects
holy water balloons	holy water and sacraments	holy and occult objects
home films	video and film footage	pictures, screens and recordings
home movie	video and film footage	pictures, screens and recordings
homeless crowd	crowds and protests	gatherings, games and closeness
homemade weapons	other weapons and tools	weapons and tools
homunculi	unnamed creatures	monsters and hybrid creatures
honey	sweets and cakes	food, drink and drugs
honeymoon suite	hotels	buildings and public places
honking car horns	cars	vehicles and roads
hooded children	shadowy and faceless figures	ghosts and strange figures
hooded dwarves	shadowy and faceless figures	ghosts and strange figures
hoodoo	ritual tools and offerings	holy and occult objects
hoofbeats	horses	animals and birds
hook	hooks and spikes	weapons and tools
hook for a hand	hooks and spikes	weapons and tools
hooked chains	hooks and spikes	weapons and tools
hooks	hooks and spikes	weapons and tools
hooting owl	owls	animals and birds
horn	music boxes and instruments	sounds, smells and silence
horns	teeth, horns and claws	wounded and changing bodies
horror comics	books	books, letters and writing
horror film on tv	video and film footage	pictures, screens and recordings
horror museum	shops and malls	buildings and public places
horse and carriage	horses	animals and birds
horse in the road	horses	animals and birds
horse making a strange sound	horses	animals and birds
hospital	hospitals and asylums	buildings and public places
hospital bed	hospitals and asylums	buildings and public places
hotel	hotels	buildings and public places
hotel room	hotels	buildings and public places
hourglass egg timer	clocks and watches	household objects and machines
house	houses and mansions	the house and its rooms
house mined with dynamite	bombs and explosives	weapons and tools
house of mirrors	mirrors	mirrors and glass
house on a hill	houses and mansions	the house and its rooms
house on the hill	houses and mansions	the house and its rooms
house with red roof	houses and mansions	the house and its rooms
housewarming wine	alcohol	food, drink and drugs
howling at night	wild beasts	animals and birds
howling coyotes	wild beasts	animals and birds
howling dog	dogs	animals and birds
howling unseen animals	wild beasts	animals and birds
human chain	crowds and protests	gatherings, games and closeness
human meat	meat	food, drink and drugs
human pyramid	crowds and protests	gatherings, games and closeness
human-headed snake	half-human hybrids	monsters and hybrid creatures
humanoid plants	vines, hedges and strange plants	plants, trees and fungus
hummed song	songs and music	sounds, smells and silence
hunchback	strangers and odd people	ghosts and strange figures
hunting dogs	dogs	animals and birds
hunting knife	knives and blades	weapons and tools
hunting trophies	dead, hurt and skinned animals	animals and birds
hut in the forest	cabins and huts	buildings and public places
hydraulic press	saws and power tools	weapons and tools
hymn	songs and music	sounds, smells and silence
hymn about going home	songs and music	sounds, smells and silence
hypnotic eyes	strange eyes	wounded and changing bodies
hysterical laughter	screams, cries and laughter	sounds, smells and silence
ice	frozen water and ice	water and drowning
ice bath	baths and swimming pools	water and drowning
ice cream truck	trucks and vans	vehicles and roads
ice field	frozen water and ice	water and drowning
identical houses	houses and mansions	the house and its rooms
imaginary friend	eerie children	ghosts and strange figures
imagined voice	voices and whispers	sounds, smells and silence
impaled bodies	impaled and mutilated bodies	corpses and body parts
impaled girl	impaled and mutilated bodies	corpses and body parts
implant	metal and machines in the body	wounded and changing bodies
imprisoned children	eerie children	ghosts and strange figures
incessant rain	rain	weather, sky and darkness
industrial white noise	strange noises	sounds, smells and silence
infant in a box	babies and infants	babies, birth and pregnancy
infant skeleton	dead and unborn babies	babies, birth and pregnancy
infected infants	dead and unborn babies	babies, birth and pregnancy
inhaler	pills, inhalers and medicine	food, drink and drugs
injured cat	dead, hurt and skinned animals	animals and birds
injured dog	dead, hurt and skinned animals	animals and birds
insect	insects and swarms	vermin and creeping things
insect trapped in amber	insects and swarms	vermin and creeping things
inside the walls	walls, floors and ceilings	the house and its rooms
insignia	occult symbols and patterns	holy and occult objects
intact corpse	rotting and preserved bodies	corpses and body parts
intestine as rope	guts and opened bodies	corpses and body parts
intestines	guts and opened bodies	corpses and body parts
intruder alarm	alarms and signals	household objects and machines
invisible bodysuit	costumes and disguises	dolls, masks and likenesses
invisible fingers	ghostly hands	ghosts and strange figures
invisible friend	eerie children	ghosts and strange figures
iphigenia essay	books	books, letters and writing
iron bar	hammers and blunt tools	weapons and tools
iron cage	cages and pens	ropes, cages and executions
iron coffin	coffins and caskets	graves, coffins and funerals
iron doorstop	everyday objects	household objects and machines
iron maiden	torture devices	ropes, cages and executions
iron spike	hooks and spikes	weapons and tools
isolated farmhouse	houses and mansions	the house and its rooms
isolated house	houses and mansions	the house and its rooms
isolated village	towns and cities	buildings and public places
jade deer pendant	necklaces and lockets	clothes, jewellery and keepsakes
jaguar spirit	ghosts and apparitions	ghosts and strange figures
jar	boxes, chests and containers	household objects and machines
jar of water	water itself	water and drowning
jars of unborn babies	dead and unborn babies	babies, birth and pregnancy
jelly	sweets and cakes	food, drink and drugs
jet	planes and helicopters	vehicles and roads
jewelry	crowns, hairpins and jewellery	clothes, jewellery and keepsakes
jewelry box	crowns, hairpins and jewellery	clothes, jewellery and keepsakes
jewels	crowns, hairpins and jewellery	clothes, jewellery and keepsakes
jigsaw piece cut from skin	wounds and cuts	wounded and changing bodies
jimson weed	protective herbs, grains and circles	holy and occult objects
jingling anklets	crowns, hairpins and jewellery	clothes, jewellery and keepsakes
joined eyebrows	hair	wounded and changing bodies
joss stick	ritual tools and offerings	holy and occult objects
journal	diaries and journals	books, letters and writing
journals	diaries and journals	books, letters and writing
jumping mice	rats and mice	vermin and creeping things
jungle	forests and woods	wild and lonely places
keepsake photo	photographs	pictures, screens and recordings
key down the drain	keys	clothes, jewellery and keepsakes
key in the eye	strange eyes	wounded and changing bodies
key on a neck	keys	clothes, jewellery and keepsakes
key to the back door	keys	clothes, jewellery and keepsakes
keypad code	numbers and codes	books, letters and writing
keys and locked doors	locked doors and rooms	the house and its rooms
king arthur story	stories and rhymes told	books, letters and writing
kitchen sink	kitchens	the house and its rooms
kitchen table	kitchens	the house and its rooms
kitchen timer	clocks and watches	household objects and machines
kite	toys	dolls, masks and likenesses
kite wire	nooses, ropes and wires	ropes, cages and executions
kites in a storm	toys	dolls, masks and likenesses
klan uniform	other clothing	clothes, jewellery and keepsakes
knife in the eye	knives and blades	weapons and tools
knife in the skull	knives and blades	weapons and tools
knitting needle	scissors, needles and razors	weapons and tools
knives through feet	knives and blades	weapons and tools
knock at the door	knocking and banging	sounds, smells and silence
knocking pipes	knocking and banging	sounds, smells and silence
knotted rope in a well	nooses, ropes and wires	ropes, cages and executions
koran recitation	songs and music	sounds, smells and silence
laboratory	labs and studios	buildings and public places
labored breathing	breath and heartbeat	wounded and changing bodies
ladder	everyday objects	household objects and machines
ladies-only tea room	shops and malls	buildings and public places
ladybug tattoo	marks and symbols on skin	wounded and changing bodies
lagoon	lakes, ponds and rivers	water and drowning
lalage perfume	smells	sounds, smells and silence
lamb	farm animals	animals and birds
lamb-headed child	half-human hybrids	monsters and hybrid creatures
lambs	farm animals	animals and birds
lamp	candles and lamps	weather, sky and darkness
lamps against the dark	candles and lamps	weather, sky and darkness
lamps and flashlights	candles and lamps	weather, sky and darkness
land sign	signs and posters	books, letters and writing
landslide	earthquakes and landslides	weather, sky and darkness
last cubicle	bathrooms	the house and its rooms
last orders bell	bells	sounds, smells and silence
last sunrise	sun and daylight	weather, sky and darkness
latex mask	masks	dolls, masks and likenesses
latin motto	signs and posters	books, letters and writing
latin words	written words and graffiti	books, letters and writing
laughing parrot	other birds	animals and birds
laughing room	houses and mansions	the house and its rooms
lazy eye	strange eyes	wounded and changing bodies
leaded iron weapon	other weapons and tools	weapons and tools
leaking bucket	taps, drains and leaks	water and drowning
leaves and worms	worms, slugs and snails	vermin and creeping things
leech vine	vines, hedges and strange plants	plants, trees and fungus
lehenga	dresses	clothes, jewellery and keepsakes
leopard	wild beasts	animals and birds
lesions	bruises and rashes	wounded and changing bodies
letter bomb	bombs and explosives	weapons and tools
letter box	letters and notes	books, letters and writing
letters	letters and notes	books, letters and writing
letting go of a hand	kisses and embraces	gatherings, games and closeness
lever	machines and devices	household objects and machines
levitating body	levitating people and things	ghosts and strange figures
levitating pencil	levitating people and things	ghosts and strange figures
levitating woman	levitating people and things	ghosts and strange figures
levitation	levitating people and things	ghosts and strange figures
liberace records	tapes and records	pictures, screens and recordings
licence plate	cars	vehicles and roads
lichen	mushrooms and fungus	plants, trees and fungus
lift shaft	lifts and elevators	vehicles and roads
light bulb bitten like an apple	flickering and strange lights	weather, sky and darkness
light in a window	windows	the house and its rooms
light on the terrace	flickering and strange lights	weather, sky and darkness
light switch	flickering and strange lights	weather, sky and darkness
lighter flame	fire and flames	fire, smoke and burning
lighter fluid	fire and flames	fire, smoke and burning
lightning rod	storms, thunder and lightning	weather, sky and darkness
lightning scar	scars and burns	wounded and changing bodies
lilacs	flowers	plants, trees and fungus
limp	wheelchairs, limps and prosthetics	wounded and changing bodies
lion	wild beasts	animals and birds
lipstick	makeup and face paint	dolls, masks and likenesses
liquid void	voids and portals	weather, sky and darkness
liquor flask	alcohol	food, drink and drugs
list of names	papers, maps and records	books, letters and writing
little bird	other birds	animals and birds
little dog	dogs	animals and birds
little yellow bird song	songs and music	sounds, smells and silence
live chicken	farm animals	animals and birds
live chickens	farm animals	animals and birds
livestock truck	farm animals	animals and birds
livestream camera	cameras	pictures, screens and recordings
living corpse	the walking dead	corpses and body parts
living shadows	darkness and shadows	weather, sky and darkness
lizard	frogs, toads and lizards	vermin and creeping things
lizards	frogs, toads and lizards	vermin and creeping things
lobotomy pick	surgical instruments	weapons and tools
locator bracelet	crowns, hairpins and jewellery	clothes, jewellery and keepsakes
locked attic	attics	the house and its rooms
locked chest	boxes, chests and containers	household objects and machines
locked cupboard	closets and wardrobes	the house and its rooms
locked doors	locked doors and rooms	the house and its rooms
locked electrical room	locked doors and rooms	the house and its rooms
lockets	necklaces and lockets	clothes, jewellery and keepsakes
log splitter	saws and power tools	weapons and tools
logbook	diaries and journals	books, letters and writing
logs	trees	plants, trees and fungus
loincloth	other clothing	clothes, jewellery and keepsakes
long arm	deformed and altered bodies	wounded and changing bodies
long black hair	hair	wounded and changing bodies
looped yarn and wire	ritual tools and offerings	holy and occult objects
looping record	tapes and records	pictures, screens and recordings
loose shop sign	signs and posters	books, letters and writing
lorry	trucks and vans	vehicles and roads
lost dog	dogs	animals and birds
lost dog ruse	dogs	animals and birds
lost key	keys	clothes, jewellery and keepsakes
lost report card	papers, maps and records	books, letters and writing
lotion and basket	boxes, chests and containers	household objects and machines
lotus petals	flowers	plants, trees and fungus
love letter	letters and notes	books, letters and writing
love potion	potions and drugs	food, drink and drugs
love rune	occult symbols and patterns	holy and occult objects
lovebirds	other birds	animals and birds
lower half of body	severed limbs and organs	corpses and body parts
lute	music boxes and instruments	sounds, smells and silence
lye	poisons, fuels and chemicals	food, drink and drugs
macarena	songs and music	sounds, smells and silence
machetes	knives and blades	weapons and tools
maddened lab monkeys	monkeys and apes	animals and birds
maggots in wedding food	tainted food	food, drink and drugs
magic ring	rings	clothes, jewellery and keepsakes
magic rocks	cursed objects	holy and occult objects
magic rose	flowers	plants, trees and fungus
magic word	charms, amulets and spells	holy and occult objects
mahjong	games	gatherings, games and closeness
maid's quarters	houses and mansions	the house and its rooms
maid's uniform	other clothing	clothes, jewellery and keepsakes
maiden tied to tree	restraints and gags	ropes, cages and executions
makeshift spacecraft	spacecraft	vehicles and roads
malformed corpse	corpses	corpses and body parts
man in animal costume	costumes and disguises	dolls, masks and likenesses
man in the moon	moon and eclipses	weather, sky and darkness
man on the tower	strangers and odd people	ghosts and strange figures
man with a sign	signs and posters	books, letters and writing
mandrake root	protective herbs, grains and circles	holy and occult objects
mannequin of dead wife	mannequins and waxworks	dolls, masks and likenesses
marble-white skin	deformed and altered bodies	wounded and changing bodies
marionette	puppets and dummies	dolls, masks and likenesses
mark on skin	marks and symbols on skin	wounded and changing bodies
marked tree	trees	plants, trees and fungus
marsh	swamps and marshes	wild and lonely places
martyred saint	saints and holy images	holy and occult objects
mask filter	masks	dolls, masks and likenesses
mask from a poster	masks	dolls, masks and likenesses
masks	masks	dolls, masks and likenesses
masks and robes	masks	dolls, masks and likenesses
masquerade ball	weddings, birthdays and parties	gatherings, games and closeness
mass of flesh	deformed and altered bodies	wounded and changing bodies
matches	fire and flames	fire, smoke and burning
matching leather bracelets	crowns, hairpins and jewellery	clothes, jewellery and keepsakes
matching numbers	numbers and codes	books, letters and writing
matching rings	rings	clothes, jewellery and keepsakes
mayday call	phones and calls	pictures, screens and recordings
meal of toads and children	meals and dishes	food, drink and drugs
meat	meat	food, drink and drugs
meat freezer	fridges and freezers	household objects and machines
meat grinder	saws and power tools	weapons and tools
meat hanging	meat	food, drink and drugs
meat hidden in food	tainted food	food, drink and drugs
meat hook	hooks and spikes	weapons and tools
meat-grinding table	saws and power tools	weapons and tools
mechanized doll	dolls	dolls, masks and likenesses
medical textbook	books	books, letters and writing
melted flesh	deformed and altered bodies	wounded and changing bodies
memorial statue	statues, carvings and pottery	dolls, masks and likenesses
memory card	computers and messages	pictures, screens and recordings
mental hospital	hospitals and asylums	buildings and public places
mermaid scrimshaw	statues, carvings and pottery	dolls, masks and likenesses
merman	mermaids and sea monsters	monsters and hybrid creatures
merry-go-round	fairgrounds and sports grounds	buildings and public places
metal mask	masks	dolls, masks and likenesses
metal monster	unnamed creatures	monsters and hybrid creatures
metal pipe	hammers and blunt tools	weapons and tools
metal plates	metal and machines in the body	wounded and changing bodies
metal rod	hammers and blunt tools	weapons and tools
metal sculpture	statues, carvings and pottery	dolls, masks and likenesses
metal table	chairs and furniture	household objects and machines
metal thorn	hooks and spikes	weapons and tools
metallic tentacles	tentacles and creature parts	monsters and hybrid creatures
meteor	stars, comets and meteors	weather, sky and darkness
meteor crater	stars, comets and meteors	weather, sky and darkness
methane in the mine	poisons, fuels and chemicals	food, drink and drugs
mice	rats and mice	vermin and creeping things
microphone feedback	strange noises	sounds, smells and silence
military convoys	roads and bridges	vehicles and roads
military drums	music boxes and instruments	sounds, smells and silence
milk	milk and other drinks	food, drink and drugs
milk bottle	milk and other drinks	food, drink and drugs
milk laced with rum	poisoned food and drink	food, drink and drugs
millipede	insects and swarms	vermin and creeping things
miniature house	models and miniatures	dolls, masks and likenesses
mirror house	mirrors	mirrors and glass
mirror image	mirrors	mirrors and glass
mirror in the tape	video and film footage	pictures, screens and recordings
mirror shard	broken mirrors and glass	mirrors and glass
mirrored room	mirrors	mirrors and glass
mirrors	mirrors	mirrors and glass
mirrors and corridors	mirrors	mirrors and glass
mirrors for eyes	mirrors	mirrors and glass
mirrors removed	mirrors	mirrors and glass
misshapen eyes	strange eyes	wounded and changing bodies
missile	bombs and explosives	weapons and tools
missing 13th floor	numbers and codes	books, letters and writing
missing anklet	crowns, hairpins and jewellery	clothes, jewellery and keepsakes
missing cat poster	signs and posters	books, letters and writing
missing child poster	signs and posters	books, letters and writing
missing child's sneaker	keepsakes and belongings	clothes, jewellery and keepsakes
missing dog	dogs	animals and birds
missing fingerprints	hands and fingers	wounded and changing bodies
missing navel	pregnancy and birth	babies, birth and pregnancy
missing-person posters	signs and posters	books, letters and writing
mock crucifix	crosses and crucifixes	holy and occult objects
model of hell	models and miniatures	dolls, masks and likenesses
mole	wild beasts	animals and birds
molted beak	other birds	animals and birds
money	money and gold	clothes, jewellery and keepsakes
monkey	monkeys and apes	animals and birds
monkey corpse	dead, hurt and skinned animals	animals and birds
monster in the closet	unnamed creatures	monsters and hybrid creatures
monster words	charms, amulets and spells	holy and occult objects
monsters in nazi uniform	unnamed creatures	monsters and hybrid creatures
moon	moon and eclipses	weather, sky and darkness
mortuary	morgues and crematoria	graves, coffins and funerals
mosquito	insects and swarms	vermin and creeping things
mosquito bites	bites and scratches	wounded and changing bodies
moth	insects and swarms	vermin and creeping things
moth cage	insects and swarms	vermin and creeping things
mother holding children	eerie children	ghosts and strange figures
mother's body in kitchen	dead relatives' bodies	corpses and body parts
mother's corpse	dead relatives' bodies	corpses and body parts
mother's lullaby	lullabies and children's songs	sounds, smells and silence
mother's portuguese song	songs and music	sounds, smells and silence
mother's records	tapes and records	pictures, screens and recordings
mother's stomach	body organs	wounded and changing bodies
motion tracker	surveillance cameras and monitors	pictures, screens and recordings
motor oil	poisons, fuels and chemicals	food, drink and drugs
motorboat	boats and ships	vehicles and roads
motorcycle and sword	swords and spears	weapons and tools
motorcyclist	strangers and odd people	ghosts and strange figures
mounted deer head	dead, hurt and skinned animals	animals and birds
mounted wolf	dead, hurt and skinned animals	animals and birds
mourning placards	funerals and mourning	graves, coffins and funerals
moved keys	keys	clothes, jewellery and keepsakes
movie posters	signs and posters	books, letters and writing
mucus	vomit and bodily fluids	wounded and changing bodies
mud	swamps and marshes	wild and lonely places
mud pit	swamps and marshes	wild and lonely places
muddy footprints	feet and footprints	wounded and changing bodies
mummies	rotting and preserved bodies	corpses and body parts
mummified worshippers	rotting and preserved bodies	corpses and body parts
mummy	rotting and preserved bodies	corpses and body parts
mummy-like body	rotting and preserved bodies	corpses and body parts
mushroom	mushrooms and fungus	plants, trees and fungus
music box and toys	toys	dolls, masks and likenesses
music box ballerina	music boxes and instruments	sounds, smells and silence
music on headphones	songs and music	sounds, smells and silence
music-hall song	songs and music	sounds, smells and silence
muskrat	wild beasts	animals and birds
mutated insect	unnamed creatures	monsters and hybrid creatures
mute orphan boy	eerie children	ghosts and strange figures
mutilated body	impaled and mutilated bodies	corpses and body parts
mutilated corpse on beach	impaled and mutilated bodies	corpses and body parts
mutilated cow	dead, hurt and skinned animals	animals and birds
mutilated survivor	impaled and mutilated bodies	corpses and body parts
mutilated women	impaled and mutilated bodies	corpses and body parts
muzzle	restraints and gags	ropes, cages and executions
mystery meat	meat	food, drink and drugs
nail boards	hooks and spikes	weapons and tools
nailed plank	hammers and blunt tools	weapons and tools
nails in the body	impaled and mutilated bodies	corpses and body parts
naked dead man	corpses	corpses and body parts
naked man	strangers and odd people	ghosts and strange figures
naked woman	strangers and odd people	ghosts and strange figures
name carved in flesh	marks and symbols on skin	wounded and changing bodies
name tag	keepsakes and belongings	clothes, jewellery and keepsakes
names written in blood	symbols and messages in blood	blood
narrow tunnel	holes, pits and tunnels	wild and lonely places
native drums	music boxes and instruments	sounds, smells and silence
naval mine	bombs and explosives	weapons and tools
neck pain	sick and dying people	wounded and changing bodies
necktie	other clothing	clothes, jewellery and keepsakes
needle	scissors, needles and razors	weapons and tools
needles	scissors, needles and razors	weapons and tools
needles under the eyes	scissors, needles and razors	weapons and tools
negatives	photographs	pictures, screens and recordings
neighbour's piano	music boxes and instruments	sounds, smells and silence
neon sign	signs and posters	books, letters and writing
nest with human remains	skeletons, skulls and bones	corpses and body parts
news clippings	papers, maps and records	books, letters and writing
news footage	video and film footage	pictures, screens and recordings
newspaper headline	papers, maps and records	books, letters and writing
newspaper photo	photographs	pictures, screens and recordings
newspaper-covered windows	windows	the house and its rooms
night bell	bells	sounds, smells and silence
night surveillance cameras	surveillance cameras and monitors	pictures, screens and recordings
night turning to day	sun and daylight	weather, sky and darkness
night vision	surveillance cameras and monitors	pictures, screens and recordings
night-vision goggles	surveillance cameras and monitors	pictures, screens and recordings
nightjars	other birds	animals and birds
nightmares	dreams and visions	unclear
no birds	silence and stillness	sounds, smells and silence
no crickets	silence and stillness	sounds, smells and silence
no reflection	reflections	mirrors and glass
no reflection in mirror	mirrors	mirrors and glass
noises in the attic	strange noises	sounds, smells and silence
nooses	nooses, ropes and wires	ropes, cages and executions
note	letters and notes	books, letters and writing
note crossed out	letters and notes	books, letters and writing
nuclear waste	poisons, fuels and chemicals	food, drink and drugs
number on the wall	numbers and codes	books, letters and writing
number thirteen	numbers and codes	books, letters and writing
numbered locker box	numbers and codes	books, letters and writing
numbers on plates	numbers and codes	books, letters and writing
nun at window	figures at windows and doors	ghosts and strange figures
nun's habit	nuns, priests and holy people	ghosts and strange figures
nursing puppies	dogs	animals and birds
nursing video	video and film footage	pictures, screens and recordings
nylon stocking	other clothing	clothes, jewellery and keepsakes
oak tree	trees	plants, trees and fungus
occult book	spell books and holy books	holy and occult objects
occult magazine	books	books, letters and writing
octopus	fish and sea creatures	animals and birds
odometer running backwards	cars	vehicles and roads
offering tree	ritual tools and offerings	holy and occult objects
offerings under bed	ritual tools and offerings	holy and occult objects
oil drums	boxes, chests and containers	household objects and machines
oil lamp	candles and lamps	weather, sky and darkness
oil tank	boxes, chests and containers	household objects and machines
oil-covered man	strangers and odd people	ghosts and strange figures
oil-marked faces	marks and symbols on skin	wounded and changing bodies
oilcloth taco game	games	gatherings, games and closeness
old bicycle	carriages, bikes and buses	vehicles and roads
old book	books	books, letters and writing
old book on somnambulism	books	books, letters and writing
old camera	cameras	pictures, screens and recordings
old film on tv	video and film footage	pictures, screens and recordings
old man with a stick	strangers and odd people	ghosts and strange figures
old man's dog	dogs	animals and birds
old record song	tapes and records	pictures, screens and recordings
old truck	trucks and vans	vehicles and roads
old woman covered in blood	bloodied people and clothes	blood
old woman in road	strangers and odd people	ghosts and strange figures
old woman in victorian dress	strangers and odd people	ghosts and strange figures
older robot	machines and devices	household objects and machines
om pendant	charms, amulets and spells	holy and occult objects
one sock	other clothing	clothes, jewellery and keepsakes
one-eyed gull	gulls and sea birds	animals and birds
one-way mirror	mirrors	mirrors and glass
open coffins	coffins and caskets	graves, coffins and funerals
open heart surgery	guts and opened bodies	corpses and body parts
opera aria	songs and music	sounds, smells and silence
opera box	cinemas, theatres and projectors	pictures, screens and recordings
opera guessing game	games	gatherings, games and closeness
operating lab	hospitals and asylums	buildings and public places
orange juice	milk and other drinks	food, drink and drugs
orchid bed	flowers	plants, trees and fungus
organ	music boxes and instruments	sounds, smells and silence
organ tattoos	marks and symbols on skin	wounded and changing bodies
orphaned baby	babies and infants	babies, birth and pregnancy
oscilloscope	surveillance cameras and monitors	pictures, screens and recordings
ossuary	skeletons, skulls and bones	corpses and body parts
ouroboros tattoo	marks and symbols on skin	wounded and changing bodies
outer shell	other buildings	buildings and public places
oven	household appliances	household objects and machines
overcrowded boat	boats and ships	vehicles and roads
overturned boat	boats and ships	vehicles and roads
ovipositor	tentacles and creature parts	monsters and hybrid creatures
owl and crow	crows and ravens	animals and birds
owl hooting	owls	animals and birds
oxygen cylinder	boxes, chests and containers	household objects and machines
pack of dogs	dogs	animals and birds
package	boxes, chests and containers	household objects and machines
pact signed in blood	symbols and messages in blood	blood
padded room	hospitals and asylums	buildings and public places
padlock	locked doors and rooms	the house and its rooms
padlocked door	locked doors and rooms	the house and its rooms
pages thrown to the wind	books	books, letters and writing
paint	makeup and face paint	dolls, masks and likenesses
painted murals	portraits and paintings	pictures, screens and recordings
painting of a body	portraits and paintings	pictures, screens and recordings
painting of ship	portraits and paintings	pictures, screens and recordings
paintings	portraits and paintings	pictures, screens and recordings
paintings of girls	portraits and paintings	pictures, screens and recordings
paintings on the wall	portraits and paintings	pictures, screens and recordings
palace	castles and palaces	buildings and public places
palanquin	carriages, bikes and buses	vehicles and roads
pale boy with head wound	wounds and cuts	wounded and changing bodies
pale makeup	makeup and face paint	dolls, masks and likenesses
pale-faced man	strangers and odd people	ghosts and strange figures
pan of soup	meals and dishes	food, drink and drugs
pandora's box	boxes, chests and containers	household objects and machines
panna cotta	sweets and cakes	food, drink and drugs
pansies	flowers	plants, trees and fungus
panther's scream	wild beasts	animals and birds
paper charms	charms, amulets and spells	holy and occult objects
paper sailboat	toys	dolls, masks and likenesses
paralysed legs	wheelchairs, limps and prosthetics	wounded and changing bodies
parasite	aliens and pods	monsters and hybrid creatures
parcel	boxes, chests and containers	household objects and machines
partial denture	teeth, horns and claws	wounded and changing bodies
partial remains	skeletons, skulls and bones	corpses and body parts
patchwork doll	dolls	dolls, masks and likenesses
patriotic song	songs and music	sounds, smells and silence
patrol boat	boats and ships	vehicles and roads
paw prints	feet and footprints	wounded and changing bodies
pawned watch	clocks and watches	household objects and machines
peace symbol necklace	necklaces and lockets	clothes, jewellery and keepsakes
peacock of the air	other birds	animals and birds
pearl	necklaces and lockets	clothes, jewellery and keepsakes
pearl choker	necklaces and lockets	clothes, jewellery and keepsakes
peeling walls	walls, floors and ceilings	the house and its rooms
peephole	windows	the house and its rooms
pencil	everyday objects	household objects and machines
penitent's whip	other weapons and tools	weapons and tools
pentagram charm	charms, amulets and spells	holy and occult objects
pentagram drawn in blood	symbols and messages in blood	blood
period pad	menstrual blood	blood
personal belongings	keepsakes and belongings	clothes, jewellery and keepsakes
pet cemetery	cemeteries	graves, coffins and funerals
pet finches	other birds	animals and birds
pet food factory	factories and industrial sites	buildings and public places
pet pig	farm animals	animals and birds
pet rabbit	rabbits and hares	animals and birds
pet skink	frogs, toads and lizards	vermin and creeping things
peter pan story	stories and rhymes told	books, letters and writing
petrified tree	dead and dying plants	plants, trees and fungus
phantom boat	boats and ships	vehicles and roads
phantom child and dogs	dogs	animals and birds
phantom child's cry	screams, cries and laughter	sounds, smells and silence
philosophical intertitles	written words and graffiti	books, letters and writing
phoenix tattoo	marks and symbols on skin	wounded and changing bodies
phone call from the dead	phones and calls	pictures, screens and recordings
phone calls	phones and calls	pictures, screens and recordings
phone camera	cameras	pictures, screens and recordings
phone cord	phones and calls	pictures, screens and recordings
phone messages	phones and calls	pictures, screens and recordings
phone picture	photographs	pictures, screens and recordings
phone videos	video and film footage	pictures, screens and recordings
phones filming	video and film footage	pictures, screens and recordings
phonograph cylinder	tapes and records	pictures, screens and recordings
phonograph records	tapes and records	pictures, screens and recordings
phosphorus grenade	bombs and explosives	weapons and tools
photo	photographs	pictures, screens and recordings
photo of dead son	photographs	pictures, screens and recordings
photo of mother	photographs	pictures, screens and recordings
photograph of a baby	photographs	pictures, screens and recordings
photographs of torture	photographs	pictures, screens and recordings
photos of dead wife	photographs	pictures, screens and recordings
photos of lookalikes	photographs	pictures, screens and recordings
photos of past partners	photographs	pictures, screens and recordings
photos of the husband	photographs	pictures, screens and recordings
photos on a wall	photographs	pictures, screens and recordings
photos taken inside the house	photographs	pictures, screens and recordings
physician's journal	diaries and journals	books, letters and writing
piano wire	nooses, ropes and wires	ropes, cages and executions
picture book	books	books, letters and writing
picture of fiancée	photographs	pictures, screens and recordings
pie	sweets and cakes	food, drink and drugs
pig hunting with dogs	dogs	animals and birds
pig mask	masks	dolls, masks and likenesses
pig on a leash	farm animals	animals and birds
pig squealing	farm animals	animals and birds
pig's head and goat	farm animals	animals and birds
pigeon	other birds	animals and birds
pigeons	other birds	animals and birds
pigpen	cages and pens	ropes, cages and executions
pile of wood	bonfires and pyres	fire, smoke and burning
piles of stones	stones and rocks	wild and lonely places
pill bottle	pills, inhalers and medicine	food, drink and drugs
pillowcase	bedrooms and beds	the house and its rooms
pills	pills, inhalers and medicine	food, drink and drugs
pin-up photographs	photographs	pictures, screens and recordings
pineal gland	body organs	wounded and changing bodies
ping pong table	games	gatherings, games and closeness
ping-pong ball	toys	dolls, masks and likenesses
pink dress	dresses	clothes, jewellery and keepsakes
pink eyes	strange eyes	wounded and changing bodies
pink flowers	flowers	plants, trees and fungus
pink hat	coats, cloaks and hats	clothes, jewellery and keepsakes
pink parachute	planes and helicopters	vehicles and roads
pipe	sewers and underground	wild and lonely places
pipe bombs	bombs and explosives	weapons and tools
pirate eye patch	other clothing	clothes, jewellery and keepsakes
pit of bodies	piles and pits of bodies	corpses and body parts
pit of corpses	piles and pits of bodies	corpses and body parts
pit of remains	skeletons, skulls and bones	corpses and body parts
pit with a body	piles and pits of bodies	corpses and body parts
pit with grate	holes, pits and tunnels	wild and lonely places
pitchfork in the hay	farm and garden tools	weapons and tools
pizza	meals and dishes	food, drink and drugs
pizza in leopard's vomit	tainted food	food, drink and drugs
piñata	toys	dolls, masks and likenesses
planet	stars, comets and meteors	weather, sky and darkness
planets	stars, comets and meteors	weather, sky and darkness
plantation	fields and crops	wild and lonely places
plastic	everyday objects	household objects and machines
plastic bag	bags over heads	ropes, cages and executions
plastic bag over head	bags over heads	ropes, cages and executions
plastic over the face	bags over heads	ropes, cages and executions
platform of food	meals and dishes	food, drink and drugs
playing cards	games	gatherings, games and closeness
pliers	other weapons and tools	weapons and tools
pneumatic tube	machines and devices	household objects and machines
pocket knife	knives and blades	weapons and tools
pods	aliens and pods	monsters and hybrid creatures
pogo stick	toys	dolls, masks and likenesses
pointed thumbnail	hands and fingers	wounded and changing bodies
pointing finger and scream	screams, cries and laughter	sounds, smells and silence
poisoned candy	poisoned food and drink	food, drink and drugs
poisoned food	poisoned food and drink	food, drink and drugs
polar night	snow and cold	weather, sky and darkness
polaroid camera	cameras	pictures, screens and recordings
polaroid photo	photographs	pictures, screens and recordings
pole	restraints and gags	ropes, cages and executions
polecat	wild beasts	animals and birds
police report	papers, maps and records	books, letters and writing
police van	trucks and vans	vehicles and roads
pond creatures	unnamed creatures	monsters and hybrid creatures
pony	horses	animals and birds
pool of blood	trails and pools of blood	blood
pool of corpses	drowned and floating bodies	corpses and body parts
pool of his own blood	trails and pools of blood	blood
pool of holy blood	trails and pools of blood	blood
pop-up book	books	books, letters and writing
popcorn on the stove	meals and dishes	food, drink and drugs
poppet	dolls	dolls, masks and likenesses
porcelain dolls	dolls	dolls, masks and likenesses
porch swing	chairs and furniture	household objects and machines
porn theater	cinemas, theatres and projectors	pictures, screens and recordings
portal to the underworld	voids and portals	weather, sky and darkness
portrait of dead mother	portraits and paintings	pictures, screens and recordings
portrait of hell	portraits and paintings	pictures, screens and recordings
possessed computer text	computers and messages	pictures, screens and recordings
post-it notes	letters and notes	books, letters and writing
postcard	letters and notes	books, letters and writing
postmortem photograph	photographs	pictures, screens and recordings
potion	potions and drugs	food, drink and drugs
pottery	statues, carvings and pottery	dolls, masks and likenesses
pouring rain	rain	weather, sky and darkness
power drills	saws and power tools	weapons and tools
power line	electricity and power	household objects and machines
power lines	electricity and power	household objects and machines
prayed-over water	holy water and sacraments	holy and occult objects
prayer closet	closets and wardrobes	the house and its rooms
prayer water	holy water and sacraments	holy and occult objects
preacher	nuns, priests and holy people	ghosts and strange figures
pregnant corpse	corpses	corpses and body parts
preserved body	rotting and preserved bodies	corpses and body parts
preserved women in glass	rotting and preserved bodies	corpses and body parts
primates	monkeys and apes	animals and birds
prince on a white horse	horses	animals and birds
prince without limbs	stories and rhymes told	books, letters and writing
prison	prisons and cells	buildings and public places
private traps	traps and snares	ropes, cages and executions
prize cutlery	keepsakes and belongings	clothes, jewellery and keepsakes
procession candles	candles and lamps	weather, sky and darkness
procession of patriarchs	crowds and protests	gatherings, games and closeness
projector	cinemas, theatres and projectors	pictures, screens and recordings
prom crowns	crowns, hairpins and jewellery	clothes, jewellery and keepsakes
promise to wait forever	unclear	unclear
prop trunk	boxes, chests and containers	household objects and machines
propaganda slogan	signs and posters	books, letters and writing
propane burners	poisons, fuels and chemicals	food, drink and drugs
propane tank	poisons, fuels and chemicals	food, drink and drugs
prosthetic leg	wheelchairs, limps and prosthetics	wounded and changing bodies
protective amulet	charms, amulets and spells	holy and occult objects
protective circle	protective herbs, grains and circles	holy and occult objects
protective masks	masks	dolls, masks and likenesses
protective suit	other clothing	clothes, jewellery and keepsakes
pruning shears	scissors, needles and razors	weapons and tools
pub	shops and malls	buildings and public places
pub sign of severed wolf head	signs and posters	books, letters and writing
public toilet	bathrooms	the house and its rooms
pulsating sound	strange noises	sounds, smells and silence
pumpkin	fruit	plants, trees and fungus
puppet	puppets and dummies	dolls, masks and likenesses
puppet show	puppets and dummies	dolls, masks and likenesses
rabbit costumes	costumes and disguises	dolls, masks and likenesses
rabbit in a hutch	rabbits and hares	animals and birds
rabbit snare	traps and snares	ropes, cages and executions
raccoons	wild beasts	animals and birds
radiator	chairs and furniture	household objects and machines
radio and television	television	pictures, screens and recordings
radio broadcast	radios and broadcasts	pictures, screens and recordings
radio debate on unruly children	radios and broadcasts	pictures, screens and recordings
radio romance serial	radios and broadcasts	pictures, screens and recordings
radio sermon about a demon	radios and broadcasts	pictures, screens and recordings
radio show	radios and broadcasts	pictures, screens and recordings
radioactive well	wells and cisterns	water and drowning
rag doll	dolls	dolls, masks and likenesses
railway bridge	trains and subways	vehicles and roads
railway tunnel	trains and subways	vehicles and roads
rainstorm	rain	weather, sky and darkness
rajōmon gate	doors	the house and its rooms
ramp of bodies	piles and pits of bodies	corpses and body parts
rancid fish	fish and sea creatures	animals and birds
rare flower	flowers	plants, trees and fungus
rare hamburger	meals and dishes	food, drink and drugs
rat	rats and mice	vermin and creeping things
rat dropping in food	tainted food	food, drink and drugs
rat-monkey	unnamed creatures	monsters and hybrid creatures
rattlesnake	snakes and serpents	vermin and creeping things
ravens	crows and ravens	animals and birds
ravine	cliffs, hills and mountains	wild and lonely places
raw birds	dead, hurt and skinned animals	animals and birds
raw meat	meat	food, drink and drugs
raw rabbit kidney	meat	food, drink and drugs
razor blade in candy	tainted food	food, drink and drugs
razor blade in necklace	knives and blades	weapons and tools
reagent	potions and drugs	food, drink and drugs
rearview mirror	mirrors	mirrors and glass
receiver packed with dirt	phones and calls	pictures, screens and recordings
record player	tapes and records	pictures, screens and recordings
recorded confession	tapes and records	pictures, screens and recordings
recording equipment	tapes and records	pictures, screens and recordings
recurring dream	dreams and visions	unclear
recurring song	songs and music	sounds, smells and silence
red	the colour red	clothes, jewellery and keepsakes
red and green sweater	other clothing	clothes, jewellery and keepsakes
red artificial nails	hands and fingers	wounded and changing bodies
red balloon	toys	dolls, masks and likenesses
red cloud	strange clouds and skies	weather, sky and darkness
red coat	coats, cloaks and hats	clothes, jewellery and keepsakes
red death costume	costumes and disguises	dolls, masks and likenesses
red door	doors	the house and its rooms
red emergency lighting	flickering and strange lights	weather, sky and darkness
red glow	flickering and strange lights	weather, sky and darkness
red jawbreaker	sweets and cakes	food, drink and drugs
red laces	other clothing	clothes, jewellery and keepsakes
red lantern	candles and lamps	weather, sky and darkness
red light	flickering and strange lights	weather, sky and darkness
red lights	flickering and strange lights	weather, sky and darkness
red moon	moon and eclipses	weather, sky and darkness
red pyramid	unnamed creatures	monsters and hybrid creatures
red ribbon	other clothing	clothes, jewellery and keepsakes
red riding hood and wolf	stories and rhymes told	books, letters and writing
red riding hood costume	costumes and disguises	dolls, masks and likenesses
red schoolbag	keepsakes and belongings	clothes, jewellery and keepsakes
red shawl	coats, cloaks and hats	clothes, jewellery and keepsakes
red strips on trees	trees	plants, trees and fungus
red tape door	doors	the house and its rooms
red tent	hidden rooms and passages	the house and its rooms
red wine	alcohol	food, drink and drugs
red-eyed figure at window	figures at windows and doors	ghosts and strange figures
red-faced demon	demons and devils	monsters and hybrid creatures
red-hot poker	hammers and blunt tools	weapons and tools
reeds	vines, hedges and strange plants	plants, trees and fungus
reflection in glass	reflections	mirrors and glass
reflection in water	reflections	mirrors and glass
regenerating flesh	deformed and altered bodies	wounded and changing bodies
rehearsed scream	screams, cries and laughter	sounds, smells and silence
reindeer carcasses	dead, hurt and skinned animals	animals and birds
rejected proposal	unclear	unclear
religious tracts	books	books, letters and writing
remains in a wall	skeletons, skulls and bones	corpses and body parts
remains in a well	skeletons, skulls and bones	corpses and body parts
removed mirrors	mirrors	mirrors and glass
removed tongue	body organs	wounded and changing bodies
reog performer	clowns and performers	ghosts and strange figures
repeated phrase	voices and whispers	sounds, smells and silence
repeated whisper	voices and whispers	sounds, smells and silence
repeating doorways	doors	the house and its rooms
replica bedroom	models and miniatures	dolls, masks and likenesses
replica of the house	models and miniatures	dolls, masks and likenesses
restless livestock	farm animals	animals and birds
returned suit	other clothing	clothes, jewellery and keepsakes
revenge as a river	unclear	unclear
reverend	nuns, priests and holy people	ghosts and strange figures
reverse bear trap	traps and snares	ropes, cages and executions
reversed floor plan	walls, floors and ceilings	the house and its rooms
rhyme of the whistling tree	lullabies and children's songs	sounds, smells and silence
rhyming valentine notes	letters and notes	books, letters and writing
rhythmic banging	knocking and banging	sounds, smells and silence
rhythmic knocking	knocking and banging	sounds, smells and silence
ribbons	other clothing	clothes, jewellery and keepsakes
rice	protective herbs, grains and circles	holy and occult objects
ring in a tin can	rings	clothes, jewellery and keepsakes
ring of keys	keys	clothes, jewellery and keepsakes
ringing phone	phones and calls	pictures, screens and recordings
riots	crowds and protests	gatherings, games and closeness
riots on television	television	pictures, screens and recordings
ripped-off ear	severed limbs and organs	corpses and body parts
ritual coffee	ritual tools and offerings	holy and occult objects
ritual cup	ritual tools and offerings	holy and occult objects
ritual dagger	knives and blades	weapons and tools
ritual horn	music boxes and instruments	sounds, smells and silence
ritual table	ritual tools and offerings	holy and occult objects
river delta	lakes, ponds and rivers	water and drowning
river of the dead	lakes, ponds and rivers	water and drowning
road accident	car crashes	vehicles and roads
road marker	roads and bridges	vehicles and roads
road trip truck	trucks and vans	vehicles and roads
roadblocks and soldiers	roads and bridges	vehicles and roads
roadkill	dead, hurt and skinned animals	animals and birds
roast bird	meals and dishes	food, drink and drugs
robes	coats, cloaks and hats	clothes, jewellery and keepsakes
robot pet	machines and devices	household objects and machines
robot sentry guns	guns	weapons and tools
rock	stones and rocks	wild and lonely places
rocket	spacecraft	vehicles and roads
rocking horse	toys	dolls, masks and likenesses
rocks	stones and rocks	wild and lonely places
rocky hill	cliffs, hills and mountains	wild and lonely places
roller coaster	fairgrounds and sports grounds	buildings and public places
rooftop	towers and lighthouses	buildings and public places
room 402	numbers and codes	books, letters and writing
room of the murdered	houses and mansions	the house and its rooms
room under the stairs	stairs and hallways	the house and its rooms
rooster at dawn	other birds	animals and birds
rooster's crow	other birds	animals and birds
roosters and swans	other birds	animals and birds
rope bridge	roads and bridges	vehicles and roads
rope of clothing	nooses, ropes and wires	ropes, cages and executions
rope of victims' clothes	nooses, ropes and wires	ropes, cages and executions
rosary beads	charms, amulets and spells	holy and occult objects
rose	flowers	plants, trees and fungus
rose garden	flowers	plants, trees and fungus
roses	flowers	plants, trees and fungus
rotted corpse	rotting and preserved bodies	corpses and body parts
rotten fish	tainted food	food, drink and drugs
rotting animal corpses	dead, hurt and skinned animals	animals and birds
rotting flesh	rotting and preserved bodies	corpses and body parts
row of flash cameras	cameras	pictures, screens and recordings
rubber gloves	other clothing	clothes, jewellery and keepsakes
rubber plantation	fields and crops	wild and lonely places
rubik's cube	toys	dolls, masks and likenesses
ruin	ruins and abandoned places	buildings and public places
ruined building	ruins and abandoned places	buildings and public places
ruined church	churches and temples	buildings and public places
ruined factory	factories and industrial sites	buildings and public places
ruined town	ruins and abandoned places	buildings and public places
runes on skin	occult symbols and patterns	holy and occult objects
runic parchment	spell books and holy books	holy and occult objects
runic symbols	occult symbols and patterns	holy and occult objects
running taps	taps, drains and leaks	water and drowning
running water	water itself	water and drowning
ruptured belly	guts and opened bodies	corpses and body parts
rural school	schools	buildings and public places
rust	metal and machines in the body	wounded and changing bodies
rv	trucks and vans	vehicles and roads
sabres	swords and spears	weapons and tools
sack mask	masks	dolls, masks and likenesses
sacks	boxes, chests and containers	household objects and machines
sacks carried at night	boxes, chests and containers	household objects and machines
sacred ash	holy water and sacraments	holy and occult objects
sacred scripture	spell books and holy books	holy and occult objects
sacred tree	trees	plants, trees and fungus
safe	boxes, chests and containers	household objects and machines
saint pendant	charms, amulets and spells	holy and occult objects
saint statue	statues, carvings and pottery	dolls, masks and likenesses
saint with burning angel	saints and holy images	holy and occult objects
sake for the guest	alcohol	food, drink and drugs
same fallen log	trees	plants, trees and fungus
samurai armor	other clothing	clothes, jewellery and keepsakes
sand paths	dirt, dust and sand	wild and lonely places
sandals	other clothing	clothes, jewellery and keepsakes
sandworms	giant creatures	monsters and hybrid creatures
sangria bowl	alcohol	food, drink and drugs
sanskrit symbols on body	occult symbols and patterns	holy and occult objects
santa claus	clowns and performers	ghosts and strange figures
santa suit	costumes and disguises	dolls, masks and likenesses
sarcophagus	coffins and caskets	graves, coffins and funerals
saree on fire	burning bodies	fire, smoke and burning
satellite dish	machines and devices	household objects and machines
saturn in retrograde	stars, comets and meteors	weather, sky and darkness
savaged remains	impaled and mutilated bodies	corpses and body parts
sawdust in the core	cliffs, hills and mountains	wild and lonely places
sawmill	factories and industrial sites	buildings and public places
scaffold	gallows and execution	ropes, cages and executions
scale model of town	models and miniatures	dolls, masks and likenesses
scalpels	surgical instruments	weapons and tools
scanning whine	strange noises	sounds, smells and silence
scar on neck	scars and burns	wounded and changing bodies
scarab device	cursed objects	holy and occult objects
scare video	video and film footage	pictures, screens and recordings
scarecrows	effigies and scarecrows	dolls, masks and likenesses
scent of mimosa	smells	sounds, smells and silence
scented candle	smells	sounds, smells and silence
school	schools	buildings and public places
school bus	carriages, bikes and buses	vehicles and roads
school gate	doors	the house and its rooms
school motto	signs and posters	books, letters and writing
school uniforms	other clothing	clothes, jewellery and keepsakes
schoolgirls' prayer song	songs and music	sounds, smells and silence
scorpion	insects and swarms	vermin and creeping things
scorpion and grasshopper	insects and swarms	vermin and creeping things
scrap metal in a wound	metal and machines in the body	wounded and changing bodies
scratched name	written words and graffiti	books, letters and writing
scratched-out eyes	strange eyes	wounded and changing bodies
scratches	bites and scratches	wounded and changing bodies
scratches on face	bites and scratches	wounded and changing bodies
scratching sound	strange noises	sounds, smells and silence
screams	screams, cries and laughter	sounds, smells and silence
scribble-board	drawings	pictures, screens and recordings
script	books	books, letters and writing
scuba tank	bombs and explosives	weapons and tools
sculpting knives	knives and blades	weapons and tools
sculptor's hands	hands and fingers	wounded and changing bodies
sea cave	sea and shore	water and drowning
sea foam	sea and shore	water and drowning
sea on fire	sea and shore	water and drowning
seagulls	gulls and sea birds	animals and birds
seal of solomon	occult symbols and patterns	holy and occult objects
sealed cellar door	basements and cellars	the house and its rooms
seance	rites and ceremonies	gatherings, games and closeness
second cat	cats	animals and birds
secret hallways	hidden rooms and passages	the house and its rooms
secret passage	hidden rooms and passages	the house and its rooms
secret passages	hidden rooms and passages	the house and its rooms
secret room	hidden rooms and passages	the house and its rooms
security alarm	alarms and signals	household objects and machines
security camera	surveillance cameras and monitors	pictures, screens and recordings
security footage	video and film footage	pictures, screens and recordings
security tape static	tapes and records	pictures, screens and recordings
seed pods	aliens and pods	monsters and hybrid creatures
seeing through her eyes	strange eyes	wounded and changing bodies
segments of an orange	fruit	plants, trees and fungus
seismograph	surveillance cameras and monitors	pictures, screens and recordings
seizures	sick and dying people	wounded and changing bodies
self-made scars	scars and burns	wounded and changing bodies
self-made tombstone	graves and gravestones	graves, coffins and funerals
self-sharpening knife	knives and blades	weapons and tools
sermon at the gallows	gallows and execution	ropes, cages and executions
session recording	tapes and records	pictures, screens and recordings
setting sun	sun and daylight	weather, sky and darkness
severed animal heads	dead, hurt and skinned animals	animals and birds
severed arms	severed limbs and organs	corpses and body parts
severed body parts	severed limbs and organs	corpses and body parts
severed cat arm	dead, hurt and skinned animals	animals and birds
severed head in box	severed heads	corpses and body parts
severed head in dreams	severed heads	corpses and body parts
severed head in jar	severed heads	corpses and body parts
severed head in lobster trap	severed heads	corpses and body parts
severed leg	severed limbs and organs	corpses and body parts
severed puppet head	puppets and dummies	dolls, masks and likenesses
severed tail	dead, hurt and skinned animals	animals and birds
severed tongue	severed limbs and organs	corpses and body parts
sewer drain	sewers and underground	wild and lonely places
sewer lair	sewers and underground	wild and lonely places
sewers	sewers and underground	wild and lonely places
sewn dolls	dolls	dolls, masks and likenesses
shackles and bones	skeletons, skulls and bones	corpses and body parts
shadow	darkness and shadows	weather, sky and darkness
shadow at foot of bed	shadowy and faceless figures	ghosts and strange figures
shadow of a hand	darkness and shadows	weather, sky and darkness
shadows	darkness and shadows	weather, sky and darkness
shadowy figure	shadowy and faceless figures	ghosts and strange figures
shadowy figure in a dream	shadowy and faceless figures	ghosts and strange figures
shaking bed	bedrooms and beds	the house and its rooms
shallow grave	graves and gravestones	graves, coffins and funerals
shard of glass	broken mirrors and glass	mirrors and glass
shared wall	walls, floors and ceilings	the house and its rooms
shark	fish and sea creatures	animals and birds
shark cage	fish and sea creatures	animals and birds
shark tooth	fish and sea creatures	animals and birds
shark's black eyes	fish and sea creatures	animals and birds
sharpened stick	stakes and sharpened sticks	weapons and tools
sharpened sticks	stakes and sharpened sticks	weapons and tools
shattered mirror	broken mirrors and glass	mirrors and glass
shattering windows	broken mirrors and glass	mirrors and glass
shaved head	hair	wounded and changing bodies
sheep and bolt gun	farm animals	animals and birds
shells	fish and sea creatures	animals and birds
shimmering eyes	strange eyes	wounded and changing bodies
ship's log	diaries and journals	books, letters and writing
shipwreck	boats and ships	vehicles and roads
shoe soles	other clothing	clothes, jewellery and keepsakes
shoe standing upright	other clothing	clothes, jewellery and keepsakes
shoes on wrong feet	feet and footprints	wounded and changing bodies
shofar	music boxes and instruments	sounds, smells and silence
shot eye	strange eyes	wounded and changing bodies
shout	screams, cries and laughter	sounds, smells and silence
shrieking in the wind	screams, cries and laughter	sounds, smells and silence
shrine	ritual tools and offerings	holy and occult objects
shrine of photos	photographs	pictures, screens and recordings
shrivelled apple	fruit	plants, trees and fungus
shrouded corpse	corpses	corpses and body parts
shrouded dead	corpses	corpses and body parts
shrouded gravestones	graves and gravestones	graves, coffins and funerals
shrunken head	severed heads	corpses and body parts
sick child	sick and dying people	wounded and changing bodies
sickbed	hospitals and asylums	buildings and public places
sickle above the door	charms, amulets and spells	holy and occult objects
sickly sweet smell	smells	sounds, smells and silence
sickroom bell	bells	sounds, smells and silence
sideshow taunts	voices and whispers	sounds, smells and silence
sign language	unclear	unclear
silence	silence and stillness	sounds, smells and silence
silent birds	silence and stillness	sounds, smells and silence
silent children	silence and stillness	sounds, smells and silence
silent phone call	phones and calls	pictures, screens and recordings
silhouette with claws	shadowy and faceless figures	ghosts and strange figures
silver bullets	guns	weapons and tools
silver coins	money and gold	clothes, jewellery and keepsakes
silver cup	keepsakes and belongings	clothes, jewellery and keepsakes
silver letter opener	knives and blades	weapons and tools
silver necklace	necklaces and lockets	clothes, jewellery and keepsakes
silver sphere	other weapons and tools	weapons and tools
silver wolf's head cane	other weapons and tools	weapons and tools
simulation dots	computers and messages	pictures, screens and recordings
singing and dancing at midnight	songs and music	sounds, smells and silence
singing dead lord	songs and music	sounds, smells and silence
singing toy rabbit	toys	dolls, masks and likenesses
sink plughole	taps, drains and leaks	water and drowning
sink spewing blood	trails and pools of blood	blood
sinkhole	holes, pits and tunnels	wild and lonely places
sinking ships	boats and ships	vehicles and roads
siphoned gas can	poisons, fuels and chemicals	food, drink and drugs
skateboard	carriages, bikes and buses	vehicles and roads
skeletal body	rotting and preserved bodies	corpses and body parts
skeleton in rocking chair	skeletons, skulls and bones	corpses and body parts
sketchbook	drawings	pictures, screens and recordings
sketches of visions	drawings	pictures, screens and recordings
ski mask	masks	dolls, masks and likenesses
skin suit	flayed skin and faces	corpses and body parts
skin wheals	bruises and rashes	wounded and changing bodies
skin worn as disguise	flayed skin and faces	corpses and body parts
skinless baby	flayed skin and faces	corpses and body parts
skinless creature	unnamed creatures	monsters and hybrid creatures
skinned animals	dead, hurt and skinned animals	animals and birds
skinned possums	dead, hurt and skinned animals	animals and birds
skinned rabbit	dead, hurt and skinned animals	animals and birds
skipping record	tapes and records	pictures, screens and recordings
skull and hair	skeletons, skulls and bones	corpses and body parts
skull in the garden	skeletons, skulls and bones	corpses and body parts
skull on the trail	skeletons, skulls and bones	corpses and body parts
skull puzzle	skeletons, skulls and bones	corpses and body parts
skull-shaped mountain	cliffs, hills and mountains	wild and lonely places
skylight and noose	nooses, ropes and wires	ropes, cages and executions
skyscraper	towers and lighthouses	buildings and public places
slain bear	dead, hurt and skinned animals	animals and birds
slashed nightgown	other clothing	clothes, jewellery and keepsakes
slashed portrait	portraits and paintings	pictures, screens and recordings
slashed throat	wounds and cuts	wounded and changing bodies
slaughtered dogs	dead, hurt and skinned animals	animals and birds
sled dogs	dogs	animals and birds
sleeping bags	everyday objects	household objects and machines
slide projector	cinemas, theatres and projectors	pictures, screens and recordings
slit in abdomen	guts and opened bodies	corpses and body parts
slit in the back	wounds and cuts	wounded and changing bodies
slit mouth	wounds and cuts	wounded and changing bodies
slowing heartbeat	breath and heartbeat	wounded and changing bodies
small door	hidden rooms and passages	the house and its rooms
small footprints	feet and footprints	wounded and changing bodies
small mutant creature	unnamed creatures	monsters and hybrid creatures
smart-home camera	surveillance cameras and monitors	pictures, screens and recordings
smashed bridge	roads and bridges	vehicles and roads
smell of burning	smells	sounds, smells and silence
smell of death	smells	sounds, smells and silence
smile	faces and mouths	wounded and changing bodies
smiley-face sticker	signs and posters	books, letters and writing
smoke alarm	alarms and signals	household objects and machines
smoke detector	alarms and signals	household objects and machines
smoking flesh	burning bodies	fire, smoke and burning
snake eating itself	occult symbols and patterns	holy and occult objects
snakes and ants	insects and swarms	vermin and creeping things
snapped neck	wounds and cuts	wounded and changing bodies
snapping sticks	strange noises	sounds, smells and silence
snapping turtles	frogs, toads and lizards	vermin and creeping things
sneeze and snore	strange noises	sounds, smells and silence
snow globe	toys	dolls, masks and likenesses
snow-covered driveway	snow and cold	weather, sky and darkness
snowglobe	toys	dolls, masks and likenesses
sobbing woman	screams, cries and laughter	sounds, smells and silence
society anthem	songs and music	sounds, smells and silence
sofa bed	bedrooms and beds	the house and its rooms
soiled diapers	babies and infants	babies, birth and pregnancy
someone else in the house	felt presences and cold	sounds, smells and silence
song about a hole	songs and music	sounds, smells and silence
song called it never ends	songs and music	sounds, smells and silence
song on repeat	songs and music	sounds, smells and silence
song on the radio	radios and broadcasts	pictures, screens and recordings
sos painted on roof	written words and graffiti	books, letters and writing
soul jar	charms, amulets and spells	holy and occult objects
sound studio	labs and studios	buildings and public places
soundproof booth	labs and studios	buildings and public places
spacecraft	spacecraft	vehicles and roads
spaghetti	meals and dishes	food, drink and drugs
sparrows	other birds	animals and birds
speakers	household appliances	household objects and machines
speaking pipes	hidden rooms and passages	the house and its rooms
spear gun	guns	weapons and tools
spear-gun	guns	weapons and tools
speargun	guns	weapons and tools
special coins	money and gold	clothes, jewellery and keepsakes
spectral photograph	photographs	pictures, screens and recordings
spell words	charms, amulets and spells	holy and occult objects
sperm creature	aliens and pods	monsters and hybrid creatures
spider and web	spiders and webs	vermin and creeping things
spider eating a butterfly	spiders and webs	vermin and creeping things
spider web	spiders and webs	vermin and creeping things
spiders and flies	flies and maggots	vermin and creeping things
spiderweb	spiders and webs	vermin and creeping things
spiked foot device	hooks and spikes	weapons and tools
spiked glove	hooks and spikes	weapons and tools
spiked mask	masks	dolls, masks and likenesses
spinning game	games	gatherings, games and closeness
spiral	occult symbols and patterns	holy and occult objects
spirit board	spirit boards and tarot	holy and occult objects
spirit paintings	portraits and paintings	pictures, screens and recordings
spirit photo magazine	photographs	pictures, screens and recordings
splintered wood	stakes and sharpened sticks	weapons and tools
split dog	dead, hurt and skinned animals	animals and birds
sponge cake	sweets and cakes	food, drink and drugs
spoon and jar	boxes, chests and containers	household objects and machines
spores	aliens and pods	monsters and hybrid creatures
spyhole	windows	the house and its rooms
squawking birds	other birds	animals and birds
stab to the throat	wounds and cuts	wounded and changing bodies
stabbed dog	dead, hurt and skinned animals	animals and birds
staged death photos	photographs	pictures, screens and recordings
stained blouse	bloodied people and clothes	blood
stained-glass window	windows	the house and its rooms
staircase	stairs and hallways	the house and its rooms
stairwell	stairs and hallways	the house and its rooms
staked corpse	impaled and mutilated bodies	corpses and body parts
standing coffin	coffins and caskets	graves, coffins and funerals
standing stone	stones and rocks	wild and lonely places
stars	stars, comets and meteors	weather, sky and darkness
stars in the well	wells and cisterns	water and drowning
statue of isis	statues, carvings and pottery	dolls, masks and likenesses
statue of king slaying cat	statues, carvings and pottery	dolls, masks and likenesses
statue of the virgin	statues, carvings and pottery	dolls, masks and likenesses
steel blindfold	restraints and gags	ropes, cages and executions
steering wheel	cars	vehicles and roads
steroids	potions and drugs	food, drink and drugs
stew	meals and dishes	food, drink and drugs
stick	hammers and blunt tools	weapons and tools
stick figures	drawings	pictures, screens and recordings
stick insect	insects and swarms	vermin and creeping things
stigmata	bruises and rashes	wounded and changing bodies
stillborn baby	dead and unborn babies	babies, birth and pregnancy
stinger in the eye	insects and swarms	vermin and creeping things
stoat	wild beasts	animals and birds
stolen balloons	toys	dolls, masks and likenesses
stolen bicycle	carriages, bikes and buses	vehicles and roads
stolen heaters	household appliances	household objects and machines
stolen makeup	makeup and face paint	dolls, masks and likenesses
stolen money	money and gold	clothes, jewellery and keepsakes
stone	stones and rocks	wild and lonely places
stone circle	protective herbs, grains and circles	holy and occult objects
stone cross	crosses and crucifixes	holy and occult objects
stone eagle	statues, carvings and pottery	dolls, masks and likenesses
stone labyrinth	stones and rocks	wild and lonely places
stone lions	statues, carvings and pottery	dolls, masks and likenesses
stone mantelpiece	chairs and furniture	household objects and machines
stone stairs	stairs and hallways	the house and its rooms
stone talisman	charms, amulets and spells	holy and occult objects
stones	stones and rocks	wild and lonely places
stones falling from the sky	strange clouds and skies	weather, sky and darkness
stony soil	dirt, dust and sand	wild and lonely places
stopped clock	clocks and watches	household objects and machines
stopped clocks	clocks and watches	household objects and machines
storm cellar	basements and cellars	the house and its rooms
storm drain	sewers and underground	wild and lonely places
storm drains	sewers and underground	wild and lonely places
storm sewers	sewers and underground	wild and lonely places
storybook	books	books, letters and writing
straitjacket	restraints and gags	ropes, cages and executions
strange eyes	strange eyes	wounded and changing bodies
strange eyes and hair	hair	wounded and changing bodies
strange noise	strange noises	sounds, smells and silence
strange smell	smells	sounds, smells and silence
straw dummy	effigies and scarecrows	dolls, masks and likenesses
straw effigy	effigies and scarecrows	dolls, masks and likenesses
stray cat	cats	animals and birds
stray dog	dogs	animals and birds
stray dogs	dogs	animals and birds
stream	lakes, ponds and rivers	water and drowning
street children with gum	eerie children	ghosts and strange figures
street protests	crowds and protests	gatherings, games and closeness
stuffed birds	dead, hurt and skinned animals	animals and birds
stuffed dinosaur	toys	dolls, masks and likenesses
subliminal commands	signs and posters	books, letters and writing
submerged car	cars	vehicles and roads
sudden storm	storms, thunder and lightning	weather, sky and darkness
sugar	sweets and cakes	food, drink and drugs
sugar as bait	sweets and cakes	food, drink and drugs
sugarcane field	fields and crops	wild and lonely places
sugarcane mill	factories and industrial sites	buildings and public places
suicide's funeral	funerals and mourning	graves, coffins and funerals
sunglasses indoors	other clothing	clothes, jewellery and keepsakes
sunken place	voids and portals	weather, sky and darkness
sunlight through door	sun and daylight	weather, sky and darkness
super glue	everyday objects	household objects and machines
supernatural light	flickering and strange lights	weather, sky and darkness
surgical knives	knives and blades	weapons and tools
surveillance cameras	surveillance cameras and monitors	pictures, screens and recordings
survivor as bait	traps and snares	ropes, cages and executions
swallowed hair	hair	wounded and changing bodies
swan	other birds	animals and birds
swarm of flies	flies and maggots	vermin and creeping things
swarming bugs	insects and swarms	vermin and creeping things
sweets	sweets and cakes	food, drink and drugs
sweets and cakes	sweets and cakes	food, drink and drugs
swimming of witches	gallows and execution	ropes, cages and executions
switchblade	knives and blades	weapons and tools
switchboard line	phones and calls	pictures, screens and recordings
swollen moon	moon and eclipses	weather, sky and darkness
sword cane	swords and spears	weapons and tools
symbol on a mirror	occult symbols and patterns	holy and occult objects
symbols carved in skin	marks and symbols on skin	wounded and changing bodies
symbols of invocation	occult symbols and patterns	holy and occult objects
syringes	surgical instruments	weapons and tools
tabloid newspaper	papers, maps and records	books, letters and writing
tail	deformed and altered bodies	wounded and changing bodies
talisman on a tree	charms, amulets and spells	holy and occult objects
talismans and amulets	charms, amulets and spells	holy and occult objects
tall trees	trees	plants, trees and fungus
tame zombie	the walking dead	corpses and body parts
tank truck	trucks and vans	vehicles and roads
tap	taps, drains and leaks	water and drowning
tape measure	everyday objects	household objects and machines
tape-recorded log	tapes and records	pictures, screens and recordings
taped windows	locked doors and rooms	the house and its rooms
tapis undergarment	other clothing	clothes, jewellery and keepsakes
tapping in the wall	knocking and banging	sounds, smells and silence
tarantula	spiders and webs	vermin and creeping things
tarantulas	spiders and webs	vermin and creeping things
tarman	the walking dead	corpses and body parts
tarot-coloured apartment	houses and mansions	the house and its rooms
taxi driver	strangers and odd people	ghosts and strange figures
teacup and spoon	milk and other drinks	food, drink and drugs
teeth and hair	hair	wounded and changing bodies
teeth falling out	teeth, horns and claws	wounded and changing bodies
telephone pole	electricity and power	household objects and machines
telephone static	phones and calls	pictures, screens and recordings
telephone threats	phones and calls	pictures, screens and recordings
telephone with a mouth	phones and calls	pictures, screens and recordings
telepods	machines and devices	household objects and machines
teleported steak	machines and devices	household objects and machines
televangelist on tv	television	pictures, screens and recordings
television cartoons	television	pictures, screens and recordings
television evangelist	television	pictures, screens and recordings
television news	television	pictures, screens and recordings
television set	television	pictures, screens and recordings
television studio	television	pictures, screens and recordings
tentacled tongue	tentacles and creature parts	monsters and hybrid creatures
text from a dead man	computers and messages	pictures, screens and recordings
text message	computers and messages	pictures, screens and recordings
text painted on body	marks and symbols on skin	wounded and changing bodies
the city	towns and cities	buildings and public places
the same tree	trees	plants, trees and fungus
three bears story	stories and rhymes told	books, letters and writing
three knocks at the door	knocking and banging	sounds, smells and silence
throat sacs	tentacles and creature parts	monsters and hybrid creatures
throwing knives	knives and blades	weapons and tools
thudding in the house	knocking and banging	sounds, smells and silence
thumb tacks	scissors, needles and razors	weapons and tools
thumbscrew	torture devices	ropes, cages and executions
ticking bomb	bombs and explosives	weapons and tools
ticks	insects and swarms	vermin and creeping things
tiger	wild beasts	animals and birds
tiger doll	dolls	dolls, masks and likenesses
tiger story at bedtime	stories and rhymes told	books, letters and writing
tight garter	other clothing	clothes, jewellery and keepsakes
time-bomb	bombs and explosives	weapons and tools
tin whistle tune	music boxes and instruments	sounds, smells and silence
titanium plate	metal and machines in the body	wounded and changing bodies
toad	frogs, toads and lizards	vermin and creeping things
toe rings	rings	clothes, jewellery and keepsakes
toilet tank lid	bathrooms	the house and its rooms
tolling bell	bells	sounds, smells and silence
tombstone	graves and gravestones	graves, coffins and funerals
tombstone in a vision	graves and gravestones	graves, coffins and funerals
tongue click	strange noises	sounds, smells and silence
tongueless boy	eerie children	ghosts and strange figures
tooth wrapped in cloth	teeth, horns and claws	wounded and changing bodies
top hat and suit	other clothing	clothes, jewellery and keepsakes
torch	candles and lamps	weather, sky and darkness
torches	candles and lamps	weather, sky and darkness
torn bloody raft	boats and ships	vehicles and roads
torn calendar pages	papers, maps and records	books, letters and writing
torn cheque	money and gold	clothes, jewellery and keepsakes
torn dress scrap	dresses	clothes, jewellery and keepsakes
tortoise	frogs, toads and lizards	vermin and creeping things
torture chamber	torture devices	ropes, cages and executions
torture wheel	torture devices	ropes, cages and executions
totem	statues, carvings and pottery	dolls, masks and likenesses
tower	towers and lighthouses	buildings and public places
towers	towers and lighthouses	buildings and public places
toxic chemical	poisons, fuels and chemicals	food, drink and drugs
toxic waste bar	poisons, fuels and chemicals	food, drink and drugs
toy glider	toys	dolls, masks and likenesses
toy plane	toys	dolls, masks and likenesses
toy soldier	toys	dolls, masks and likenesses
toy space shuttle	toys	dolls, masks and likenesses
toy telephone	toys	dolls, masks and likenesses
toy train	toys	dolls, masks and likenesses
toys spelling a word	toys	dolls, masks and likenesses
tract	books	books, letters and writing
tractor	trucks and vans	vehicles and roads
tractor-trailer	trucks and vans	vehicles and roads
trail of blood	trails and pools of blood	blood
trail of shells	fish and sea creatures	animals and birds
train suicide	trains and subways	vehicles and roads
train tracks	trains and subways	vehicles and roads
traitor fax	letters and notes	books, letters and writing
transmitter	radios and broadcasts	pictures, screens and recordings
transporter chambers	machines and devices	household objects and machines
trap	traps and snares	ropes, cages and executions
trapdoor	hidden rooms and passages	the house and its rooms
tree and rope	nooses, ropes and wires	ropes, cages and executions
tree growing from body	deformed and altered bodies	wounded and changing bodies
tree of the dead	trees	plants, trees and fungus
treehouse	trees	plants, trees and fungus
triangle	occult symbols and patterns	holy and occult objects
trick razor	scissors, needles and razors	weapons and tools
tricycle in corridors	toys	dolls, masks and likenesses
trident	swords and spears	weapons and tools
trilobite	insects and swarms	vermin and creeping things
troll stench	smells	sounds, smells and silence
trophy case	keepsakes and belongings	clothes, jewellery and keepsakes
trophy made into blade	knives and blades	weapons and tools
trowel	farm and garden tools	weapons and tools
truck with red lights	trucks and vans	vehicles and roads
trucks	trucks and vans	vehicles and roads
trucks blocking entrances	trucks and vans	vehicles and roads
tube men	signs and posters	books, letters and writing
tuberose scent	smells	sounds, smells and silence
tumors	sick and dying people	wounded and changing bodies
tuning fork	music boxes and instruments	sounds, smells and silence
tunnel out of town	holes, pits and tunnels	wild and lonely places
tunnel under the trees	trees	plants, trees and fungus
turkey baster	everyday objects	household objects and machines
turning table	spirit boards and tarot	holy and occult objects
turtle	frogs, toads and lizards	vermin and creeping things
turtle eggs	frogs, toads and lizards	vermin and creeping things
tv advert	television	pictures, screens and recordings
tv and running tap	television	pictures, screens and recordings
tv fortune teller	television	pictures, screens and recordings
tv news broadcasts	television	pictures, screens and recordings
tv news of a filicide	television	pictures, screens and recordings
tv screen inside the body	television	pictures, screens and recordings
twelve fingers	hands and fingers	wounded and changing bodies
twig effigy	effigies and scarecrows	dolls, masks and likenesses
twig token	ritual tools and offerings	holy and occult objects
twin sister	doubles and twins	ghosts and strange figures
twins	doubles and twins	ghosts and strange figures
twisted bloody footprints	feet and footprints	wounded and changing bodies
twisted buildings	towns and cities	buildings and public places
twitching toe	corpses	corpses and body parts
two-way radio	radios and broadcasts	pictures, screens and recordings
typed notes and knocks	knocking and banging	sounds, smells and silence
ufo stories	stories and rhymes told	books, letters and writing
ultrasound	pregnancy and birth	babies, birth and pregnancy
umbilical cord	pregnancy and birth	babies, birth and pregnancy
umbrella	everyday objects	household objects and machines
unanswered phone call	phones and calls	pictures, screens and recordings
unborn child	dead and unborn babies	babies, birth and pregnancy
under the bed	bedrooms and beds	the house and its rooms
underground bunker	holes, pits and tunnels	wild and lonely places
underground stream	lakes, ponds and rivers	water and drowning
unexploded bomb	bombs and explosives	weapons and tools
unfinished prayer room	churches and temples	buildings and public places
unhinged jaw	teeth, horns and claws	wounded and changing bodies
unicorn	other and mythical animals	animals and birds
uniform	other clothing	clothes, jewellery and keepsakes
uniform under a skeleton	skeletons, skulls and bones	corpses and body parts
unnatural cold	felt presences and cold	sounds, smells and silence
unseen watcher's view	shadowy and faceless figures	ghosts and strange figures
urn	urns and ashes	graves, coffins and funerals
urns of ashes	urns and ashes	graves, coffins and funerals
utility knife	knives and blades	weapons and tools
uv lights	flickering and strange lights	weather, sky and darkness
vacuum bag	household appliances	household objects and machines
vampire's dog	dogs	animals and birds
van in the road	trucks and vans	vehicles and roads
veiled face	shadowy and faceless figures	ghosts and strange figures
venomous snake	snakes and serpents	vermin and creeping things
ventriloquist dummy	puppets and dummies	dolls, masks and likenesses
vhs tapes	video and film footage	pictures, screens and recordings
vibrating gills	tentacles and creature parts	monsters and hybrid creatures
victorian clothes	other clothing	clothes, jewellery and keepsakes
video	video and film footage	pictures, screens and recordings
video call	video and film footage	pictures, screens and recordings
video log	video and film footage	pictures, screens and recordings
video wake-up call	video and film footage	pictures, screens and recordings
videos	video and film footage	pictures, screens and recordings
videotapes	video and film footage	pictures, screens and recordings
view from inside the jaws	fish and sea creatures	animals and birds
village stall	shops and malls	buildings and public places
vines	vines, hedges and strange plants	plants, trees and fungus
vintage drug advertisement	signs and posters	books, letters and writing
vinyl records	tapes and records	pictures, screens and recordings
visible breath	felt presences and cold	sounds, smells and silence
vodka	alcohol	food, drink and drugs
vodka and loud music	songs and music	sounds, smells and silence
voice learning words	voices and whispers	sounds, smells and silence
voice of god	voices and whispers	sounds, smells and silence
voice on a record	tapes and records	pictures, screens and recordings
voice on baby monitor	voices and whispers	sounds, smells and silence
voices in the head	voices and whispers	sounds, smells and silence
volcano	earthquakes and landslides	weather, sky and darkness
vomit	vomit and bodily fluids	wounded and changing bodies
vomited earthworms	vomit and bodily fluids	wounded and changing bodies
vomited nails	hooks and spikes	weapons and tools
voodoo doll	dolls	dolls, masks and likenesses
voodoo drums	music boxes and instruments	sounds, smells and silence
voodoo parade	crowds and protests	gatherings, games and closeness
votive candle	ritual tools and offerings	holy and occult objects
voyeur game show	games	gatherings, games and closeness
vultures	other birds	animals and birds
wailing goats	farm animals	animals and birds
waiting room	hospitals and asylums	buildings and public places
walk of fame star	signs and posters	books, letters and writing
walking corpse	the walking dead	corpses and body parts
walking stick	hammers and blunt tools	weapons and tools
wall	walls, floors and ceilings	the house and its rooms
wall and gate	doors	the house and its rooms
wall clock	clocks and watches	household objects and machines
wall graffiti	written words and graffiti	books, letters and writing
wall writing	written words and graffiti	books, letters and writing
war paint	marks and symbols on skin	wounded and changing bodies
wardrobe	closets and wardrobes	the house and its rooms
warm mountain wind	wind	weather, sky and darkness
warning bell	bells	sounds, smells and silence
warning sign	signs and posters	books, letters and writing
warning song	songs and music	sounds, smells and silence
watches	clocks and watches	household objects and machines
watchman's cat	cats	animals and birds
watchtowers and lamps	towers and lighthouses	buildings and public places
water and fish	fish and sea creatures	animals and birds
water hole	water itself	water and drowning
water into wine	holy water and sacraments	holy and occult objects
water leak	taps, drains and leaks	water and drowning
water puddle	water itself	water and drowning
water pump	water itself	water and drowning
water snakes	snakes and serpents	vermin and creeping things
water taps	taps, drains and leaks	water and drowning
water tower	wells and cisterns	water and drowning
waterfall into a hole	lakes, ponds and rivers	water and drowning
watermelon	fruit	plants, trees and fungus
waves on rocks	sea and shore	water and drowning
wax museum	mannequins and waxworks	dolls, masks and likenesses
waxwork figures	mannequins and waxworks	dolls, masks and likenesses
webbed fossil hand	hands and fingers	wounded and changing bodies
webcam	cameras	pictures, screens and recordings
website diary	computers and messages	pictures, screens and recordings
wedding	weddings, birthdays and parties	gatherings, games and closeness
wedding clothes	wedding clothes	clothes, jewellery and keepsakes
wedding dress	wedding clothes	clothes, jewellery and keepsakes
wedding feast chant	songs and music	sounds, smells and silence
wedding footage	video and film footage	pictures, screens and recordings
wedding gown	wedding clothes	clothes, jewellery and keepsakes
wedding song	songs and music	sounds, smells and silence
wedding wishes	weddings, birthdays and parties	gatherings, games and closeness
weeping	screams, cries and laughter	sounds, smells and silence
weeping apparition	ghosts and apparitions	ghosts and strange figures
weeping fig	trees	plants, trees and fungus
weeping voices	voices and whispers	sounds, smells and silence
werewolf	half-human hybrids	monsters and hybrid creatures
wet paddle	hammers and blunt tools	weapons and tools
wheelbarrow	farm and garden tools	weapons and tools
wheelchair restraints	wheelchairs, limps and prosthetics	wounded and changing bodies
whip	other weapons and tools	weapons and tools
whirl clouds	strange clouds and skies	weather, sky and darkness
whisky bottle	alcohol	food, drink and drugs
whispered 'sweet girl'	voices and whispers	sounds, smells and silence
whispering ghost children	voices and whispers	sounds, smells and silence
whispering voice	voices and whispers	sounds, smells and silence
whispering wind	voices and whispers	sounds, smells and silence
whispers	voices and whispers	sounds, smells and silence
whistling	strange noises	sounds, smells and silence
white border	unclear	unclear
white featureless mask	masks	dolls, masks and likenesses
white gloves	other clothing	clothes, jewellery and keepsakes
white mask	masks	dolls, masks and likenesses
white pigeons	other birds	animals and birds
white rabbits	rabbits and hares	animals and birds
white rose	flowers	plants, trees and fungus
white shadows in photos	photographs	pictures, screens and recordings
white swan	other birds	animals and birds
white-headed fly	flies and maggots	vermin and creeping things
white-water rapids	lakes, ponds and rivers	water and drowning
whiteboard	signs and posters	books, letters and writing
who are you message	written words and graffiti	books, letters and writing
wicker man	effigies and scarecrows	dolls, masks and likenesses
wicker trunk	boxes, chests and containers	household objects and machines
wife dressed like a doll	costumes and disguises	dolls, masks and likenesses
wig	costumes and disguises	dolls, masks and likenesses
wild hair	hair	wounded and changing bodies
wild mushrooms	mushrooms and fungus	plants, trees and fungus
william blake book	books	books, letters and writing
willow song	songs and music	sounds, smells and silence
wind	wind	weather, sky and darkness
wind in organ pipes	music boxes and instruments	sounds, smells and silence
windfall apple	fruit	plants, trees and fungus
windstorm	wind	weather, sky and darkness
wine bottle	alcohol	food, drink and drugs
wine cask	alcohol	food, drink and drugs
wine cup	alcohol	food, drink and drugs
wine glass	glass objects	mirrors and glass
wing	other birds	animals and birds
winged skeletal creature	unnamed creatures	monsters and hybrid creatures
wings	other birds	animals and birds
wire hanger	everyday objects	household objects and machines
wire saw	nooses, ropes and wires	ropes, cages and executions
wire trap	traps and snares	ropes, cages and executions
witch bottle	charms, amulets and spells	holy and occult objects
witch burning	gallows and execution	ropes, cages and executions
witch riding a man	witches and hags	ghosts and strange figures
witch stories	stories and rhymes told	books, letters and writing
witches turned to cats	cats	animals and birds
wolf bite	bites and scratches	wounded and changing bodies
wolf corpse	dead, hurt and skinned animals	animals and birds
wolf enclosure	cages and pens	ropes, cages and executions
wolf howling	wild beasts	animals and birds
wolf howls	wild beasts	animals and birds
wolf trap	traps and snares	ropes, cages and executions
wolfsbane	protective herbs, grains and circles	holy and occult objects
wolfsbane wreath	protective herbs, grains and circles	holy and occult objects
wolves at night	wild beasts	animals and birds
wolves howling	wild beasts	animals and birds
woman at the window	figures at windows and doors	ghosts and strange figures
woman covered in blood	bloodied people and clothes	blood
woman crying in the tower	screams, cries and laughter	sounds, smells and silence
woman floating	levitating people and things	ghosts and strange figures
woman in black	women in white or black	ghosts and strange figures
woman in flames	burning bodies	fire, smoke and burning
woman in white	women in white or black	ghosts and strange figures
woman jumping from balcony	strangers and odd people	ghosts and strange figures
woman standing over bed	figures at windows and doors	ghosts and strange figures
woman swimming	strangers and odd people	ghosts and strange figures
woman who removes her face	flayed skin and faces	corpses and body parts
womb	pregnancy and birth	babies, birth and pregnancy
wood chipper	saws and power tools	weapons and tools
woodcuts and paintings	portraits and paintings	pictures, screens and recordings
wooded road	roads and bridges	vehicles and roads
wooden chair	chairs and furniture	household objects and machines
wooden chandelier	chairs and furniture	household objects and machines
wooden church	churches and temples	buildings and public places
wooden cross	crosses and crucifixes	holy and occult objects
wooden golem	statues, carvings and pottery	dolls, masks and likenesses
wooden head	statues, carvings and pottery	dolls, masks and likenesses
wooden heart	keepsakes and belongings	clothes, jewellery and keepsakes
wooden paddle	hammers and blunt tools	weapons and tools
wooden pickaxe	axes and cleavers	weapons and tools
wooden staff	other weapons and tools	weapons and tools
wooden stakes	stakes and sharpened sticks	weapons and tools
woodland house	houses and mansions	the house and its rooms
woodlice	insects and swarms	vermin and creeping things
word in a mirror	written words and graffiti	books, letters and writing
word spelled on the ground	written words and graffiti	books, letters and writing
words carved in skin	marks and symbols on skin	wounded and changing bodies
words written in the air	written words and graffiti	books, letters and writing
work gloves	other clothing	clothes, jewellery and keepsakes
workout videotape	video and film footage	pictures, screens and recordings
worm creatures	giant creatures	monsters and hybrid creatures
wound	wounds and cuts	wounded and changing bodies
wound on the side	wounds and cuts	wounded and changing bodies
wrecked helicopter	planes and helicopters	vehicles and roads
wrecked ship	boats and ships	vehicles and roads
writing on the wall	written words and graffiti	books, letters and writing
writing on wall	written words and graffiti	books, letters and writing
writing on walls	written words and graffiti	books, letters and writing
x carved into flesh	marks and symbols on skin	wounded and changing bodies
x on the wall	written words and graffiti	books, letters and writing
x painted on wall	written words and graffiti	books, letters and writing
yacht	boats and ships	vehicles and roads
yearbook photos	photographs	pictures, screens and recordings
yearbooks	papers, maps and records	books, letters and writing
yellow cloak	coats, cloaks and hats	clothes, jewellery and keepsakes
yellow powder tincture	potions and drugs	food, drink and drugs
yellow raincoat	coats, cloaks and hats	clothes, jewellery and keepsakes
zippered wound	wounds and cuts	wounded and changing bodies
zodiac animals	occult symbols and patterns	holy and occult objects
zombie baby	the walking dead	corpses and body parts
zombie blood	drinking and stored blood	blood
zombie child	the walking dead	corpses and body parts
zombie corral	cages and pens	ropes, cages and executions
zombie infant	the walking dead	corpses and body parts
zombie powder	potions and drugs	food, drink and drugs
