value	kind	fear
destroyed by fire	fire destroys it	it has a fatal weakness
must be invited	it must be invited in	it must be let in
destroyed by sunlight	sunlight destroys it	it has a fatal weakness
killed by sunlight	sunlight destroys it	it has a fatal weakness
no way out	there is no escape	trapped with no way out
cannot be stopped	it never stops coming	nothing can stop it
cannot leave	you cannot leave	trapped with no way out
must not look	looking at it means death	break the rule and pay
bite infects	a bite passes it on	it passes to others
burned by sunlight	sunlight destroys it	it has a fatal weakness
no reflection	a mark betrays what it is	only some can see it
survive by passing it on	pass it on to survive	it passes to others
cannot be killed	it cannot be killed	nothing can stop it
cannot leave the house	you cannot leave	trapped with no way out
no escape	there is no escape	trapped with no way out
stake through the heart	pierce or destroy the heart	it has a fatal weakness
warning ignored	warnings are ignored	no one believes you
afraid of fire	light and fire hold it off	faith and charms protect
bite turns you	a bite passes it on	it passes to others
bites infect	a bite passes it on	it passes to others
bitten turn into vampires	a bite passes it on	it passes to others
blind, hunt by sound	it hunts by sound	how it hunts
cannot be destroyed	it cannot be killed	nothing can stop it
conventional weapons fail	weapons do not hurt it	nothing can stop it
dead don't know they're dead	the dead do not know	the dead do not rest
death after seven days	death after a fixed time	death on a deadline
follows the person, not the house	it follows the person	tied to place or thing
forbidden room	a place you must not enter	break the rule and pay
full moon transformation	the moon brings the change	the body changes
hunts by sound	it hunts by sound	how it hunts
killed by stake through heart	pierce or destroy the heart	it has a fatal weakness
mark of three sixes	victims are marked or cursed	it chooses who dies
must be invited in	it must be invited in	it must be let in
must not eat	strict taboos and house rules	break the rule and pay
never ages	it never ages or dies	it has unnatural powers
possesses the living	it takes over the body	it gets inside you
possesses the vulnerable	it takes over the body	it gets inside you
punishes disobedience	disobedience is punished	break the rule and pay
repelled by cross	the cross repels it	faith and charms protect
repelled by crucifix	the cross repels it	faith and charms protect
stopped by exorcism	exorcism drives it out	it can be undone
transforms under full moon	the moon brings the change	the body changes
warning phone call	omens announce a death	death sends warnings
warnings ignored	warnings are ignored	no one believes you
weak to fire	fire destroys it	it has a fatal weakness
weak to sunlight	sunlight destroys it	it has a fatal weakness
a bite does not kill	unclear	unclear
a card chooses the game	games with deadly stakes	everything has a price
a cat's death is an omen	omens announce a death	death sends warnings
a dead man's secret marks you	victims are marked or cursed	it chooses who dies
a pact's curse only changes form	pacts and deals bind you	everything has a price
a prisoner buys safe passage	pacts and deals bind you	everything has a price
a promised sign	the dead send messages	the dead do not rest
a victim by tomorrow	death after a fixed time	death on a deadline
accidents at one place	bound to one place	tied to place or thing
accused names others	suspicion falls on outsiders	people turn on each other
acid blood	its body is unnaturally strong	it has unnatural powers
acid for blood	its body is unnaturally strong	it has unnatural powers
acid leaves only bones	its body is unnaturally strong	it has unnatural powers
active at night	it comes in darkness or fog	how it hunts
acts governed by head and heart	its power lives in an object	tied to place or thing
addictive	the hunger cannot be resisted	it must feed
addictive hunger	the hunger cannot be resisted	it must feed
adults cannot bring themselves to kill	no one dares harm it	nothing can stop it
adults cannot see it	only certain people see it	only some can see it
adults punished when bad	disobedience is punished	break the rule and pay
adults taken at eighteen	victims picked by a rule	it chooses who dies
aim at the neck	destroy the head or brain	it has a fatal weakness
alters live in the body	split selves share one body	it gets inside you
always being watched	it watches and stalks first	how it hunts
always check your candy	strict taboos and house rules	break the rule and pay
amulet protects	charms and rites protect	faith and charms protect
amulet wards off spirits	charms and rites protect	faith and charms protect
an ill planet brings harm	omens announce a death	death sends warnings
animal nature reverts	the body slowly changes	the body changes
animal sacrifice required	it demands a sacrifice	everything has a price
animals sense ghosts	signs reveal its presence	only some can see it
animals sense it	signs reveal its presence	only some can see it
animals sense the monster	signs reveal its presence	only some can see it
animated by a written word	its power lives in an object	tied to place or thing
answering the email curses you	spread by seeing, hearing or reading	it passes to others
answers questions with questions	spells, drugs and mind control	it gets inside you
anyone could be the killer	anyone could be the killer	it wears a familiar face
anyone who enters dies	a place you must not enter	break the rule and pay
anyone who gets close dies	telling the secret kills	break the rule and pay
anyone who sees is killed	looking at it means death	break the rule and pay
anyone who sees it dies	looking at it means death	break the rule and pay
appease spirits with offerings	offerings and rites calm it	everything has a price
appeased by annual ritual	offerings and rites calm it	everything has a price
appeased by honour	offerings and rites calm it	everything has a price
appeased by remains	proper burial or rites bring peace	it can be undone
appeased by returning the gold	righting the wrong ends it	it can be undone
appeased by sacrifice	it demands a sacrifice	everything has a price
appeased by symbolic revenge	righting the wrong ends it	it can be undone
appeased with girl sacrifices	it demands a sacrifice	everything has a price
artificial light keeps spirits out	light and fire hold it off	faith and charms protect
ask forgiveness at every step	strict taboos and house rules	break the rule and pay
asks a question	unclear	unclear
asks permission first	it must be invited in	it must be let in
attacks come in waves	it attacks in numbers	how it hunts
attacks follow therapy sessions	certain acts set it off	how it hunts
attracted by noise	it hunts by sound	how it hunts
attraction triggers killing	certain acts set it off	how it hunts
aunt fears sunlight	sunlight destroys it	it has a fatal weakness
authentic set needed	a ritual summons it	calling it brings it
authorities are complicit	authorities deny it or fail	no one believes you
authorities deny it	authorities deny it or fail	no one believes you
authorities dismiss it	authorities deny it or fail	no one believes you
automatic writing	the dead send messages	the dead do not rest
avoid rooms with one exit	strict taboos and house rules	break the rule and pay
avoid the strange-acting	anyone could be the killer	it wears a familiar face
avoids her father's room	strict taboos and house rules	break the rule and pay
backward feet	a mark betrays what it is	only some can see it
banished by ritual	banishing and binding rituals	it can be undone
banished if set free	exorcism drives it out	it can be undone
baptism needs a sabbat and coven	a ritual summons it	calling it brings it
based on real events	unclear	unclear
be one of the good ones	obedience keeps you safe	break the rule and pay
be quiet and smile	obedience keeps you safe	break the rule and pay
becomes like its host	it needs a host body	it gets inside you
belief offers no protection	remedies and rituals fail	nothing can stop it
believe and you will see	only certain people see it	only some can see it
bell rings before a death	omens announce a death	death sends warnings
benign at first, then violent	it grows bolder over time	how it hunts
betrayal punished	disobedience is punished	break the rule and pay
betrayers must die	disobedience is punished	break the rule and pay
beware of gifts	strict taboos and house rules	break the rule and pay
bikers summoned with a price	pacts and deals bind you	everything has a price
binding spell	banishing and binding rituals	it can be undone
birds recognise the killer	a mark betrays what it is	only some can see it
birth kills the host	it needs a host body	it gets inside you
bite passes on powers	a bite passes it on	it passes to others
bite spreads infection	a bite passes it on	it passes to others
bite spreads it	a bite passes it on	it passes to others
bite spreads vampirism	a bite passes it on	it passes to others
bite turns the victim	a bite passes it on	it passes to others
black cat cannot die	it cannot be killed	nothing can stop it
black liquid marks it	a mark betrays what it is	only some can see it
blackmail	silence enforced by threats	people turn on each other
blade to the heart	pierce or destroy the heart	it has a fatal weakness
blank body takes a mind	it needs a host body	it gets inside you
bleeding eyes	stages and signs of infection	it passes to others
blessed bells hurt demons	holy water and blessed things	faith and charms protect
blessed water as weapon	holy water and blessed things	faith and charms protect
blind in the dark	other weaknesses and limits	it has a fatal weakness
blinded by losing antennae	other weaknesses and limits	it has a fatal weakness
blocked by mental wall	minds linked to each other	it gets inside you
blocks religious help	remedies and rituals fail	nothing can stop it
blood decides worth	victims picked by a rule	it chooses who dies
blood defends itself	its body is unnaturally strong	it has unnatural powers
blood for blood	it punishes the guilty	it chooses who dies
blood keeps you young	feeding restores youth and strength	it must feed
blood moon deadline	death after a fixed time	death on a deadline
blood on hands marks you	victims are marked or cursed	it chooses who dies
blood rite protects	charms and rites protect	faith and charms protect
bodies merge to feed	it needs flesh or victims	it must feed
bodies must be burned	destroy or burn the remains	it has a fatal weakness
bodies transform	it transforms its victims	the body changes
body becomes metal	the body slowly changes	the body changes
body expels spirits in time	death after a fixed time	death on a deadline
body part carries owner's evil	its power lives in an object	tied to place or thing
body parts stay hostile	its body is unnaturally strong	it has unnatural powers
body programmed like a machine	spells, drugs and mind control	it gets inside you
bond sworn in childhood	pacts and deals bind you	everything has a price
bone whistle signals	it attacks in numbers	how it hunts
book cannot be destroyed	it cannot be killed	nothing can stop it
born without a navel	a mark betrays what it is	only some can see it
bound by a boundary line	bound to one place	tied to place or thing
bound by a contract	pacts and deals bind you	everything has a price
bound by burial site	bound to one place	tied to place or thing
bound by games	games with deadly stakes	everything has a price
bound for 125 years	held in by seals and walls	tied to place or thing
bound to a host	it needs a host body	it gets inside you
bound to the forest	bound to one place	tied to place or thing
boundaries tested gradually	it grows bolder over time	how it hunts
box must never be opened	never open it or free it	break the rule and pay
box opens and closes the door	hidden doors and portals	reality comes apart
boys predict a death a night	visions show death coming	death sends warnings
break the bloodline	destroy its source to end it	it has a fatal weakness
breaking it means death	disobedience is punished	break the rule and pay
breaking it takes the owner	disobedience is punished	break the rule and pay
breaking the object frees victim	destroy its source to end it	it has a fatal weakness
breaking the pact brings punishment	pacts and deals bind you	everything has a price
breaking the pact damns	pacts and deals bind you	everything has a price
breaking the rules is punished	disobedience is punished	break the rule and pay
broken totem turns spell back	destroy its source to end it	it has a fatal weakness
brought to life by lightning	the dead rise again	the dead do not rest
bullets do not kill	weapons do not hurt it	nothing can stop it
bullets do not stop them	weapons do not hurt it	nothing can stop it
burial does not end it	it always comes back	nothing can stop it
burial does not stop it	it always comes back	nothing can stop it
burn the hair to end curse	destroy its source to end it	it has a fatal weakness
burn the remains	destroy or burn the remains	it has a fatal weakness
burning spreads it	remedies and rituals fail	nothing can stop it
burning the notebook frees	destroy its source to end it	it has a fatal weakness
bury body to stop return	destroy or burn the remains	it has a fatal weakness
buttons sewn on eyes	pacts and deals bind you	everything has a price
call comes from your own number	it watches and stalks first	how it hunts
call her name five times	saying its name calls it	calling it brings it
called with a pentagram	a ritual summons it	calling it brings it
calls come from inside	it watches and stalks first	how it hunts
calls three times	it lures victims to it	how it hunts
calmed by a lullaby	offerings and rites calm it	everything has a price
calmed by ritual washing	offerings and rites calm it	everything has a price
camera flash breaks control	spells, drugs and mind control	it gets inside you
camera shows the truth	seen only in special ways	only some can see it
can be conditioned	kept fed, dosed or chained	it must feed
can be contained and fed	kept fed, dosed or chained	it must feed
can be drawn into another host	it needs a host body	it gets inside you
can be fought and killed	ordinary force can kill it	it has a fatal weakness
can be killed by gunfire	ordinary force can kill it	it has a fatal weakness
can be poisoned	ordinary force can kill it	it has a fatal weakness
can be pulled into reality	stories and screens become real	reality comes apart
can be revived	the dead rise again	the dead do not rest
can be sedated	kept fed, dosed or chained	it must feed
can restore life	the dead rise again	the dead do not rest
can speak with the dead	the dead send messages	the dead do not rest
candle opens the door	a ritual summons it	calling it brings it
cannot be appeased	it never stops coming	nothing can stop it
cannot be avoided	it never stops coming	nothing can stop it
cannot be contained	it never stops coming	nothing can stop it
cannot be disposed of	it always comes back	nothing can stop it
cannot be escaped	it never stops coming	nothing can stop it
cannot be escaped by leaving	it never stops coming	nothing can stop it
cannot be outrun	it never stops coming	nothing can stop it
cannot be returned	it always comes back	nothing can stop it
cannot be reversed	the body slowly changes	the body changes
cannot be shot	weapons do not hurt it	nothing can stop it
cannot be stopped by force	weapons do not hurt it	nothing can stop it
cannot be stopped by ordinary means	weapons do not hurt it	nothing can stop it
cannot be truly defeated	it cannot be killed	nothing can stop it
cannot become bat or wolf	other weaknesses and limits	it has a fatal weakness
cannot change the pattern	fate is foretold and fixed	death sends warnings
cannot die while possessed	it cannot be killed	nothing can stop it
cannot eat human food	other weaknesses and limits	it has a fatal weakness
cannot enter a church	it cannot enter holy ground	faith and charms protect
cannot enter holy ground	it cannot enter holy ground	faith and charms protect
cannot escape	there is no escape	trapped with no way out
cannot escape the town	you cannot leave	trapped with no way out
cannot feed on animals	it needs blood	it must feed
cannot leave its pull	you cannot leave	trapped with no way out
cannot leave the woods	you cannot leave	trapped with no way out
cannot open doors	other weaknesses and limits	it has a fatal weakness
cannot see own reflection	a mark betrays what it is	only some can see it
change a word's meaning	spread by seeing, hearing or reading	it passes to others
change after a weekend away	doubles replace the real people	it wears a familiar face
changeling cannot feel	a mark betrays what it is	only some can see it
changeling destroyed by sunrise	sunlight destroys it	it has a fatal weakness
changes sex	it changes shape at will	it has unnatural powers
chanting accepts the curse	spread by seeing, hearing or reading	it passes to others
characters must act as written	stories and screens become real	reality comes apart
charm bag stops a bite	charms and rites protect	faith and charms protect
charm prevents it	charms and rites protect	faith and charms protect
charms protect	charms and rites protect	faith and charms protect
charms ward off evil	charms and rites protect	faith and charms protect
child forced to obey	obedience keeps you safe	break the rule and pay
child sees the dead	only certain people see it	only some can see it
child speaks for the spirit	the dead send messages	the dead do not rest
child taken at seven	victims picked by a rule	it chooses who dies
child's song heralds killer	omens announce a death	death sends warnings
child's tongue removed	silence enforced by threats	people turn on each other
children hear each other's thoughts	minds linked to each other	it gets inside you
children must avoid light	other weaknesses and limits	it has a fatal weakness
children shield it	no one dares harm it	nothing can stop it
children who watch are possessed	spread by seeing, hearing or reading	it passes to others
choice of two doors	games with deadly stakes	everything has a price
chooses by fear	drawn by fear, light or noise	how it hunts
chosen for past sins	it punishes the guilty	it chooses who dies
circle keeps the devil out	circles and marked barriers	faith and charms protect
closing the circle fails	remedies and rituals fail	nothing can stop it
coin in heart brings peace	proper burial or rites bring peace	it can be undone
coins as protective talismans	charms and rites protect	faith and charms protect
cold and smell signal it	signs reveal its presence	only some can see it
cold marks a presence	signs reveal its presence	only some can see it
cold when ghosts are angry	signs reveal its presence	only some can see it
color red forbidden	strict taboos and house rules	break the rule and pay
comes out at nightfall	it comes in darkness or fog	how it hunts
comes when alone	it preys on the vulnerable	it chooses who dies
comes when host is weakest	it preys on the vulnerable	it chooses who dies
comes with the fog	it comes in darkness or fog	how it hunts
communicates through objects	the dead send messages	the dead do not rest
compels victims to self-harm	it drives victims to self-harm	it gets inside you
complete only after feeding	feeding restores youth and strength	it must feed
contained by a fence	held in by seals and walls	tied to place or thing
contained by a seal	held in by seals and walls	tied to place or thing
contained by enchanted ink	held in by seals and walls	tied to place or thing
contained by willpower	held in by seals and walls	tied to place or thing
contract cannot be broken	pacts and deals bind you	everything has a price
control breaks if master falls	destroy its source to end it	it has a fatal weakness
control breaks when maker is mortal	destroy its source to end it	it has a fatal weakness
control lasts while soul is gone	spells, drugs and mind control	it gets inside you
control through hair or belongings	spells, drugs and mind control	it gets inside you
controls electricity	powers of mind over matter	it has unnatural powers
copies lack emotion	a mark betrays what it is	only some can see it
corpse fed crows' blood	the dead rise again	the dead do not rest
countered by mantras	prayer, faith and scripture protect	faith and charms protect
coven dies without its leader	destroy its source to end it	it has a fatal weakness
coven leader chosen by vote	unclear	unclear
creature must be protected	no one dares harm it	nothing can stop it
creatures blind but hear well	it hunts by sound	how it hunts
crucifix needs faith	the cross repels it	faith and charms protect
crying out proves guilt	ordeals to prove guilt	people turn on each other
cult mark on skin	victims are marked or cursed	it chooses who dies
cure with monkshood	it can be cured	it can be undone
cured by glutinous rice	it can be cured	it can be undone
cured by prayer	it can be cured	it can be undone
cured by transfusion	it can be cured	it can be undone
curfew	stay inside after dark	break the rule and pay
curfew at the night bell	stay inside after dark	break the rule and pay
curse lifts when vampire dies	destroy its source to end it	it has a fatal weakness
curse on bloodline	passed down the family line	it passes to others
curse passes down bloodline	passed down the family line	it passes to others
curse passes through marriage	passed down the family line	it passes to others
curse rots the guilty	it punishes the guilty	it chooses who dies
curse spreads to new places	it spreads like a sickness	it passes to others
cursed object resists destruction	it cannot be killed	nothing can stop it
cut off by snow	cut off from help	trapped with no way out
cut off from help	cut off from help	trapped with no way out
cut the cord to be safe	strict taboos and house rules	break the rule and pay
cycle repeats	time bends and repeats	reality comes apart
cycle restarts from a heart	it always comes back	nothing can stop it
daily recalibration needed	it needs a host body	it gets inside you
daily stabilizer dose	kept fed, dosed or chained	it must feed
damage undone overnight	it always comes back	nothing can stop it
damaged link traps the possessor	it needs a host body	it gets inside you
dance as witchcraft	a ritual summons it	calling it brings it
dangerous other way	unclear	unclear
darkness transforms the town	the place itself is alive	reality comes apart
dead and living cohabit	the dead linger among us	the dead do not rest
dead appear as the living	the dead linger among us	the dead do not rest
dead blood poisons	other weaknesses and limits	it has a fatal weakness
dead by dawn	death after a fixed time	death on a deadline
dead return	the dead rise again	the dead do not rest
dead return to familiar places	the dead linger among us	the dead do not rest
dead rise within seven nights	the dead rise again	the dead do not rest
dead soul clings to the living	the dead linger among us	the dead do not rest
dead stuck halfway to heaven	the dead linger among us	the dead do not rest
dead victims call to help	the dead send messages	the dead do not rest
dead wake after forty steps	the dead rise again	the dead do not rest
deadline on a holy day	death after a fixed time	death on a deadline
deafness protects	it hunts by sound	how it hunts
deal requires a confession	pacts and deals bind you	everything has a price
death after five prayers	death after a fixed time	death on a deadline
death after three days	death after a fixed time	death on a deadline
death at a set time	it strikes at a set hour	death on a deadline
death at seventy-two	victims picked by a rule	it chooses who dies
death by drowning	its signature way of killing	how it hunts
death by full moon	death after a fixed time	death on a deadline
death comes with three beggars	omens announce a death	death sends warnings
death foreseen	visions show death coming	death sends warnings
death has no master	unclear	unclear
death is a rebirth	unclear	unclear
death is eternal loneliness	the dead linger among us	the dead do not rest
death is random	victims are chosen at random	it chooses who dies
death matches zodiac sign	victims picked by a rule	it chooses who dies
death personified watches	it watches and stalks first	how it hunts
death sends omens	omens announce a death	death sends warnings
death unites the lovers	love protects and saves	survivors can still win
death within a week	death after a fixed time	death on a deadline
death-hex ritual	victims are marked or cursed	it chooses who dies
deaths by razor and axe	its signature way of killing	how it hunts
deaths dismissed as accidents	deaths hidden or covered up	people turn on each other
deaths foretold in photos	visions show death coming	death sends warnings
deaths look like accidents	deaths hidden or covered up	people turn on each other
deaths staged as accident	deaths hidden or covered up	people turn on each other
debt must be paid	every power has a cost	everything has a price
decays without blood	it needs blood	it must feed
deceives with a child's voice	it imitates people you love	it wears a familiar face
deceives with likeness	it imitates people you love	it wears a familiar face
decoy hides the killer	it hides behind a false identity	it wears a familiar face
decoys trick death	it hides behind a false identity	it wears a familiar face
defeated by facing fear together	facing fear weakens it	survivors can still win
defeated by refusing fear	facing fear weakens it	survivors can still win
defeated by white magic	banishing and binding rituals	it can be undone
defiance angers death	disobedience is punished	break the rule and pay
delay ages the original	linked bodies share harm	tied to place or thing
demands severed heads	it demands a sacrifice	everything has a price
demon feeds on faith	it feeds on fear or belief	it must feed
demons drawn by period blood	drawn by fear, light or noise	how it hunts
demons must count	other weaknesses and limits	it has a fatal weakness
demons think like people	unclear	unclear
desire cannot be resisted	the hunger cannot be resisted	it must feed
desire needs the forbidden	the hunger cannot be resisted	it must feed
destroy the book	destroy its source to end it	it has a fatal weakness
destroy the brain	destroy the head or brain	it has a fatal weakness
destroy the doll	destroy its source to end it	it has a fatal weakness
destroy the head	destroy the head or brain	it has a fatal weakness
destroy the heart	pierce or destroy the heart	it has a fatal weakness
destroy the host completely	destroy or burn the remains	it has a fatal weakness
destroy the original corpse	destroy or burn the remains	it has a fatal weakness
destroyed by a head shot	destroy the head or brain	it has a fatal weakness
destroyed by fire and acid	fire destroys it	it has a fatal weakness
destroyed by gas and fire	fire destroys it	it has a fatal weakness
destroyed by head trauma	destroy the head or brain	it has a fatal weakness
destroyed by head wound or fire	destroy the head or brain	it has a fatal weakness
destroyed by holy water	holy water and blessed things	faith and charms protect
destroyed by stake	pierce or destroy the heart	it has a fatal weakness
destroyed by sunrise	sunlight destroys it	it has a fatal weakness
destroyed by the divine	holy water and blessed things	faith and charms protect
destroying it kills the user	linked bodies share harm	tied to place or thing
destroying the object fails	remedies and rituals fail	nothing can stop it
devil must mate with his spawn	a ritual summons it	calling it brings it
devil takes over bodies	it takes over the body	it gets inside you
devil's mark feels nothing	a mark betrays what it is	only some can see it
devil's mark inverts the cross	a mark betrays what it is	only some can see it
die possessed and they keep you	it takes over the body	it gets inside you
die to be reunited	love protects and saves	survivors can still win
dies away from master	destroy its source to end it	it has a fatal weakness
dies in original order	fate is foretold and fixed	death sends warnings
dies when food sac empties	other weaknesses and limits	it has a fatal weakness
dies with its mother	destroy its source to end it	it has a fatal weakness
dies without a victim	it needs flesh or victims	it must feed
disguised as a child	it hides behind a false identity	it wears a familiar face
dismember the host	destroy or burn the remains	it has a fatal weakness
dismemberment stops the dead	destroy or burn the remains	it has a fatal weakness
distance buys time	it never stops coming	nothing can stop it
distorts time	time bends and repeats	reality comes apart
distracted by dough doll	offerings and rites calm it	everything has a price
distrust the senses in the forest	it may not be real	reality comes apart
divine list of names	fate is foretold and fixed	death sends warnings
djinns live in mirrors	hidden doors and portals	reality comes apart
do not disrespect spirits	strict taboos and house rules	break the rule and pay
do not go outside	strict taboos and house rules	break the rule and pay
do not go to the village	a place you must not enter	break the rule and pay
do not look at their eyes	looking at it means death	break the rule and pay
do not see its face	looking at it means death	break the rule and pay
dogs and nightjars signal it	signs reveal its presence	only some can see it
doll becomes more human	it grows bolder over time	how it hunts
doll controls mind	spells, drugs and mind control	it gets inside you
doom at midnight	it strikes at a set hour	death on a deadline
door must stay locked	never open it or free it	break the rule and pay
door sealed with charms	circles and marked barriers	faith and charms protect
door that must not open	never open it or free it	break the rule and pay
double suffers what original enjoys	linked bodies share harm	tied to place or thing
doubles replace originals	doubles replace the real people	it wears a familiar face
drawings and music forbidden	strict taboos and house rules	break the rule and pay
drawings become dream reality	stories and screens become real	reality comes apart
drawn by fear	drawn by fear, light or noise	how it hunts
drawn to light	drawn by fear, light or noise	how it hunts
dread grows as deadline nears	death after a fixed time	death on a deadline
dream foretells next victim	visions show death coming	death sends warnings
dream mirrors the body	linked bodies share harm	tied to place or thing
dreams as warnings	visions show death coming	death sends warnings
driven by the primitive brain	the hunger cannot be resisted	it must feed
driven out by sacred ash	exorcism drives it out	it can be undone
drives victim to suicide	it drives victims to self-harm	it gets inside you
drives victims to suicide	it drives victims to self-harm	it gets inside you
drowning visions	visions show death coming	death sends warnings
drug suppresses power	kept fed, dosed or chained	it must feed
drugged food	spells, drugs and mind control	it gets inside you
dummy cannot stay silent	split selves share one body	it gets inside you
each brings one item	strict taboos and house rules	break the rule and pay
each injury restores the house	the place itself is alive	reality comes apart
earthquake marks possession	signs reveal its presence	only some can see it
eat only while it stops	strict taboos and house rules	break the rule and pay
eaters find each other by smell	a mark betrays what it is	only some can see it
eaters smell coming death	visions show death coming	death sends warnings
eating brains eases pain	it needs flesh or victims	it must feed
eating flesh gives strength	feeding restores youth and strength	it must feed
eating garlic proves human	a mark betrays what it is	only some can see it
eating restores youth	feeding restores youth and strength	it must feed
eating the mushrooms protects	charms and rites protect	faith and charms protect
eating whole changes you	a substance or charm changes it	the body changes
eats what it needs	it needs flesh or victims	it must feed
eclipses invite spirits	it returns on a cycle	death on a deadline
effigy controls the body	spells, drugs and mind control	it gets inside you
elder must be watched	strict taboos and house rules	break the rule and pay
eldest son must lead	strict taboos and house rules	break the rule and pay
elves stop when master dies	destroy its source to end it	it has a fatal weakness
emotion betrays the human	a mark betrays what it is	only some can see it
emotional men repel her	other weaknesses and limits	it has a fatal weakness
ended by cremation	destroy or burn the remains	it has a fatal weakness
ended by fire	fire destroys it	it has a fatal weakness
endless rebirth	it always comes back	nothing can stop it
endless repetition	time bends and repeats	reality comes apart
ends when summoner dies	destroy its source to end it	it has a fatal weakness
ends when the truth is known	the truth brings it peace	it can be undone
enter backwards to avoid bewitching	strict taboos and house rules	break the rule and pay
entering uninvited harms her	it must be invited in	it must be let in
enters through the mouth	it takes over the body	it gets inside you
escape by being buried alive	getting away saves you	survivors can still win
escape by killing before witness	pass it on to survive	it passes to others
escape by leaving	getting away saves you	survivors can still win
escape fails	there is no escape	trapped with no way out
eternal repeated torment	time bends and repeats	reality comes apart
events follow the text	stories and screens become real	reality comes apart
every animal has rules	looking at it means death	break the rule and pay
every part is alive	its body is unnaturally strong	it has unnatural powers
every road leads back	there is no escape	trapped with no way out
everybody's a suspect	anyone could be the killer	it wears a familiar face
everything is refracted	the place itself is alive	reality comes apart
evidence vanishes	deaths hidden or covered up	people turn on each other
evil cannot cross running water	running water stops it	faith and charms protect
evil turns people into demons	it transforms its victims	the body changes
evil wins the devil's trust	unclear	unclear
exit on command	it needs a host body	it gets inside you
exit room lies outside	there is no escape	trapped with no way out
exorcism removes demon	exorcism drives it out	it can be undone
exorcist becomes its enemy	unclear	unclear
expelled by exorcism	exorcism drives it out	it can be undone
exploits guilt	it preys on the vulnerable	it chooses who dies
exposure changes the body	a substance or charm changes it	the body changes
exposure turns the living	a substance or charm changes it	the body changes
eyebrows meet	a mark betrays what it is	only some can see it
face mirrors the brain	unclear	unclear
faith expels it	exorcism drives it out	it can be undone
faithless home open to devil	prayer, faith and scripture protect	faith and charms protect
false explanation offered	deaths hidden or covered up	people turn on each other
fame bought with a soul	pacts and deals bind you	everything has a price
family can placate spirit	offerings and rites calm it	everything has a price
family dies if ritual fails	it demands a sacrifice	everything has a price
family return solves it	unclear	unclear
fate decided by a game	games with deadly stakes	everything has a price
father kills family	it kills through others	it gets inside you
fear fades with understanding	facing fear weakens it	survivors can still win
fear gives the witch power	it feeds on fear or belief	it must feed
fear must be overcome	facing fear weakens it	survivors can still win
fear of lightning	other weaknesses and limits	it has a fatal weakness
fear of premature burial	unclear	unclear
fear spoils the meat	unclear	unclear
fed by blood	it needs blood	it must feed
fed by blood sacrifice	it needs blood	it must feed
feed on virgins	it needs blood	it must feed
feedback drives off dogs	other weaknesses and limits	it has a fatal weakness
feeding can kill the giver	it needs blood	it must feed
feeds on a cycle	it returns on a cycle	death on a deadline
feeds on host's pregnancies	it needs a host body	it gets inside you
feeds on negative energy	it feeds on fear or belief	it must feed
feels inflicted pain	linked bodies share harm	tied to place or thing
feral strength	its body is unnaturally strong	it has unnatural powers
fiction contains evil	stories and screens become real	reality comes apart
fiction mirrors reality	stories and screens become real	reality comes apart
film lore proves false	remedies and rituals fail	nothing can stop it
final girl survives	fight back to survive	survivors can still win
fire beaten by water and wood	a special weapon or rite	it has a fatal weakness
fire repels it	light and fire hold it off	faith and charms protect
fire ritual restores the real person	banishing and binding rituals	it can be undone
firecrackers drive out evil	charms and rites protect	faith and charms protect
fits any body	it needs a host body	it gets inside you
five archetypes sacrificed	it demands a sacrifice	everything has a price
five sacrifices for immortality	it demands a sacrifice	everything has a price
fixed number must die	victims picked by a rule	it chooses who dies
fleeing the house triggers it	certain acts set it off	how it hunts
flesh heals wounds	feeding restores youth and strength	it must feed
floating proves guilt	ordeals to prove guilt	people turn on each other
fly hybrid is no murder	unclear	unclear
folk remedies fail	remedies and rituals fail	nothing can stop it
follows its object	it follows the person	tied to place or thing
follows the children	it follows the person	tied to place or thing
follows the victim	it follows the person	tied to place or thing
food visible until digested	it cannot be seen	only some can see it
forbidden barn	a place you must not enter	break the rule and pay
forbidden floor	a place you must not enter	break the rule and pay
forbidden to look	looking at it means death	break the rule and pay
foresees events	visions show death coming	death sends warnings
forest is forbidden	a place you must not enter	break the rule and pay
foretold in an ancient book	fate is foretold and fixed	death sends warnings
forgetting that you are dying	the dead do not know	the dead do not rest
freed by discarding the double	split selves share one body	it gets inside you
freed by fire	fire destroys it	it has a fatal weakness
freed by proper reburial	proper burial or rites bring peace	it can be undone
freed by returning the head	righting the wrong ends it	it can be undone
freed by truth revealed	the truth brings it peace	it can be undone
full moon not required	the moon brings the change	the body changes
funeral does not end it	it always comes back	nothing can stop it
fuses living things	it grows and multiplies fast	it has unnatural powers
future can be changed	visions show death coming	death sends warnings
game grants a wish	wishes and spells backfire	everything has a price
ghost fills empty seats	the dead linger among us	the dead do not rest
ghost guards the master	the dead linger among us	the dead do not rest
ghost needs a host body	it needs a host body	it gets inside you
ghost repeats itself	time bends and repeats	reality comes apart
ghost rests when truth found	the truth brings it peace	it can be undone
ghost stories attract spirits	a ritual summons it	calling it brings it
ghosts appear to the lonely	it preys on the vulnerable	it chooses who dies
ghosts are cold	signs reveal its presence	only some can see it
ghosts are everywhere	the dead linger among us	the dead do not rest
ghosts bound in a cabinet	held in by seals and walls	tied to place or thing
ghosts bound to house	bound to one place	tied to place or thing
ghosts need a medium	the dead send messages	the dead do not rest
ghosts trap rather than kill	the dead linger among us	the dead do not rest
give men their fantasy	it lures victims to it	how it hunts
glasses cause pain	seen only in special ways	only some can see it
god walks at night	it comes in darkness or fog	how it hunts
god's name forbidden in lair	strict taboos and house rules	break the rule and pay
good boys are spared	some are always spared	it chooses who dies
good deeds show in portrait	a mark betrays what it is	only some can see it
governed by the stars	fate is foretold and fixed	death sends warnings
gradual transformation	the body slowly changes	the body changes
grafts always fail	remedies and rituals fail	nothing can stop it
grave is a portal	hidden doors and portals	reality comes apart
grief invites the demon	it preys on the vulnerable	it chooses who dies
group bound by shared guilt	silence enforced by threats	people turn on each other
group scanning amplifies power	minds linked to each other	it gets inside you
grows inside a host	it needs a host body	it gets inside you
grows with each victim	it grows and multiplies fast	it has unnatural powers
growth spreads to body	the body slowly changes	the body changes
guardian must be replaced	unclear	unclear
guest must enter freely	it must be invited in	it must be let in
guilt leads to hell	it punishes the guilty	it chooses who dies
guns spread it	it spreads like a sickness	it passes to others
hair dolls control victims	spells, drugs and mind control	it gets inside you
hard to kill	it cannot be killed	nothing can stop it
harmed by sunlight	sunlight destroys it	it has a fatal weakness
harming the double harms oneself	linked bodies share harm	tied to place or thing
harming the image harms him	linked bodies share harm	tied to place or thing
haunting has a human cause	it may not be real	reality comes apart
haunting is a hoax	it may not be real	reality comes apart
haunts the thief's house	it follows the person	tied to place or thing
head detaches at night	it changes shape at will	it has unnatural powers
head shot, then burn	destroy the head or brain	it has a fatal weakness
healing makes disciples	spells, drugs and mind control	it gets inside you
heals by eating	feeding restores youth and strength	it must feed
heals by transferring wounds	linked bodies share harm	tied to place or thing
heard only on tape	seen only in special ways	only some can see it
heart must be destroyed	pierce or destroy the heart	it has a fatal weakness
hearts cut out	its signature way of killing	how it hunts
heat and thirst kill	other weaknesses and limits	it has a fatal weakness
held back by holy items	holy water and blessed things	faith and charms protect
held back by pills	kept fed, dosed or chained	it must feed
hell carried within	it punishes the guilty	it chooses who dies
help ghosts to be free	righting the wrong ends it	it can be undone
helpers become marked	victims are marked or cursed	it chooses who dies
hidden door	hidden doors and portals	reality comes apart
hidden wound betrays	a mark betrays what it is	only some can see it
hide emotions to pass	blend in to survive	break the rule and pay
hides by day	it comes in darkness or fog	how it hunts
hides under the bed	it comes in darkness or fog	how it hunts
his bite curses	a bite passes it on	it passes to others
his name brings sleep	spells, drugs and mind control	it gets inside you
hit back harder than you dare	fight back to survive	survivors can still win
hive mind	many share one mind	it has unnatural powers
hold your breath to hide	stay silent and still	break the rule and pay
holy symbols repel spirit	the cross repels it	faith and charms protect
holy verses defeat black magic	prayer, faith and scripture protect	faith and charms protect
holy water drives spirits out	holy water and blessed things	faith and charms protect
holy water glows near vampires	a mark betrays what it is	only some can see it
horror film rules	strict taboos and house rules	break the rule and pay
host sees through visions	minds linked to each other	it gets inside you
hour of births and deaths	it strikes at a set hour	death on a deadline
hour of death repeats	time bends and repeats	reality comes apart
house attacks the outsider	the place itself is alive	reality comes apart
house is alive	the place itself is alive	reality comes apart
house marked for the dead	victims are marked or cursed	it chooses who dies
house shapes to her feelings	the place itself is alive	reality comes apart
house traps people	you cannot leave	trapped with no way out
household objects attack	powers of mind over matter	it has unnatural powers
human law cannot catch him	authorities deny it or fail	no one believes you
humanity can return	it can be cured	it can be undone
humans are its preferred host	it needs a host body	it gets inside you
humans used as incubators	it needs a host body	it gets inside you
hungries don't eat their own	some are always spared	it chooses who dies
hungry only at night	it comes in darkness or fog	how it hunts
hunt as a pack	it attacks in numbers	how it hunts
hunts at night	it comes in darkness or fog	how it hunts
hunts by sound in darkness	it hunts by sound	how it hunts
hunts by vibration	it hunts by sound	how it hunts
hypnosis erases memory	spells, drugs and mind control	it gets inside you
hypnosis opens the mind	spells, drugs and mind control	it gets inside you
hypnotic control	spells, drugs and mind control	it gets inside you
hypnotic incantation	spells, drugs and mind control	it gets inside you
hypnotic suggestion	spells, drugs and mind control	it gets inside you
hypnotic trigger	spells, drugs and mind control	it gets inside you
illness held off by blood	it needs blood	it must feed
illusions trap victims	it may not be real	reality comes apart
images are gateways	hidden doors and portals	reality comes apart
imitate them to pass	blend in to survive	break the rule and pay
imitates its victims	it imitates people you love	it wears a familiar face
imitates loved ones	it imitates people you love	it wears a familiar face
imitates the dead and living	it imitates people you love	it wears a familiar face
immortal but aging	it never ages or dies	it has unnatural powers
immortality	it never ages or dies	it has unnatural powers
immune to bullets	weapons do not hurt it	nothing can stop it
implant fails after five days	death after a fixed time	death on a deadline
impostor acts unlike the original	a mark betrays what it is	only some can see it
incantation from the furrows	a ritual summons it	calling it brings it
incest child most potent	feeding restores youth and strength	it must feed
indestructible	it cannot be killed	nothing can stop it
induces hallucinations	it may not be real	reality comes apart
infected keep their minds	stages and signs of infection	it passes to others
infected starve	stages and signs of infection	it passes to others
infected weep as they kill	stages and signs of infection	it passes to others
infection in seconds	it spreads like a sickness	it passes to others
information for confession	pacts and deals bind you	everything has a price
informing is everyone's duty	silence enforced by threats	people turn on each other
inherited curse	passed down the family line	it passes to others
insect has no compassion	the body slowly changes	the body changes
instructions kept from user	unclear	unclear
instructions on tape	games with deadly stakes	everything has a price
intervention skips victim	fate is foretold and fixed	death sends warnings
intruder knows too much	it watches and stalks first	how it hunts
invincibility through taboos	strict taboos and house rules	break the rule and pay
invisible	it cannot be seen	only some can see it
invisible only when unclothed	it cannot be seen	only some can see it
invisible to humans	it cannot be seen	only some can see it
invisible to most living	it cannot be seen	only some can see it
invitation removes weaknesses	it must be invited in	it must be let in
invulnerable when fed	feeding restores youth and strength	it must feed
iron protects	garlic, iron, salt and herbs	faith and charms protect
irresistible after first bite	the hunger cannot be resisted	it must feed
isolated by snowstorm	cut off from help	trapped with no way out
isolated town	cut off from help	trapped with no way out
isolation does not work	it never stops coming	nothing can stop it
isolation, no escape	there is no escape	trapped with no way out
it tires of its lovers	the hunger cannot be resisted	it must feed
its name is not spoken	never speak its name	break the rule and pay
jealous of other mothers	certain acts set it off	how it hunts
jumps between hosts	it needs a host body	it gets inside you
karma from eating spirits	it punishes the guilty	it chooses who dies
keep it locked away	never open it or free it	break the rule and pay
keep the lantern lit	light and fire hold it off	faith and charms protect
keeper must be fed	kept fed, dosed or chained	it must feed
keepers claim it is harmless	authorities deny it or fail	no one believes you
keeping food kills	strict taboos and house rules	break the rule and pay
kept alive to stay fresh	kept fed, dosed or chained	it must feed
kept chained and meatless	kept fed, dosed or chained	it must feed
kept down with sedatives	kept fed, dosed or chained	it must feed
kept out by a wall	held in by seals and walls	tied to place or thing
kill or family dies	games with deadly stakes	everything has a price
kill the host, kill all	destroy its source to end it	it has a fatal weakness
kill the infected without hesitation	it spreads like a sickness	it passes to others
kill the killer where he killed	righting the wrong ends it	it can be undone
kill the old flesh	it transforms its victims	the body changes
killed by leaded iron	a special weapon or rite	it has a fatal weakness
killed by nail through eye	destroy the head or brain	it has a fatal weakness
killed by silver	a special weapon or rite	it has a fatal weakness
killed by sunrise	sunlight destroys it	it has a fatal weakness
killed by wood through heart	pierce or destroy the heart	it has a fatal weakness
killed only by a doomsday weapon	a special weapon or rite	it has a fatal weakness
killed only by silver	a special weapon or rite	it has a fatal weakness
killed only on hallowed ground	it cannot enter holy ground	faith and charms protect
killed only when hungry	other weaknesses and limits	it has a fatal weakness
killed through the heart	pierce or destroy the heart	it has a fatal weakness
killed while feeding	other weaknesses and limits	it has a fatal weakness
killer cannot be seen	it cannot be seen	only some can see it
killer covets what he sees	it watches and stalks first	how it hunts
killer obeys a master	it kills through others	it gets inside you
killer returns once more	it always comes back	nothing can stop it
killers control the story	stories and screens become real	reality comes apart
killers hide inside	anyone could be the killer	it wears a familiar face
killers remember but cannot explain	spells, drugs and mind control	it gets inside you
killers shelter with victim's family	it hides behind a false identity	it wears a familiar face
killing against nature	unclear	unclear
killing own kind forbidden	strict taboos and house rules	break the rule and pay
killing the demon ends curse	destroy its source to end it	it has a fatal weakness
killing the double kills you	linked bodies share harm	tied to place or thing
killing the leader ends it	destroy its source to end it	it has a fatal weakness
kills by biting the neck	its signature way of killing	how it hunts
kills by injecting acid	its signature way of killing	how it hunts
kills each generation	passed down the family line	it passes to others
kills electricity	powers of mind over matter	it has unnatural powers
kills only abusive men	it punishes the guilty	it chooses who dies
kills perceived threats	certain acts set it off	how it hunts
kills the willing	the victim must agree	it must be let in
kills those who obstruct	certain acts set it off	how it hunts
kills those who reveal truth	telling the secret kills	break the rule and pay
kills through dreams	dreams can kill	reality comes apart
kills through others	it kills through others	it gets inside you
kills through possessed people	it kills through others	it gets inside you
kills through sleep	dreams can kill	reality comes apart
kills under the same tree	bound to one place	tied to place or thing
kills whoever hears it	spread by seeing, hearing or reading	it passes to others
kiss triggers transformation	desire or anger brings the change	the body changes
kiss turns victim to servant	spread by sex or a kiss	it passes to others
knocks answer questions	the dead send messages	the dead do not rest
knowing it's a dream wakes you	dreams can kill	reality comes apart
knowledge of the book kills	spread by seeing, hearing or reading	it passes to others
labyrinths are portals	hidden doors and portals	reality comes apart
lack of fear lets soul stray	facing fear weakens it	survivors can still win
laid to rest by recovering body	proper burial or rites bring peace	it can be undone
laid to rest by remembrance	the truth brings it peace	it can be undone
laid to rest by reunion	love protects and saves	survivors can still win
late return means undead	the dead rise again	the dead do not rest
laughter heralds the witch	omens announce a death	death sends warnings
law of the strong	unclear	unclear
lead room protects spirit	held in by seals and walls	tied to place or thing
learned from a videotape	a ritual summons it	calling it brings it
leave by host's suicide	it needs a host body	it gets inside you
leaves when truth comes out	the truth brings it peace	it can be undone
leaving does not help	it never stops coming	nothing can stop it
let the evil grow first	it grows bolder over time	how it hunts
letting go ends the torment	facing fear weakens it	survivors can still win
levels change monthly	the place itself is alive	reality comes apart
life sacrificed for another	self-sacrifice ends it	survivors can still win
lift curse by burying remains	proper burial or rites bring peace	it can be undone
light and love defeat it	love protects and saves	survivors can still win
light makes new shadows	remedies and rituals fail	nothing can stop it
link object needed to summon	a ritual summons it	calling it brings it
linked object and life	its power lives in an object	tied to place or thing
linked to water	bound to one place	tied to place or thing
listless by day, alive at night	it comes in darkness or fog	how it hunts
live hidden, never love	strict taboos and house rules	break the rule and pay
live or die choice	games with deadly stakes	everything has a price
lives beneath the house	bound to one place	tied to place or thing
lives in a forbidden room	bound to one place	tied to place or thing
lives on belief	it feeds on fear or belief	it must feed
living and dead cannot stay together	the dead linger among us	the dead do not rest
lobotomy allows control	spells, drugs and mind control	it gets inside you
locked in by an unseen hand	you cannot leave	trapped with no way out
locked in until morning	safe once dawn comes	death on a deadline
locked on a timer	death after a fixed time	death on a deadline
locked room must stay shut	never open it or free it	break the rule and pay
locket keeps him at rest	its power lives in an object	tied to place or thing
loneliness breeds madness	unclear	unclear
looking means death	looking at it means death	break the rule and pay
loop restarts when all die	time bends and repeats	reality comes apart
losing the tail costs the voice	pacts and deals bind you	everything has a price
louder sound covers you	it hunts by sound	how it hunts
love and pain inseparable	unclear	unclear
love keeps a soul safe	love protects and saves	survivors can still win
love lessens hunger	love protects and saves	survivors can still win
love makes the child human	love protects and saves	survivors can still win
love potion	spells, drugs and mind control	it gets inside you
love spells backfire	wishes and spells backfire	everything has a price
loved one must be killed	it demands a sacrifice	everything has a price
lovers can read minds	minds linked to each other	it gets inside you
lovers must not meet	strict taboos and house rules	break the rule and pay
loving a ghost brings death	desire and sex are punished	it chooses who dies
luck paid for with death	pacts and deals bind you	everything has a price
lure victims by seduction	it lures victims to it	how it hunts
lured by food	drawn by fear, light or noise	how it hunts
lured by seduction	it lures victims to it	how it hunts
lures unhappy children	it lures victims to it	how it hunts
lures with a voice	it lures victims to it	how it hunts
lures with loved ones	it lures victims to it	how it hunts
magic earrings transform	a substance or charm changes it	the body changes
magic life turns on its maker	wishes and spells backfire	everything has a price
magic needs belief	it feeds on fear or belief	it must feed
maiden's willing sacrifice	it demands a sacrifice	everything has a price
make peace with death	facing fear weakens it	survivors can still win
man used as divining rod	unclear	unclear
manifests through water	bound to one place	tied to place or thing
mark grows on the body	victims are marked or cursed	it chooses who dies
mark proves royal birth	a mark betrays what it is	only some can see it
marked by a bruise	victims are marked or cursed	it chooses who dies
marked children hold the key	victims picked by a rule	it chooses who dies
marked for death	victims are marked or cursed	it chooses who dies
martyr means witness	unclear	unclear
mask must stay on	strict taboos and house rules	break the rule and pay
mask sticks after rain	it punishes the guilty	it chooses who dies
masked by scent gel	blend in to survive	break the rule and pay
maze traps spirits	held in by seals and walls	tied to place or thing
medicine blocks exorcism	remedies and rituals fail	nothing can stop it
memories disguised as tv	it may not be real	reality comes apart
memory and signals lost	the place itself is alive	reality comes apart
memory fades	spells, drugs and mind control	it gets inside you
message foretells time of death	omens announce a death	death sends warnings
midnight burial saves the soul	proper burial or rites bring peace	it can be undone
mimics its keepers	it imitates people you love	it wears a familiar face
mind control	spells, drugs and mind control	it gets inside you
mind enters other bodies	it takes over the body	it gets inside you
minds connect to machines	minds linked to each other	it gets inside you
mirror reveals true form	a mark betrays what it is	only some can see it
mirrors are its doorways	hidden doors and portals	reality comes apart
mirrors movements	doubles replace the real people	it wears a familiar face
monthly poison	kept fed, dosed or chained	it must feed
mortification of the flesh	unclear	unclear
moves back down the chain	pass it on to survive	it passes to others
multiplies with water	it grows and multiplies fast	it has unnatural powers
murder only as last resort	strict taboos and house rules	break the rule and pay
must be born into it	passed down the family line	it passes to others
must be drug-free	strict taboos and house rules	break the rule and pay
must be fed blood	it needs blood	it must feed
must be kept secret	telling the secret kills	break the rule and pay
must be killed by ritual	a special weapon or rite	it has a fatal weakness
must be willing to die	the victim must agree	it must be let in
must burn the dead	destroy or burn the remains	it has a fatal weakness
must care, not flee	love protects and saves	survivors can still win
must close eyes	looking at it means death	break the rule and pay
must eat the lover by daybreak	death after a fixed time	death on a deadline
must feed on flesh	it needs flesh or victims	it must feed
must fight to survive	fight back to survive	survivors can still win
must get past a gatekeeper	stories and screens become real	reality comes apart
must invite the spirit	it must be invited in	it must be let in
must kill to feed	it needs flesh or victims	it must feed
must kill to turn back	it needs flesh or victims	it must feed
must leave immediately	getting away saves you	survivors can still win
must never play again	strict taboos and house rules	break the rule and pay
must never tell	telling the secret kills	break the rule and pay
must not answer or move	stay silent and still	break the rule and pay
must not ask questions	strict taboos and house rules	break the rule and pay
must not be caught in daylight	sunlight destroys it	it has a fatal weakness
must not be named	never speak its name	break the rule and pay
must not be tempted	strict taboos and house rules	break the rule and pay
must not communicate	strict taboos and house rules	break the rule and pay
must not cross the barrier	a place you must not enter	break the rule and pay
must not cross the gate	a place you must not enter	break the rule and pay
must not eat after midnight	strict taboos and house rules	break the rule and pay
must not enter the basement	a place you must not enter	break the rule and pay
must not enter the forbidden room	a place you must not enter	break the rule and pay
must not enter the woods	a place you must not enter	break the rule and pay
must not go into the light	strict taboos and house rules	break the rule and pay
must not kill	strict taboos and house rules	break the rule and pay
must not kill gulls	strict taboos and house rules	break the rule and pay
must not let it in	it must be invited in	it must be let in
must not let it out	never open it or free it	break the rule and pay
must not look away	keep your eyes on it	break the rule and pay
must not look in her eyes	looking at it means death	break the rule and pay
must not meet his eyes	looking at it means death	break the rule and pay
must not move in the field	stay silent and still	break the rule and pay
must not open the case	never open it or free it	break the rule and pay
must not open the room	never open it or free it	break the rule and pay
must not sleep	stay awake to survive	break the rule and pay
must not tell	telling the secret kills	break the rule and pay
must not touch anything	strict taboos and house rules	break the rule and pay
must not trouble the master	obedience keeps you safe	break the rule and pay
must possess first confidant	it takes over the body	it gets inside you
must repay debt	every power has a cost	everything has a price
must say goodbye	strict taboos and house rules	break the rule and pay
must sell soul to get close	pacts and deals bind you	everything has a price
must sleep by day	it comes in darkness or fog	how it hunts
must stay awake	stay awake to survive	break the rule and pay
must stay in servants' quarters	strict taboos and house rules	break the rule and pay
must stay locked up	kept fed, dosed or chained	it must feed
must stay silent	stay silent and still	break the rule and pay
must stop the queens	destroy its source to end it	it has a fatal weakness
name five times in mirror	saying its name calls it	calling it brings it
name hides identity	it hides behind a false identity	it wears a familiar face
naming the ghost frees the child	the truth brings it peace	it can be undone
near sound means far away	fate is foretold and fixed	death sends warnings
neck twisted	its signature way of killing	how it hunts
needs a fresh heart	it needs flesh or victims	it must feed
needs a virgin's blood	it needs blood	it must feed
needs cursed earth	bound to one place	tied to place or thing
needs five souls	it demands a sacrifice	everything has a price
needs its cursed earth	bound to one place	tied to place or thing
needs native soil	bound to one place	tied to place or thing
needs the victim's hair or blood	spells, drugs and mind control	it gets inside you
neutralised by machine	banishing and binding rituals	it can be undone
never ask who's there	strict taboos and house rules	break the rule and pay
never break the circle	circles and marked barriers	faith and charms protect
never break the seance	strict taboos and house rules	break the rule and pay
never call a full name	never speak its name	break the rule and pay
never eat an eater	strict taboos and house rules	break the rule and pay
never enters the temple	it cannot enter holy ground	faith and charms protect
never go into the basement	a place you must not enter	break the rule and pay
never go out at night	stay inside after dark	break the rule and pay
never hold the dance	strict taboos and house rules	break the rule and pay
never kill at home	strict taboos and house rules	break the rule and pay
never name it	never speak its name	break the rule and pay
never say you'll be back	strict taboos and house rules	break the rule and pay
never speak his name	never speak its name	break the rule and pay
never travel at night	stay inside after dark	break the rule and pay
never use madam's things	strict taboos and house rules	break the rule and pay
new organs registered	unclear	unclear
new victims join the legend	victims become one of them	it passes to others
newcomers must greet the tree	strict taboos and house rules	break the rule and pay
nine sacrifices	it demands a sacrifice	everything has a price
ninety-second limit	death after a fixed time	death on a deadline
no children allowed	strict taboos and house rules	break the rule and pay
no electric light	strict taboos and house rules	break the rule and pay
no escape allowed	there is no escape	trapped with no way out
no escape from fate	fate is foretold and fixed	death sends warnings
no escape or help	there is no escape	trapped with no way out
no explanation given	unclear	unclear
no fear in the circle	facing fear weakens it	survivors can still win
no forgiveness for killing family	it punishes the guilty	it chooses who dies
no fuel, no escape	cut off from help	trapped with no way out
no help from locals	cut off from help	trapped with no way out
no help in the dark	cut off from help	trapped with no way out
no light but their own	cut off from help	trapped with no way out
no magic involved	it may not be real	reality comes apart
no mainland objects	strict taboos and house rules	break the rule and pay
no mirror reflection	a mark betrays what it is	only some can see it
no one believes	no one believes the victim	no one believes you
no one believes her	no one believes the victim	no one believes you
no one believes victim	no one believes the victim	no one believes you
no one comes back	there is no escape	trapped with no way out
no one lasts an hour	death after a fixed time	death on a deadline
no one may speak or laugh	stay silent and still	break the rule and pay
no one returns	there is no escape	trapped with no way out
no pain or disease	it never ages or dies	it has unnatural powers
no peace without forgiveness	righting the wrong ends it	it can be undone
no red allowed	strict taboos and house rules	break the rule and pay
no release from death	it never ages or dies	it has unnatural powers
no rescue possible	there is no escape	trapped with no way out
no return through hell's gates	there is no escape	trapped with no way out
no salvation by faith or science	remedies and rituals fail	nothing can stop it
no transgression, no punishment	it punishes the guilty	it chooses who dies
no way to call out	cut off from help	trapped with no way out
nobody believes it	no one believes the victim	no one believes you
not satisfied with one victim	it never stops coming	nothing can stop it
nothing is what it seems	it may not be real	reality comes apart
nothing protects you	remedies and rituals fail	nothing can stop it
number owners die	pass it on to survive	it passes to others
numbers mark the traps	signs reveal its presence	only some can see it
obedience spares pain	obedience keeps you safe	break the rule and pay
obey and be safe	obedience keeps you safe	break the rule and pay
obeying again means death	disobedience is punished	break the rule and pay
object returns	it always comes back	nothing can stop it
objects hold visions	visions show death coming	death sends warnings
objects move by themselves	powers of mind over matter	it has unnatural powers
obscene phone calls	it watches and stalks first	how it hunts
offerings cannot keep them away	remedies and rituals fail	nothing can stop it
older fetus more potent	feeding restores youth and strength	it must feed
omens foretell the end	omens announce a death	death sends warnings
once out, it leaves the box	never open it or free it	break the rule and pay
once tasted, it bites again	the hunger cannot be resisted	it must feed
one chance at redemption	it punishes the guilty	it chooses who dies
one child vanishes	victims picked by a rule	it chooses who dies
one hive mind	many share one mind	it has unnatural powers
one must live to remember	time bends and repeats	reality comes apart
one must survive to continue	passed down the family line	it passes to others
one survivor left blinded	unclear	unclear
one-month pregnancy	it grows and multiplies fast	it has unnatural powers
only a dream	it may not be real	reality comes apart
only comes on halloween	it returns on a cycle	death on a deadline
only kill those named	victims picked by a rule	it chooses who dies
only mate with own kind	strict taboos and house rules	break the rule and pay
only one language	spread by seeing, hearing or reading	it passes to others
only one person notices	only certain people see it	only some can see it
only others see her	only certain people see it	only some can see it
only she sees them	only certain people see it	only some can see it
only sure cure is total destruction	destroy or burn the remains	it has a fatal weakness
only the guilty targeted	it punishes the guilty	it chooses who dies
only the heirloom dagger kills	a special weapon or rite	it has a fatal weakness
only they see it	only certain people see it	only some can see it
open no door until last closed	strict taboos and house rules	break the rule and pay
openers fall sick	disobedience is punished	break the rule and pay
oracle bred through incest	passed down the family line	it passes to others
outsider rejected by society	suspicion falls on outsiders	people turn on each other
outsider spared as witness	some are always spared	it chooses who dies
outsiders absorbed into family	victims become one of them	it passes to others
outsiders protect their own	silence enforced by threats	people turn on each other
overdose causes mutation	a substance or charm changes it	the body changes
own life against others	games with deadly stakes	everything has a price
pact by signing a book	pacts and deals bind you	everything has a price
pain is optional	unclear	unclear
pain mirrored	linked bodies share harm	tied to place or thing
pain returns in sleep	unclear	unclear
painting death from life	the dead send messages	the dead do not rest
paranoia turns on scapegoats	suspicion falls on outsiders	people turn on each other
parents die after raising	unclear	unclear
pass him nothing sharp	strict taboos and house rules	break the rule and pay
passed down in family	passed down the family line	it passes to others
passes from person to person	it spreads like a sickness	it passes to others
passes on through contacts	spread by touch or wounds	it passes to others
passes owner to owner	pass it on to survive	it passes to others
past owners die	pass it on to survive	it passes to others
people become dummies	it transforms its victims	the body changes
perchta walks on twelfth night	it returns on a cycle	death on a deadline
personal item used in ritual	spells, drugs and mind control	it gets inside you
phone rings after viewing	omens announce a death	death sends warnings
phones jammed	cut off from help	trapped with no way out
photograph reveals the possessor	seen only in special ways	only some can see it
pigeons foretell death	omens announce a death	death sends warnings
pigs fear water	other weaknesses and limits	it has a fatal weakness
pins in wax figures	linked bodies share harm	tied to place or thing
plants wilt as warning	omens announce a death	death sends warnings
pleasure turns violent	certain acts set it off	how it hunts
pledge of love binds	pacts and deals bind you	everything has a price
pod splices two creatures	it grows and multiplies fast	it has unnatural powers
poison acts on second meal	its signature way of killing	how it hunts
poison mimics death	its signature way of killing	how it hunts
poison through the skin	its signature way of killing	how it hunts
poisoned toast	its signature way of killing	how it hunts
portal in the house	hidden doors and portals	reality comes apart
portal through mirror	hidden doors and portals	reality comes apart
portrait carries his sins	its power lives in an object	tied to place or thing
possess at night	it takes over the body	it gets inside you
possessed answers under hypnosis	spells, drugs and mind control	it gets inside you
possessed fall ill	it takes over the body	it gets inside you
possessed mothers kill children	it takes over the body	it gets inside you
possessed relive the past	it takes over the body	it gets inside you
possessed used as puppet	it takes over the body	it gets inside you
possesses a child	it takes over the body	it gets inside you
possesses and makes victims self-harm	it drives victims to self-harm	it gets inside you
possessing the secret marks you	victims are marked or cursed	it chooses who dies
possession via hair and doll	it takes over the body	it gets inside you
power bound to a scroll	its power lives in an object	tied to place or thing
power dies with its maker	destroy its source to end it	it has a fatal weakness
power driven by emotion	powers of mind over matter	it has unnatural powers
power follows desire	powers of mind over matter	it has unnatural powers
power harms others' bodies	powers of mind over matter	it has unnatural powers
power has a price	every power has a cost	everything has a price
power in a locket	its power lives in an object	tied to place or thing
power in her braid	its power lives in an object	tied to place or thing
power needs four	a ritual summons it	calling it brings it
powerless without fear	it feeds on fear or belief	it must feed
prayer for protection	prayer, faith and scripture protect	faith and charms protect
prayer holds the dead back	prayer, faith and scripture protect	faith and charms protect
prayer opposed by ghost	remedies and rituals fail	nothing can stop it
prayerless homes open to satan	prayer, faith and scripture protect	faith and charms protect
pregnancy makes you family	victims become one of them	it passes to others
premonition of death	visions show death coming	death sends warnings
preys on guilt	it preys on the vulnerable	it chooses who dies
preys on the depressed	it preys on the vulnerable	it chooses who dies
preys on the lonely	it preys on the vulnerable	it chooses who dies
preys on the weak	it preys on the vulnerable	it chooses who dies
promises protection	it lures victims to it	how it hunts
prophecy fulfilled	fate is foretold and fixed	death sends warnings
prophesied hero	fate is foretold and fixed	death sends warnings
protective chant with rocks	charms and rites protect	faith and charms protect
protective charm	charms and rites protect	faith and charms protect
protective circle	circles and marked barriers	faith and charms protect
protective flour circle	circles and marked barriers	faith and charms protect
protective spirit	charms and rites protect	faith and charms protect
protective symbols	charms and rites protect	faith and charms protect
protective token	charms and rites protect	faith and charms protect
protective verses	prayer, faith and scripture protect	faith and charms protect
protects itself	its body is unnaturally strong	it has unnatural powers
provoked by insults to fathers	certain acts set it off	how it hunts
provoked by mother's anger	certain acts set it off	how it hunts
psychic dreams inherited	passed down the family line	it passes to others
psychic link	minds linked to each other	it gets inside you
psychic link to a victim	minds linked to each other	it gets inside you
psychic link to followers	minds linked to each other	it gets inside you
psychic link to its host	minds linked to each other	it gets inside you
psychic link with insects	minds linked to each other	it gets inside you
psychic sight	visions show death coming	death sends warnings
punished for breaking tradition	disobedience is punished	break the rule and pay
punished for escape	disobedience is punished	break the rule and pay
punishes bad children	it punishes the guilty	it chooses who dies
punishment fits the sin	it punishes the guilty	it chooses who dies
pure woman's willing sacrifice	it demands a sacrifice	everything has a price
purify by burial, dismemberment or fire	destroy or burn the remains	it has a fatal weakness
quarantine	held in by seals and walls	tied to place or thing
rabies spreads among trolls	it spreads like a sickness	it passes to others
radiation and draining blood	unclear	unclear
rapid growth	it grows and multiplies fast	it has unnatural powers
reacts to holy water	holy water and blessed things	faith and charms protect
reading drives insane	spread by seeing, hearing or reading	it passes to others
real bodies left behind	it needs a host body	it gets inside you
real mother would see him	a mark betrays what it is	only some can see it
real name must not be used	never speak its name	break the rule and pay
recitation expels the jinn	exorcism drives it out	it can be undone
recited law keeps order	obedience keeps you safe	break the rule and pay
red lantern signals	omens announce a death	death sends warnings
redrawing changes the dream	dreams can kill	reality comes apart
refuse an undeserved life	unclear	unclear
refuse luck, then destroy	pacts and deals bind you	everything has a price
refusing suicide breaks hold	facing fear weakens it	survivors can still win
regenerates	it always comes back	nothing can stop it
reject your own mother	strict taboos and house rules	break the rule and pay
rejection provokes violence	certain acts set it off	how it hunts
rejoining head revives him	it always comes back	nothing can stop it
released by a holy man	exorcism drives it out	it can be undone
released by raising the child	every power has a cost	everything has a price
released by the cross	the cross repels it	faith and charms protect
removing the mark breaks hold	destroy its source to end it	it has a fatal weakness
removing the metal kills	other weaknesses and limits	it has a fatal weakness
repairs itself	it always comes back	nothing can stop it
repeating the dead's words brings harm	disobedience is punished	break the rule and pay
repeats past pattern	time bends and repeats	reality comes apart
repeats the past murders	time bends and repeats	reality comes apart
repelled by consecrated host	holy water and blessed things	faith and charms protect
repelled by garlic	garlic, iron, salt and herbs	faith and charms protect
repelled by light	light and fire hold it off	faith and charms protect
repelled by prayer	prayer, faith and scripture protect	faith and charms protect
repelled by wolfsbane	garlic, iron, salt and herbs	faith and charms protect
replaced while asleep	doubles replace the real people	it wears a familiar face
replicas do not bleed	a mark betrays what it is	only some can see it
rescue by entering spirit realm	fight back to survive	survivors can still win
rest once wrong is righted	righting the wrong ends it	it can be undone
restores youth	feeding restores youth and strength	it must feed
rests in native soil	bound to one place	tied to place or thing
resurrection by matching death	the dead rise again	the dead do not rest
retreats at cockcrow	safe once dawn comes	death on a deadline
return before sand runs out	death after a fixed time	death on a deadline
returned to the box	held in by seals and walls	tied to place or thing
returning it fails	remedies and rituals fail	nothing can stop it
returning treasure not enough	remedies and rituals fail	nothing can stop it
returns at a set hour	it strikes at a set hour	death on a deadline
returns each century	it returns on a cycle	death on a deadline
returns every 27 years	it returns on a cycle	death on a deadline
returns every few years	it returns on a cycle	death on a deadline
returns threefold	wishes and spells backfire	everything has a price
returns when discarded	it always comes back	nothing can stop it
revealed by footprints in snow	a mark betrays what it is	only some can see it
revealed by paint	a mark betrays what it is	only some can see it
revenge on a holy night	it strikes at a set hour	death on a deadline
reverse the ritual	banishing and binding rituals	it can be undone
reversed by killing head vampire	destroy its source to end it	it has a fatal weakness
reversible only with the fly	it can be cured	it can be undone
revived dead turn violent	the dead rise again	the dead do not rest
rifle cannot wound it	weapons do not hurt it	nothing can stop it
ring gives ownership	its power lives in an object	tied to place or thing
ringing the bell kills	its signature way of killing	how it hunts
rise at night	it comes in darkness or fog	how it hunts
rises under full moon	the moon brings the change	the body changes
ritual during lunar eclipse	a ritual summons it	calling it brings it
ritual fails if forged	a ritual summons it	calling it brings it
ritual has strict requirements	a ritual summons it	calling it brings it
ritual keeps them safe	charms and rites protect	faith and charms protect
ritual needs virgin blood	a ritual summons it	calling it brings it
rituals fail	remedies and rituals fail	nothing can stop it
rooms move	the place itself is alive	reality comes apart
sacred taboos	strict taboos and house rules	break the rule and pay
sacred text makes invisible	it cannot be seen	only some can see it
sacrifice before dawn	it demands a sacrifice	everything has a price
sacrifice may appease	it demands a sacrifice	everything has a price
sacrifice must be complete	it demands a sacrifice	everything has a price
sacrifice one or all die	it demands a sacrifice	everything has a price
sacrifice opens the gate	it demands a sacrifice	everything has a price
sacrilege must be cleansed	it punishes the guilty	it chooses who dies
safe on rock and rooftops	it hunts by sound	how it hunts
safety through obedience	obedience keeps you safe	break the rule and pay
said to carry a virus	authorities deny it or fail	no one believes you
satisfied by staged revenge	righting the wrong ends it	it can be undone
say name five times	saying its name calls it	calling it brings it
say name three times	saying its name calls it	calling it brings it
sceptic forced to believe	no one believes the victim	no one believes you
sceptic is the weakest link	no one believes the victim	no one believes you
school curfew	stay inside after dark	break the rule and pay
scream exposes humans	blend in to survive	break the rule and pay
screen is part of the brain	stories and screens become real	reality comes apart
screen predicts the future	visions show death coming	death sends warnings
scripture closes it	prayer, faith and scripture protect	faith and charms protect
sea goblins take swimmers	bound to one place	tied to place or thing
sealed by priests	banishing and binding rituals	it can be undone
sealed in quarantine	held in by seals and walls	tied to place or thing
search for the devil's mark	ordeals to prove guilt	people turn on each other
secret kept by threat	silence enforced by threats	people turn on each other
secret must be hidden	telling the secret kills	break the rule and pay
secret passages in walls	hidden doors and portals	reality comes apart
seduce the captor	fight back to survive	survivors can still win
see, hear, speak no evil	strict taboos and house rules	break the rule and pay
seen between the legs	seen only in special ways	only some can see it
seen by a clairvoyant	only certain people see it	only some can see it
seen in rain and fog	signs reveal its presence	only some can see it
seen only in recordings	seen only in special ways	only some can see it
seen only through special lenses	seen only in special ways	only some can see it
sees death before it comes	visions show death coming	death sends warnings
seizure as possession	it may not be real	reality comes apart
self-sacrifice passes the test	self-sacrifice ends it	survivors can still win
selling one's conscience damns	pacts and deals bind you	everything has a price
senses guilt by smell	it punishes the guilty	it chooses who dies
senses unbearably acute	other weaknesses and limits	it has a fatal weakness
seven days of fasting	a ritual summons it	calling it brings it
seven days of purification	charms and rites protect	faith and charms protect
seven gateways to hell	hidden doors and portals	reality comes apart
sewers link the killings	bound to one place	tied to place or thing
sex causes transformation	desire or anger brings the change	the body changes
sex equals death	desire and sex are punished	it chooses who dies
sex is punished	desire and sex are punished	it chooses who dies
sex linked to death	desire and sex are punished	it chooses who dies
shadow escorts the dying	omens announce a death	death sends warnings
shadows are alive	the place itself is alive	reality comes apart
shamans fail	remedies and rituals fail	nothing can stop it
shapeshifts at will	it changes shape at will	it has unnatural powers
shapeshifts into victims	it imitates people you love	it wears a familiar face
shared dream nearby	minds linked to each other	it gets inside you
shared hive mind	many share one mind	it has unnatural powers
shared wounds	linked bodies share harm	tied to place or thing
shares a soul with original	linked bodies share harm	tied to place or thing
ship will not let you leave	you cannot leave	trapped with no way out
shoot in the head	destroy the head or brain	it has a fatal weakness
shout pom to escape	fight back to survive	survivors can still win
shows your guilt and fears	it preys on the vulnerable	it chooses who dies
sickle keeps spirits away	charms and rites protect	faith and charms protect
side effect: smell	a substance or charm changes it	the body changes
sighting means a child dies	omens announce a death	death sends warnings
signal hides them	it hides behind a false identity	it wears a familiar face
signal hides under any picture	spells, drugs and mind control	it gets inside you
silence enforced by threats	silence enforced by threats	people turn on each other
silence keeps you safe	stay silent and still	break the rule and pay
silence protects	stay silent and still	break the rule and pay
silver bullets kill	a special weapon or rite	it has a fatal weakness
silver does not work	remedies and rituals fail	nothing can stop it
singing lures victims	it lures victims to it	how it hunts
single unbroken take	unclear	unclear
single use only	kept fed, dosed or chained	it must feed
six fingers mark the master	a mark betrays what it is	only some can see it
six men must die	it demands a sacrifice	everything has a price
sleep only after dawn	stay awake to survive	break the rule and pay
sleeps by day	it comes in darkness or fog	how it hunts
sleeps until master wakes him	spells, drugs and mind control	it gets inside you
sleepwalker must say she is asleep	dreams can kill	reality comes apart
sleepwalker sees the future	visions show death coming	death sends warnings
smells christians	a mark betrays what it is	only some can see it
son acts as mother's arms	it kills through others	it gets inside you
song warns of the threat	omens announce a death	death sends warnings
soul kept in a jar	its power lives in an object	tied to place or thing
sound triggers traps	it hunts by sound	how it hunts
spared by giving a treat	offerings and rites calm it	everything has a price
spares its own family	some are always spared	it chooses who dies
spares the one he loves	some are always spared	it chooses who dies
speaks at a seance	the dead send messages	the dead do not rest
speaks in whispers	signs reveal its presence	only some can see it
speaks through the possessed	it takes over the body	it gets inside you
special birth date	victims picked by a rule	it chooses who dies
spell by hypnosis	spells, drugs and mind control	it gets inside you
spell ends with her death	destroy its source to end it	it has a fatal weakness
spell needs victim's belonging	spells, drugs and mind control	it gets inside you
spells end with witch's death	destroy its source to end it	it has a fatal weakness
spells have consequences	wishes and spells backfire	everything has a price
spiral draws the eye	spells, drugs and mind control	it gets inside you
spirit expelled for host	exorcism drives it out	it can be undone
spirit food turns rotten	signs reveal its presence	only some can see it
spirit lingers 40 days	the dead linger among us	the dead do not rest
spirit lives in a host	it needs a host body	it gets inside you
spirit outlives execution	it always comes back	nothing can stop it
spirit passes down the female line	passed down the family line	it passes to others
spirit trapped in the house	bound to one place	tied to place or thing
spirits addressed through fire	the dead send messages	the dead do not rest
spirits cling to loved ones	the dead linger among us	the dead do not rest
spirits stay for a reason	the dead linger among us	the dead do not rest
spit to find which way up	unclear	unclear
spores would end humankind	it spreads like a sickness	it passes to others
spread by a bite	a bite passes it on	it passes to others
spread by bite	a bite passes it on	it passes to others
spread by blood	spread by blood and fluids	it passes to others
spread by bodily fluids	spread by blood and fluids	it passes to others
spread by fluid	spread by blood and fluids	it passes to others
spread by fluids	spread by blood and fluids	it passes to others
spread by scratch or bite	a bite passes it on	it passes to others
spread by sexual contact	spread by sex or a kiss	it passes to others
spread by words	spread by seeing, hearing or reading	it passes to others
spread through blood	spread by blood and fluids	it passes to others
spreading	it spreads like a sickness	it passes to others
spreads by eye contact	spread by seeing, hearing or reading	it passes to others
spreads by kiss	spread by sex or a kiss	it passes to others
spreads by spores	it spreads like a sickness	it passes to others
spreads by wound	spread by touch or wounds	it passes to others
spreads radiation	it spreads like a sickness	it passes to others
spreads through animals	it spreads like a sickness	it passes to others
spreads through obsession	spread by seeing, hearing or reading	it passes to others
spreads through sex and blood	spread by sex or a kiss	it passes to others
spreads through watching	spread by seeing, hearing or reading	it passes to others
spreads through water	it spreads like a sickness	it passes to others
spreads through wounds	spread by touch or wounds	it passes to others
spreads to other girls	it spreads like a sickness	it passes to others
spurned love means death	certain acts set it off	how it hunts
staged miracles	it may not be real	reality comes apart
staged motive as decoy	deaths hidden or covered up	people turn on each other
stages of sickness	stages and signs of infection	it passes to others
stake through heart	pierce or destroy the heart	it has a fatal weakness
stalked in advance	it watches and stalks first	how it hunts
starves captives first	its signature way of killing	how it hunts
stay inside the circle	circles and marked barriers	faith and charms protect
stay on the main road	stay on the path	break the rule and pay
stay on the road	stay on the path	break the rule and pay
steals a beloved object	its power lives in an object	tied to place or thing
stolen identity	it hides behind a false identity	it wears a familiar face
stopped by destroying chip	destroy its source to end it	it has a fatal weakness
stopped by fire	fire destroys it	it has a fatal weakness
stopped by playing a role	stories and screens become real	reality comes apart
stopped by removing amulet	destroy its source to end it	it has a fatal weakness
stopped by scripture	prayer, faith and scripture protect	faith and charms protect
stopped by self-sacrifice	self-sacrifice ends it	survivors can still win
stopped by shooting	ordinary force can kill it	it has a fatal weakness
stopped by unplugging	destroy its source to end it	it has a fatal weakness
stopped only by self-destruction	self-sacrifice ends it	survivors can still win
strangers must not enter	strict taboos and house rules	break the rule and pay
strict house rules	strict taboos and house rules	break the rule and pay
strikes at 3 a.m.	it strikes at a set hour	death on a deadline
strikes at 9:30 at night	it strikes at a set hour	death on a deadline
strikes on a set night	it strikes at a set hour	death on a deadline
stronger together	many share one mind	it has unnatural powers
stunned by chemical, killed by fire	fire destroys it	it has a fatal weakness
subliminal messages	spells, drugs and mind control	it gets inside you
suffering brings transcendence	unclear	unclear
suggestion needs a hidden wish	spells, drugs and mind control	it gets inside you
suicides go to hell	it punishes the guilty	it chooses who dies
summoned by a horn	a ritual summons it	calling it brings it
summoned by chanting	a ritual summons it	calling it brings it
summoned by feeding the dead	a ritual summons it	calling it brings it
summoned death must take a life	it demands a sacrifice	everything has a price
summoner and demon linked	linked bodies share harm	tied to place or thing
summoner must die	it demands a sacrifice	everything has a price
summoner sees the killings	minds linked to each other	it gets inside you
sunlight destroys	sunlight destroys it	it has a fatal weakness
sunlight expels it	sunlight destroys it	it has a fatal weakness
superstition blames the outsider	suspicion falls on outsiders	people turn on each other
suppressed by sedation	kept fed, dosed or chained	it must feed
surgery as sex	unclear	unclear
survive by passing it back	pass it on to survive	it passes to others
survive by self-mutilation	games with deadly stakes	everything has a price
survive by sharing it	pass it on to survive	it passes to others
survive the night for money	games with deadly stakes	everything has a price
survive until sunrise	safe once dawn comes	death on a deadline
survives fire	it cannot be killed	nothing can stop it
survivor shuts himself off	unclear	unclear
sutra would bring rest	proper burial or rites bring peace	it can be undone
swearing triggers the change	desire or anger brings the change	the body changes
switch every week	kept fed, dosed or chained	it must feed
switch off to banish	destroy its source to end it	it has a fatal weakness
tail cut at birth	a mark betrays what it is	only some can see it
takes familiar forms	it imitates people you love	it wears a familiar face
takes familiar shapes	it imitates people you love	it wears a familiar face
takes form of worst fear	it changes shape at will	it has unnatural powers
takes the shape of a lover	it imitates people you love	it wears a familiar face
takes unmarried girls	victims picked by a rule	it chooses who dies
talisman bearer must stay silent	stay silent and still	break the rule and pay
talismans are blasphemy	remedies and rituals fail	nothing can stop it
targets daughters' birthdays	victims picked by a rule	it chooses who dies
targets lonely men	it preys on the vulnerable	it chooses who dies
targets the pregnant	it preys on the vulnerable	it chooses who dies
targets the vulnerable one	it preys on the vulnerable	it chooses who dies
task within seven days	death after a fixed time	death on a deadline
tears prove innocence	ordeals to prove guilt	people turn on each other
telekinesis	powers of mind over matter	it has unnatural powers
telepathy links nervous systems	minds linked to each other	it gets inside you
terror creates the vision	it may not be real	reality comes apart
test of true identity	a mark betrays what it is	only some can see it
the blind see the truth	only certain people see it	only some can see it
the brain sees what it wants	it may not be real	reality comes apart
the change is painless	doubles replace the real people	it wears a familiar face
the child for your lives	it demands a sacrifice	everything has a price
the chosen must not be defended	victims are marked or cursed	it chooses who dies
the cross holds them back	the cross repels it	faith and charms protect
the dead appear to the living	the dead linger among us	the dead do not rest
the dead are imagined	it may not be real	reality comes apart
the dead kept as figures	it transforms its victims	the body changes
the dead may not be dead	it may not be real	reality comes apart
the dead reanimate	the dead rise again	the dead do not rest
the dead regrow	it always comes back	nothing can stop it
the dead return wrong	the dead rise again	the dead do not rest
the dead rise	the dead rise again	the dead do not rest
the dead wake and speak	the dead rise again	the dead do not rest
the double follows everywhere	it follows the person	tied to place or thing
the house is a living body	the place itself is alive	reality comes apart
the innocent are spared	some are always spared	it chooses who dies
the innocent may pass	some are always spared	it chooses who dies
the lost children never grow up	the dead linger among us	the dead do not rest
the opera is cursed	bound to one place	tied to place or thing
the queen chooses a victim	victims picked by a rule	it chooses who dies
the rock is forbidden	a place you must not enter	break the rule and pay
the sick are killed and burned	it spreads like a sickness	it passes to others
the snake kills the light	unclear	unclear
the spiral lives inside you	it takes over the body	it gets inside you
the spirit rules the hands	it takes over the body	it gets inside you
the strong one masters it	unclear	unclear
the two are one self	split selves share one body	it gets inside you
the urge cannot be overcome	the hunger cannot be resisted	it must feed
they mostly come at night	it comes in darkness or fog	how it hunts
those who help become targets	victims are marked or cursed	it chooses who dies
thousand-day limit	death after a fixed time	death on a deadline
three days to death	death after a fixed time	death on a deadline
three keys to the secret	signs reveal its presence	only some can see it
three mothers	unclear	unclear
three must be sacrificed	it demands a sacrifice	everything has a price
three nights' vigil	safe once dawn comes	death on a deadline
three stages of haunting	it grows bolder over time	how it hunts
three tasks	games with deadly stakes	everything has a price
three wishes	wishes and spells backfire	everything has a price
tie the body before opening	destroy or burn the remains	it has a fatal weakness
time loop	time bends and repeats	reality comes apart
time loops	time bends and repeats	reality comes apart
time running out	death after a fixed time	death on a deadline
time stops	time bends and repeats	reality comes apart
timer must be reset	death after a fixed time	death on a deadline
toe rings bind women	silence enforced by threats	people turn on each other
top, bottom and those who fall	unclear	unclear
torture produces confession	torture forces confession	people turn on each other
torture to confess	torture forces confession	people turn on each other
touch reveals sins	a mark betrays what it is	only some can see it
trace needs a long call	cut off from help	trapped with no way out
traces erased	deaths hidden or covered up	people turn on each other
trance and sleep	spells, drugs and mind control	it gets inside you
transformation by potion	a substance or charm changes it	the body changes
transformation into the role	the body slowly changes	the body changes
transformation spreads	it spreads like a sickness	it passes to others
transforms at full moon	the moon brings the change	the body changes
transforms people	it transforms its victims	the body changes
transforms under red moon	the moon brings the change	the body changes
transforms when angry	desire or anger brings the change	the body changes
transforms when aroused	desire or anger brings the change	the body changes
transforms when moon rises	the moon brings the change	the body changes
trap spirits in a vessel	held in by seals and walls	tied to place or thing
trapped and cut off	cut off from help	trapped with no way out
trapped by the storm	cut off from help	trapped with no way out
trapped in a car	you cannot leave	trapped with no way out
trapped in house	you cannot leave	trapped with no way out
trapped in one room	you cannot leave	trapped with no way out
trapped inside	you cannot leave	trapped with no way out
trapped on a train	you cannot leave	trapped with no way out
trapped until guilt admitted	it punishes the guilty	it chooses who dies
traps sense living bodies	certain acts set it off	how it hunts
traps victims inside	you cannot leave	trapped with no way out
travels through water	bound to one place	tied to place or thing
trees hold souls	its power lives in an object	tied to place or thing
trespassers become one of them	victims become one of them	it passes to others
trigger phrase wakes the hypnotised	spells, drugs and mind control	it gets inside you
triggered by repetitive stimuli	certain acts set it off	how it hunts
triggered by sex	desire or anger brings the change	the body changes
true form seen in reflection	a mark betrays what it is	only some can see it
trust no one	anyone could be the killer	it wears a familiar face
trust only family	anyone could be the killer	it wears a familiar face
turned by blood exchange	spread by blood and fluids	it passes to others
turned must be killed	victims become one of them	it passes to others
turning around means yes	the victim must agree	it must be let in
turns family against mother	it kills through others	it gets inside you
turns human in death	unclear	unclear
twins share pain	linked bodies share harm	tied to place or thing
two parallel worlds	hidden doors and portals	reality comes apart
unafraid until resisted	it grows bolder over time	how it hunts
unclean conscience unprotected	it punishes the guilty	it chooses who dies
uncontrolled transformation	desire or anger brings the change	the body changes
understanding a word infects	spread by seeing, hearing or reading	it passes to others
undo by reversing the ritual	banishing and binding rituals	it can be undone
undone by love	love protects and saves	survivors can still win
unharmed by bullets	weapons do not hurt it	nothing can stop it
unnatural reach	its body is unnaturally strong	it has unnatural powers
unnaturally old	it never ages or dies	it has unnatural powers
vampires are not immortal	other weaknesses and limits	it has a fatal weakness
vampires fear glutinous rice	garlic, iron, salt and herbs	faith and charms protect
vanishes in light	light and fire hold it off	faith and charms protect
vengeance has a price	every power has a cost	everything has a price
vertical burial	proper burial or rites bring peace	it can be undone
victim becomes vampire	victims become one of them	it passes to others
victim blamed	no one believes the victim	no one believes you
victim cannot hear	it preys on the vulnerable	it chooses who dies
victim marked by pentagram	victims are marked or cursed	it chooses who dies
victim marked with an x	victims are marked or cursed	it chooses who dies
victim must meet requirements	victims picked by a rule	it chooses who dies
victim must take it unknowingly	pass it on to survive	it passes to others
victim not believed	no one believes the victim	no one believes you
victim of mixed blood	victims picked by a rule	it chooses who dies
victim relives the crime	time bends and repeats	reality comes apart
victim trapped inside self	it needs a host body	it gets inside you
victim unseen by the living	the dead do not know	the dead do not rest
victims become mannequins	it transforms its victims	the body changes
victims become rabid	victims become one of them	it passes to others
victims become vampires	victims become one of them	it passes to others
victims blinded and silenced	silence enforced by threats	people turn on each other
victims choose their monster	victims picked by a rule	it chooses who dies
victims chosen by nationality	victims picked by a rule	it chooses who dies
victims face the wall	its signature way of killing	how it hunts
victims fade into stains	its signature way of killing	how it hunts
victims forget the attack	spells, drugs and mind control	it gets inside you
victims kept in the house	kept fed, dosed or chained	it must feed
victims kill themselves	it drives victims to self-harm	it gets inside you
victims lobotomised and kept	kept fed, dosed or chained	it must feed
victims marked	victims are marked or cursed	it chooses who dies
victims must choose freely	the victim must agree	it must be let in
victims must take the bet	the victim must agree	it must be let in
victims repeat one phrase	spread by seeing, hearing or reading	it passes to others
victims return as vampires	victims become one of them	it passes to others
victims revive as vampires	victims become one of them	it passes to others
victims see their own death	visions show death coming	death sends warnings
victims thank their killer	spells, drugs and mind control	it gets inside you
victims transform	it transforms its victims	the body changes
victims turn	victims become one of them	it passes to others
victims turn into vampires	victims become one of them	it passes to others
viewers pulled into film	stories and screens become real	reality comes apart
viewing causes hallucinations	spread by seeing, hearing or reading	it passes to others
violence returns on the violent	it punishes the guilty	it chooses who dies
virgin dies last or survives	some are always spared	it chooses who dies
visible again in death	it cannot be seen	only some can see it
visible only in photographs	seen only in special ways	only some can see it
visible only on film	seen only in special ways	only some can see it
visible only through the machine	seen only in special ways	only some can see it
visible only to cursed	only certain people see it	only some can see it
visible only to the cursed	only certain people see it	only some can see it
visions are not real	it may not be real	reality comes apart
visions misread	visions show death coming	death sends warnings
visions shared by spouse	minds linked to each other	it gets inside you
visions through touch	minds linked to each other	it gets inside you
visit means death	omens announce a death	death sends warnings
voice commands murder	it kills through others	it gets inside you
vulnerable for seven days	death after a fixed time	death on a deadline
wait until third crow	strict taboos and house rules	break the rule and pay
walks, never stops	it never stops coming	nothing can stop it
wall inscription protects	circles and marked barriers	faith and charms protect
walls do not keep it out	remedies and rituals fail	nothing can stop it
warded by charm	charms and rites protect	faith and charms protect
warded off by crucifix	the cross repels it	faith and charms protect
warded off by ritual	charms and rites protect	faith and charms protect
wardrobe must not be mentioned	never speak its name	break the rule and pay
warnings dismissed	warnings are ignored	no one believes you
warnings not believed	warnings are ignored	no one believes you
warns of coming deaths	omens announce a death	death sends warnings
watches unseen	it watches and stalks first	how it hunts
watching footage possesses	spread by seeing, hearing or reading	it passes to others
water ordeal	ordeals to prove guilt	people turn on each other
water turns them back	running water stops it	faith and charms protect
weak heart	other weaknesses and limits	it has a fatal weakness
weak in daylight	sunlight destroys it	it has a fatal weakness
weak to cleaning products	other weaknesses and limits	it has a fatal weakness
weak to cold	other weaknesses and limits	it has a fatal weakness
weak to divine power	holy water and blessed things	faith and charms protect
weak to garlic	garlic, iron, salt and herbs	faith and charms protect
weak to high-pitched sound	other weaknesses and limits	it has a fatal weakness
weak to holy objects	holy water and blessed things	faith and charms protect
weak to holy symbol	the cross repels it	faith and charms protect
weak to running water	running water stops it	faith and charms protect
weak to salt, holy water, sunlight	holy water and blessed things	faith and charms protect
weak to stakes and holy water	pierce or destroy the heart	it has a fatal weakness
weak to the cross	the cross repels it	faith and charms protect
weak to trident and fire	a special weapon or rite	it has a fatal weakness
weakened by extinguishing a lamp	destroy its source to end it	it has a fatal weakness
weakened by mockery	facing fear weakens it	survivors can still win
wears a false identity	it hides behind a false identity	it wears a familiar face
what you own comes home	the dead rise again	the dead do not rest
whole family must be present	a ritual summons it	calling it brings it
will draw him to death	it lures victims to it	how it hunts
will not leave without him	the dead linger among us	the dead do not rest
wishes go wrong	wishes and spells backfire	everything has a price
witch cat closes doors	powers of mind over matter	it has unnatural powers
witches can raise hail	powers of mind over matter	it has unnatural powers
witnesses are blinded	telling the secret kills	break the rule and pay
witnesses fall under its spell	spells, drugs and mind control	it gets inside you
women die in childbirth	passed down the family line	it passes to others
women excluded from the order	strict taboos and house rules	break the rule and pay
worshipped as god	unclear	unclear
wounds transfer	linked bodies share harm	tied to place or thing
wounds turn the victim	spread by touch or wounds	it passes to others
written words keep monsters out	circles and marked barriers	faith and charms protect
yellow is the safe color	charms and rites protect	faith and charms protect
zombie does not bleed	a mark betrays what it is	only some can see it
zombification is attempted murder	unclear	unclear
